raw_value,records,mapped,rule
not stated on the portal listing (dataset page not read),15908,not_stated,not_stated
CC-BY-4.0,9234,attribution,named_licence
政府資料開放授權條款-第1版,2959,other,fallback_other
not stated (no licence or terms statement on the provider pages read on 2026-09-28),1269,not_stated,not_stated
not stated in the Mobility Database listing (licence field empty),1153,not_stated,not_stated
MIT,1139,permissive_code,named_licence
Licence Ouverte v2.0 (Etalab),1021,attribution,named_licence
not stated in the list entry (source page not read),1012,not_stated,not_stated
CC0-1.0,953,public_domain,named_licence
Creative Commons Attribution,942,attribution,named_licence
CC-BY (version not stated),794,attribution,named_licence
not stated on the toolkit page (no licence or terms statement seen),792,not_stated,not_stated
CC BY 4.0,742,attribution,named_licence
CC-BY-3.0-AU,684,attribution,named_licence
ODbL-1.0,581,share_alike,named_licence
as linked on the portal listing (https://www.etalab.gouv.fr/licence-ouverte-open-licence),562,attribution,named_licence
ODC-By-1.0,491,attribution,named_licence
not stated (no licence in the DataCite metadata read on 2026-09-29),455,not_stated,not_stated
public domain (as labelled on the portal),454,public_domain,keyword
set per dataset on the portal,419,varies,keyword
GPL-3.0,403,copyleft_code,named_licence
not stated (only a site copyright notice on the provider pages read on 2026-09-28),379,not_stated,not_stated
クリエイティブ・コモンズ 表示（CC BY）,370,attribution,named_licence
"licence code ""lsba"" on the portal (not expanded on the listing)",366,provider_terms,keyword
other licence as labelled on the portal (terms not stated),336,not_stated,not_stated
"U.S. federal government work, public domain (as labelled on the portal)",328,public_domain,named_licence
CC BY 4.0 (https://creativecommons.org/licenses/by/4.0/),327,attribution,named_licence
no restriction on use (이용허락범위 제한 없음),317,public_domain,keyword
CC-BY-SA-4.0,316,share_alike,named_licence
Apache-2.0,313,permissive_code,named_licence
UK Open Government Licence (OGL),305,attribution,named_licence
BSD-3-Clause,297,permissive_code,named_licence
Korea Public Data Portal: permitted use without restriction (이용허락범위 제한 없음),288,public_domain,keyword
Open Government Licence - Canada (as labelled on the portal),272,attribution,named_licence
Licence Ouverte (Etalab) (https://www.etalab.gouv.fr/wp-content/uploads/2014/05/Licence_Ouverte.pdf),259,attribution,named_licence
not stated on the portal listing (data set page not read),259,not_stated,not_stated
opendata.swiss terms of use: open use,250,attribution,keyword
as linked on the portal listing (https://creativecommons.org/licenses/by/4.0/),235,attribution,named_licence
Public Domain,234,public_domain,keyword
Licence Ouverte v2.0 (Etalab) (https://www.etalab.gouv.fr/wp-content/uploads/2017/04/ETALAB-Licence-Ouverte-v2.0.pdf),233,attribution,named_licence
not stated on the wiki page (source page not read),229,not_stated,not_stated
"CC-BY-4.0 (labelled ""Creative Commons Attribution"" on the DesignSafe project)",200,attribution,named_licence
CC BY (https://creativecommons.org/licenses/by/4.0/),198,attribution,named_licence
Attribution (CC-BY 4.0),192,attribution,named_licence
as linked on the portal listing (http://inspire.ec.europa.eu/metadata-codelist/ConditionsApplyingToAccessAndUse/noConditionsApply),185,provider_terms,keyword
as linked on the portal listing (http://opendatacommons.org/licenses/odbl/summary/),171,share_alike,named_licence
Creative Commons 4.0 Attribution (CC-BY) licence – Quebec,168,attribution,named_licence
"Esri Master License Agreement (terms of use of the source layer, not read)",168,not_stated,not_stated
CC BY,161,attribution,named_licence
not stated in the catalogue entry (source page not read),160,not_stated,not_stated
not stated on the factsheet,154,not_stated,not_stated
OGL-UK-3.0,153,attribution,named_licence
CC BY 4.0 (https://creativecommons.org/licenses/by/4.0/deed.en),142,attribution,named_licence
not stated on the page read,142,not_stated,not_stated
other open licence as labelled on the portal (terms not stated),134,not_stated,not_stated
as linked on the portal listing (https://www.etalab.gouv.fr/wp-content/uploads/2014/05/Licence_Ouverte.pdf),133,attribution,named_licence
cc-by-4.0,132,attribution,named_licence
Open licentie CC0 - Universeel (https://infrabel.opendatasoft.com/pages/license/),128,public_domain,named_licence
Open Database License (ODbL) (https://data.sncf.com/pages/licence),126,share_alike,named_licence
as linked on the portal listing (http://inspire.ec.europa.eu/metadata-codelist/ConditionsApplyingToAccessAndUse/conditionsUnknown),126,not_stated,not_stated
CC-BY-NC-4.0,125,non_commercial,named_licence
"U.S. federal government work, not copyrighted, unrestricted public use (as stated on the hub)",124,public_domain,named_licence
Open Government Licence - British Columbia,114,attribution,named_licence
"opendata.swiss terms of use: open use, the source must be given",109,attribution,keyword
Not stated,107,not_stated,not_stated
the data owner's own terms of use (see the dataset page),106,provider_terms,keyword
CC-BY-SA (version not stated),103,share_alike,named_licence
see the terms of use on the portal (no named licence),102,not_stated,not_stated
Climate-ADAPT content (EEA reuse policy),96,attribution,keyword
not stated (provider pages not readable from the cloud on 2026-09-28),96,not_stated,not_stated
Northern Powergrid Open Data Licence v1.0 (https://northernpowergrid.opendatasoft.com/p/opendatalicence/),95,attribution,keyword
CC0 1.0,92,public_domain,named_licence
AGPL-3.0,90,copyleft_code,named_licence
licence given by link only (https://nap.transportes.gob.es/licencia-datos),90,provider_terms,keyword
not stated,86,not_stated,not_stated
as linked on the portal listing (https://creativecommons.org/licenses/by/4.0/deed.de),83,attribution,named_licence
other-open,81,attribution,open_or_free
Open Database License (ODC-ODbL),80,share_alike,named_licence
"terms set by the site, not read in this search",79,not_stated,not_stated
CC-BY-2.5,77,attribution,named_licence
Government of Japan Standard Terms of Use (compatible with CC-BY-4.0),73,attribution,named_licence
CC-BY-NC-SA-4.0,71,non_commercial,named_licence
Open Government Licence - Yukon,67,attribution,named_licence
as linked on the portal listing (http://www.opendefinition.org/licenses/cc-by),66,attribution,named_licence
as linked on the portal listing (http://data.gov.hr/otvorena-dozvola),65,other,fallback_other
GPL-2.0,63,copyleft_code,named_licence
"No license, or terms of use, asserted by data producer for this dataset was found.",63,not_stated,not_stated
Open Government Licence - Alberta,63,attribution,named_licence
CC-BY,61,attribution,named_licence
Istanbul Metropolitan Municipality Open Data License,60,attribution,keyword
Open Government Licence – Ontario,60,attribution,named_licence
Access Only,59,proprietary,keyword
DL-DE-BY-2.0,59,attribution,named_licence
Elia Open Data Licence (/pages/licence),59,attribution,keyword
CC-BY-NC-ND-4.0,57,non_commercial,named_licence
Licence ODbL 1.0 (http://opendatacommons.org/licenses/odbl/),56,share_alike,named_licence
Creative Commons - CC0 (http://www.opendefinition.org/licenses/cc-by/),55,public_domain|attribution,named_licence
Custom (Other),55,other,fallback_other
BSD-2-Clause,54,permissive_code,named_licence
https://data.sbb.ch/page/licence,54,provider_terms,keyword
as linked on the portal listing (http://creativecommons.org/licenses/by-nc/2.0/cc-by-sa-4.0),53,non_commercial|share_alike,named_licence
Not stated on the page read,52,not_stated,not_stated
LGPL-3.0,51,copyleft_code,named_licence
proprietary,51,proprietary,keyword
Licence Ouverte (https://www.etalab.gouv.fr/wp-content/uploads/2014/05/Licence_Ouverte.pdf),50,attribution,named_licence
Elia Open Data Licence,49,attribution,keyword
Open Data Commons Open Database License (ODbL),49,share_alike,named_licence
Open Jordonian License,48,provider_terms,keyword
set per dataset in the repository (not stated on the homepage),48,not_stated,not_stated
GPL-3.0-or-later,47,copyleft_code,named_licence
not stated (no licence in the Dataverse metadata read on 2026-09-29),47,not_stated,not_stated
not stated (the data licence was not read at the repository; the article itself is open access),47,not_stated,not_stated
OTL (as labelled on the portal),46,other,fallback_other
Licencia de DAG de Uruguay,45,attribution,manual
Licence Ouverte,44,attribution,named_licence
as linked on the portal listing (http://creativecommons.org/publicdomain/zero/1.0/),44,public_domain,named_licence
licence given by link only (https://www.trafiklab.se/api/gtfs-datasets/gtfs-regional/#licence),44,provider_terms,keyword
CC-BY-2.5-AU,42,attribution,named_licence
CC-BY-4.0 (as tagged in the list),42,attribution,named_licence
Open Data Commons Public Domain Dedication and License,42,public_domain,named_licence
Public domain (U.S. federal government work),42,public_domain,named_licence
Creative Commons 1.0 Universal (Public Domain Dedication),41,public_domain,keyword
Licence Ouverte v2.0 (https://www.etalab.gouv.fr/wp-content/uploads/2017/04/ETALAB-Licence-Ouverte-v2.0.pdf),41,attribution,named_licence
Not specified,41,not_stated,not_stated
Creative Commons Non-Commercial (Any),40,non_commercial,keyword
Open Data Commons Public Domain Dedication and License (PDDL),40,public_domain,named_licence
cc-zero,40,public_domain,named_licence
a licence or disclaimer text is given on the hub listing (The National Risk Index (the Risk Index or the Index) and its associated data are meant for planning purposes only. This ...); terms not read in full,39,not_stated,not_stated
not stated in the list entry (repository not read),39,not_stated,not_stated
CC-BY (Creative Commons Atribuição; version not stated in the portal metadata),38,attribution,named_licence
CC-BY4.0,38,other,fallback_other
CC BY 3,37,attribution,named_licence
Creative Commons Attribution International (CC BY),37,attribution,named_licence
Creative Commons CC0 1.0 Universal,37,public_domain,named_licence
Licence ODbL Version Française (https://doc.transport.data.gouv.fr/le-point-d-acces-national/cadre-juridique/conditions-dutilisation-des-donnees/licence-odbl),37,share_alike,named_licence
Modellicentie Gratis Hergebruik (https://www.vlaanderen.be/digitaal-vlaanderen/onze-oplossingen/open-data/voorwaarden-voor-het-hergebruik-van-overheidsinformatie/modellicentie-gratis-hergebruik),36,attribution,open_or_free
Not stated on the pages read,36,not_stated,not_stated
Other,36,other,fallback_other
as linked on the portal listing (https://creativecommons.org/licenses/by/4.0/deed.lt),36,attribution,named_licence
https://creativecommons.org/licenses/by/4.0/,36,attribution,named_licence
Proprietary,35,proprietary,keyword
licence given by link only (https://www.bctransit.com/open-data/terms-of-use),35,provider_terms,keyword
licence given by link only (https://www.nationalarchives.gov.uk/doc/open-government-licence/version/3/),35,provider_terms,keyword
CC-BY-3.0,34,attribution,named_licence
Creative Commons Attribution for Intergovernmental Organisations (CC BY-IGO),34,attribution,named_licence
Open Government Licence - Vancouver (https://opendata.vancouver.ca/pages/licence/),34,attribution,named_licence
MPL-2.0,33,copyleft_code,named_licence
Creative Commons Attribution-NonCommercial-NoDerivatives 4.0,32,non_commercial,named_licence
Open Government Licence - Canada,32,attribution,named_licence
BSD-3-Clause (as given in the list),31,permissive_code,named_licence
Creative Commons Atribuição,31,attribution,named_licence
Licence Ouverte (Etalab),30,attribution,named_licence
cc-by,30,attribution,named_licence
CC-BY-SA-3.0,29,share_alike,named_licence
Other (Open),29,attribution,open_or_free
arXiv non-exclusive distribution licence (the paper; no open reuse licence),29,provider_terms,manual
CC BY (https://creativecommons.org/licenses/by/4.0/legalcode),28,attribution,named_licence
CC BY 4.0 (article),28,attribution,named_licence
Data licence Germany – attribution – Version 2.0,28,attribution,named_licence
Canada Open Government Licence,27,attribution,named_licence
Licence Ouverte-LO (https://www.etalab.gouv.fr/licence-ouverte-open-licence),27,attribution,named_licence
MIT (as given in the list),27,permissive_code,named_licence
Open data license - FLUVIUS (https://opendata.fluvius.be/p/licentieopendatafluvius),27,attribution,keyword
licence given by link only (https://www.goswift.ly/api-license),27,provider_terms,keyword
unspecified,27,not_stated,not_stated
CC BY-NC 4.0,26,non_commercial,named_licence
CC-BY-2.1,26,attribution,named_licence
Etalab,26,attribution,named_licence
Licence Ouverte / Open Licence,26,attribution,named_licence
as linked on the portal listing (https://creativecommons.org/licenses/by/4.0/deed.sk),26,attribution,named_licence
Open Government Licence v3.0,25,attribution,named_licence
licence given by link only (https://www.goswift.ly/api-license); not stated in the Mobility Database listing (licence field empty),25,not_stated,not_stated
Public Data License 1.0,24,not_stated,keyword
as linked on the portal listing (https://creativecommons.org/licenses/by/4.0/legalcode.es),24,attribution,named_licence
as linked on the portal listing (https://www.govdata.de/dl-de/zero-2-0),24,public_domain,named_licence
not stated on the page,24,not_stated,not_stated
not stated on the pages read,24,not_stated,not_stated
Creative Commons Attribution Share-Alike (CC BY-SA),23,share_alike,named_licence
Custom (Government Use),23,other,fallback_other
DL-DE-ZERO-2.0,23,public_domain,named_licence
Licence Ouverte-LO (https://www.etalab.gouv.fr/wp-content/uploads/2017/04/ETALAB-Licence-Ouverte-v2.0.pdf),23,attribution,named_licence
ODC-BY-1.0,23,attribution,named_licence
Open Database License (ODbL) (https://data.sncf.com/pages/cgu/A1#A1),23,share_alike,named_licence
proprietary (as flagged in the list),23,proprietary,keyword
EUPL-1.2,22,copyleft_code,named_licence
terms recorded on the dataset page: The data are provided under the Harvard University Site License. These data must be used in compliance with the Site License. This means that the data,22,provider_terms,keyword
CC BY-SA 4.0,21,share_alike,named_licence
Singapore Open Data Licence,21,attribution,keyword
3-Clause BSD License,20,permissive_code,named_licence
CC-BY-2.5-AR,20,attribution,named_licence
Creative Commons Attribution 4.0,20,attribution,named_licence
Creative Commons Attribution Share-Alike 4.0,20,share_alike,named_licence
Licence Ouverte 2.0 (Etalab) (https://www.etalab.gouv.fr/wp-content/uploads/2017/04/ETALAB-Licence-Ouverte-v2.0.pdf),20,attribution,named_licence
"US Government work, public domain (no licence statement on the page read)",20,public_domain,named_licence
as linked on the portal listing (http://www.opendefinition.org/licenses/cc-zero),20,public_domain,named_licence
CC BY-NC-SA 4.0,19,non_commercial,named_licence
Creative Commons Attribution Share-Alike,19,share_alike,named_licence
Norwegian Licence for Open Government Data (NLOD) 2.0,19,attribution,named_licence
US Government work (public domain),19,public_domain,named_licence
"custom rights statement written on the portal listing (long text, see the linked page)",19,other,fallback_other
licence given by link only (https://www.agri.ee/regionaalareng-uhistransport/uhistransport-ja-reisimine/uhistranspordiregistri-avaandmed),19,provider_terms,keyword
non-commercial use only under the download site terms,19,non_commercial,keyword
CC-BY-4.0 (article),18,attribution,named_licence
Creative Commons Attribution 2.5 Australia,18,attribution,named_licence
Creative Commons CCZero,18,public_domain,named_licence
European Commission reuse notice,18,provider_terms,keyword
"European Commission reuse notice, CC-BY-4.0",18,attribution,named_licence
custom_other,18,other,fallback_other
https://creativecommons.org/licenses/by/4.0,18,attribution,named_licence
not stated on the hub listing (dataset page not read),18,not_stated,not_stated
CC-BY-IGO-3.0,17,attribution,named_licence
Creative Commons Zero v1.0 Universal,17,public_domain,named_licence
Datenlizenz Deutschland - Namensnennung - Version 2.0,17,attribution,named_licence
not read,17,not_stated,not_stated
proprietary (commercial),17,proprietary,keyword
Creative Commons Attribution 2.1 JP,16,attribution,named_licence
GPL,16,copyleft_code,named_licence
CC-BY-NC-3.0,15,non_commercial,named_licence
GPL-3.0-only,15,copyleft_code,named_licence
Nova Scotia Open Government Licence,15,attribution,named_licence
Open Government Licence – Nova Scotia,15,attribution,named_licence
"as linked on the portal listing (http://opendatacommons.org/licenses/odbl/summary/), as linked on the portal listing (https://www.etalab.gouv.fr/licence-ouverte-open-licence)",15,share_alike|attribution,named_licence
custom_active_acceptance,15,other,fallback_other
open-government-licence-toronto,15,provider_terms,keyword
CC BY-NC-ND (https://creativecommons.org/licenses/by-nc-nd/4.0/),14,non_commercial,named_licence
Creative Commons Attribution 4.0 (as given on the registry page),14,attribution,named_licence
"Korea Open Government Licence type 1 (attribution), as stated on the public data portal",14,attribution,named_licence
Licence Ouverte version 2.0 (https://www.etalab.gouv.fr/wp-content/uploads/2017/04/ETALAB-Licence-Ouverte-v2.0.pdf),14,attribution,named_licence
License not specified,14,not_stated,not_stated
Open Government Licence v3.0 (https://www.nationalarchives.gov.uk/doc/open-government-licence/version/3/),14,attribution,named_licence
Public domain (US government work),14,public_domain,named_licence
This resource is shared under the Creative Commons Attribution CC BY.,14,attribution,named_licence
as linked on the portal listing (http://creativecommons.org/licenses/by/4.0/deed.es),14,attribution,named_licence
as linked on the portal listing (http://creativecommons.org/publicdomain/zero/1.0/deed.nl),14,public_domain,named_licence
as linked on the portal listing (http://inspire.ec.europa.eu/metadata-codelist/LimitationsOnPublicAccess/noLimitations),14,other,fallback_other
not stated (repository terms of use not read; each deposit carries its own licence),14,not_stated,not_stated
terms recorded on the dataset page: None,14,provider_terms,keyword
"CC-BY-4.0 (the paper, as linked on its arXiv abstract page)",13,attribution,named_licence
CC-PDDC,13,public_domain,manual
Cadent Gas Data Sharing Agreement,13,provider_terms,keyword
Creative Commons Attribution 3.0 Australia,13,attribution,named_licence
GPL-2.0-or-later,13,copyleft_code,named_licence
Licence Ouverte / Open Licence 2.0,13,attribution,named_licence
Norwegian Licence for Open Government Data 1.0,13,attribution,named_licence
Open Database License-ODBL (http://opendatacommons.org/licenses/odbl/),13,share_alike,named_licence
Open Government Licence 3.0 (https://www.nationalarchives.gov.uk/doc/open-government-licence/version/3/),13,attribution,named_licence
Public Domain (https://en.wikipedia.org/wiki/Public_domain),13,public_domain,keyword
not stated (no licence in the DataCite metadata read on 2026-10-01),13,not_stated,not_stated
odc-odbl,13,share_alike,named_licence
"other open licence (terms as labelled on the portal, not read)",13,not_stated,not_stated
AGPL-3.0-or-later,12,copyleft_code,named_licence
CC0,12,public_domain,named_licence
FAO terms: statistical databases fall under the FAO Open Data Licensing Policy and Statistical Databases Terms of Use (licence of this database not named on the pages read),12,not_stated,not_stated
License Not Specified,12,not_stated,not_stated
Open Data Commons Open Database License (ODbL) (https://data.sncf.com/pages/licence),12,share_alike,named_licence
Open Database License (https://www.opendatacommons.org/licenses/odbl/1.0/),12,share_alike,named_licence
Public domain (U.S. Government work),12,public_domain,named_licence
"as linked on the portal listing (https://www.etalab.gouv.fr/licence-ouverte-open-licence), as linked on the portal listing (https://www.etalab.gouv.fr/wp-content/uploads/2014/05/Licence_Ouverte.pdf)",12,attribution,named_licence
as linked on the portal listing (https://www.opendatalapalma.es/pages/avisolegal),12,other,fallback_other
licence given by link only (https://github.com/Egezenn/kk-gtfs/blob/main/DATA_LICENSE),12,provider_terms,keyword
not stated (data set page not reachable on 2026-10-01; the paper is under the journal terms),12,not_stated,not_stated
not stated (no licence or terms statement on the paper read on 2026-09-29),12,not_stated,not_stated
"not stated in the DesignSafe listing (publication licences offered are CC BY 4.0, ODC-By, CC0 and GPL; project page not read)",12,not_stated,not_stated
terms recorded on the dataset page: For educational non-commercial use only. This data may not be redistributed by HGL users. King County data are made available with the understanding t,12,non_commercial,keyword
AFL-3.0,11,permissive_code,named_licence
CC-BY2.1,11,other,fallback_other
Creative Commons Attribution 3.0,11,attribution,named_licence
Creative Commons Attribution | Share Alike 4.0 International,11,attribution,named_licence
GPL-3.0 (as given in the list),11,copyleft_code,named_licence
Licence Ouverte 2.0,11,attribution,named_licence
NYC Open Data terms of use,11,provider_terms,keyword
PDDL-1.0,11,public_domain,named_licence
Public Domain U.S. Government,11,public_domain,named_licence
"as linked on the portal listing (http://inspire.ec.europa.eu/metadata-codelist/ConditionsApplyingToAccessAndUse/noConditionsApply), as linked on the portal listing (https://creativecommons.org/licenses/by/4.0/)",11,attribution,named_licence
as linked on the portal listing (http://www.gobiernodecanarias.org/istac/aviso_legal.html),11,other,fallback_other
as linked on the portal listing (https://creativecommons.org/licenses/by/4.0/deed.es),11,attribution,named_licence
as linked on the portal listing (https://creativecommons.org/licenses/by/4.0/legalcode.de),11,attribution,named_licence
as linked on the portal listing (https://www.ine.es/aviso_legal),11,other,fallback_other
cc-by-nc-4.0,11,non_commercial,named_licence
licence given by link only (https://data.ny.gov/download/77gx-ii52/application/pdf),11,provider_terms,keyword
not stated (no licence or terms statement on the provider page read on 2026-09-29),11,not_stated,not_stated
4TU General Terms of Use,10,provider_terms,keyword
CC BY 3 (https://creativecommons.org/licenses/by/3.0/au/),10,attribution,named_licence
"CC-BY-4.0, European Commission reuse notice",10,attribution,named_licence
Creative Commons Attribution License 4.0 (cc-by 4.0) (https://creativecommons.org/licenses/by/4.0/legalcode),10,attribution,named_licence
Custom (Active Acceptance),10,other,fallback_other
EPL-2.0,10,copyleft_code,named_licence
GPL-3.0 (provider repository label; exact version-or-later terms not independently inspected),10,copyleft_code,named_licence
LGPL-2.1,10,copyleft_code,named_licence
Open Government Licence v2,10,attribution,named_licence
Public domain (US government work; EIA asks for acknowledgement),10,public_domain,named_licence
Publisher copyright (subscription article),10,proprietary,keyword
Unlicense,10,public_domain,named_licence
arXiv non-exclusive distribution licence (authors retain copyright; no open reuse licence),10,provider_terms,manual
as linked on the portal listing (https://creativecommons.org/licenses/by/4.0/deed.es_ES),10,attribution,named_licence
"as linked on the portal listing (https://www.etalab.gouv.fr/licence-ouverte-open-licence), as linked on the portal listing (http://opendatacommons.org/licenses/odbl/summary/)",10,share_alike|attribution,named_licence
"as linked on the portal listing (https://www.etalab.gouv.fr/wp-content/uploads/2014/05/Licence_Ouverte.pdf), as linked on the portal listing (https://www.etalab.gouv.fr/licence-ouverte-open-licence)",10,attribution,named_licence
cc-by-nc-nd-4.0,10,non_commercial,named_licence
licence given by link only (https://www.nvbw.de/open-data/fahrplandaten/fahrplandaten-mit-liniennetz),10,permissive_code,named_licence
not stated (the WDST pages read on 2026-09-30 carry only the notice 'Kentucky Water Resources Research Institute copyright 2016' and no reuse terms),10,not_stated,not_stated
not stated for the software; the describing arXiv preprint is under the arXiv non-exclusive distribution licence,10,not_stated,not_stated
not stated on the NLR page,10,not_stated,not_stated
not stated on the home page,10,not_stated,not_stated
notspecified,10,other,fallback_other
other closed licence (terms not stated in the catalogue entry),10,not_stated,not_stated
Apache-2.0 (as given in the list),9,permissive_code,named_licence
CC BY-NC-ND 4.0,9,non_commercial,named_licence
CC-BY (https://creativecommons.org/licenses/by/4.0/),9,attribution,named_licence
CC-BY-4.0 (European Commission reuse policy: EU-owned content under CC BY 4.0 unless otherwise noted),9,attribution,named_licence
Data License - Serbian Open Data Portal,9,provider_terms,keyword
EPA web policy: EPA-produced content is in the public domain unless otherwise specified (software licence not stated separately),9,public_domain,named_licence
ISC,9,permissive_code,named_licence
Licence Ouverte v2.0,9,attribution,named_licence
Licence ouverte : https://www.etalab.gouv.fr/licence-ouverte-open-licence (https://www.etalab.gouv.fr/wp-content/uploads/2014/05/Licence_Ouverte.pdf),9,attribution,named_licence
MIT (as given on the fact sheet),9,permissive_code,named_licence
Not stated on the page read (arXiv licence link only),9,not_stated,not_stated
Open Government Licence - New Brunswick,9,attribution,named_licence
OpenMB Information and Data Use License,9,provider_terms,keyword
Public Domain / No restrictions (CC0) (as labelled on the portal),9,public_domain,named_licence
Public domain,9,public_domain,keyword
as linked on the portal listing (http://data.norge.no/nlod/no/1.0),9,attribution,named_licence
as linked on the portal listing (https://administraciodigital.gencat.cat/ca/dades/dades-obertes/informacio-practica/llicencies/),9,other,fallback_other
as linked on the portal listing (https://creativecommons.org/licenses/by-sa/4.0/deed.gl),9,share_alike,named_licence
as linked on the portal listing (https://www.igme.es/condiciones-de-uso/),9,other,fallback_other
as linked on the portal listing (https://www.zaragoza.es/sede/portal/aviso-legal#condiciones),9,other,fallback_other
cc-nc-nd,9,other,fallback_other
etalab-2.0,9,attribution,named_licence
other-closed,9,proprietary,keyword
Attribution-NonCommercial 3.0 Unported,8,non_commercial,named_licence
CC BY-NC 4.0 (https://creativecommons.org/licenses/by-nc/4.0/),8,non_commercial,named_licence
Creative Commons Attribution 3.0 New Zealand,8,attribution,named_licence
"Creative Commons Attribution 4.0 (CC BY 4.0, legal code in Spanish on the portal)",8,attribution,named_licence
Creative Commons Attribution 4.0 International,8,attribution,named_licence
Creative Commons Attribution Share Alike 4.0 International,8,attribution,named_licence
Creative Commons Attribution–ShareAlike 4.0 International,8,attribution,named_licence
Custom terms specific to this dataset,8,provider_terms,keyword
DL-Geoscape,8,other,fallback_other
Datenlizenz Deutschland Namensnennung 2.0,8,attribution,named_licence
GNU Free Documentation License,8,provider_terms,keyword
Licence non spécifiée,8,provider_terms,keyword
ODC-PDDL-1.0,8,public_domain,named_licence
ODbL (as tagged in the list),8,share_alike,named_licence
OGL-Canada-2.0,8,attribution,named_licence
"Open Government Data License, version 1.0 (Taiwan)",8,attribution,keyword
Open Government Licence v3,8,attribution,named_licence
Open License Version 2.0 (https://www.etalab.gouv.fr/wp-content/uploads/2017/04/ETALAB-Licence-Ouverte-v2.0.pdf),8,attribution,named_licence
US federal government work (public domain),8,public_domain,named_licence
apache2.0,8,permissive_code,named_licence
cc-by-nc-sa-4.0,8,non_commercial,named_licence
dag-uy,8,other,fallback_other
licence given by link only (https://www.trafiklab.se/api/gtfs-datasets/gtfs-regional/#licence); licence given by link only (https://www.trafiklab.se/api/gtfs-datasets/gtfs-sweden/#licence),8,provider_terms,keyword
CC BY-NC-ND 4.0 (article),7,non_commercial,named_licence
CC-BY-4.0 (some restrictions),7,attribution,named_licence
CC-BY-ND-3.0 (gov.br site-wide statement: all content of the site published under CC BY-ND 3.0 Unported),7,no_derivatives,named_licence
"CC0-1.0 (GitHub repository, folder README and Zenodo metadata).",7,public_domain,named_licence
Commercial licence,7,proprietary,keyword
Government of Saskatchewan Standard Unrestricted Use Data License (Version 2.0),7,proprietary,keyword
Licence ouverte (Etalab) (https://www.etalab.gouv.fr/wp-content/uploads/2014/05/Licence_Ouverte.pdf),7,attribution,named_licence
OGL v.3 (https://www.nationalarchives.gov.uk/doc/open-government-licence/version/3/),7,attribution,named_licence
OGL-3.0,7,attribution,named_licence
Open Data Commons Attribution License,7,attribution,named_licence
Proprietary commercial software,7,proprietary,keyword
Provider-specific National Land Numerical Information terms; the reviewed page marks this version non-commercial.,7,varies,keyword
Public Domain / No restrictions (CC0),7,public_domain,named_licence
Public domain (EPA web policy: EPA-produced data are in the public domain unless otherwise specified),7,public_domain,named_licence
Restricted Access,7,proprietary,keyword
all rights reserved (no open licence stated),7,not_stated,not_stated
as linked on the portal listing (http://creativecommons.org/licenses/by/3.0/es),7,attribution,named_licence
as linked on the portal listing (https://creativecommons.org/licenses/by-sa/3.0/es/),7,share_alike,named_licence
as linked on the portal listing (https://datos.gob.es/avisolegal),7,other,fallback_other
etalab-1.0,7,attribution,named_licence
licence given by link only (https://www.trafiklab.se/api/gtfs-datasets/gtfs-sweden/#licence),7,provider_terms,keyword
not stated; not read,7,not_stated,not_stated
proprietary (commercial licence),7,proprietary,keyword
proprietary (commercial subscription),7,proprietary,keyword
"stated as ""https://opendatacommons.org/licenses/by/1.0/"" on the registry page",7,attribution,manual
terms recorded on the dataset page: Plots/maps displaying streets from this coverage must include a disclaimer indicating that the source of the data is from maps produced by Kroll. This,7,provider_terms,keyword
BGS licence (copyright NERC; reuse needs BGS permission),6,provider_terms,keyword
CC BY 4.0 (DataCite); IEEE DataPort Standard Dataset access,6,attribution,named_licence
CC BY-NC 3.0,6,non_commercial,named_licence
CC BY-NC-ND 4.0 (https://creativecommons.org/licenses/by-nc-nd/4.0/),6,non_commercial,named_licence
CC BY-ND (https://creativecommons.org/licenses/by-nd/4.0/),6,no_derivatives,named_licence
CC-BY (version not stated); other members not stated,6,attribution,named_licence
CC-BY-NC (version not stated),6,non_commercial,named_licence
CC0 1.0 (https://creativecommons.org/publicdomain/zero/1.0/),6,public_domain,named_licence
Commercial,6,proprietary,keyword
Commercial subscription,6,proprietary,keyword
ESRI Custom License (https://content.esri.com/arcgisonline/docs/tou_summary.pdf),6,provider_terms,keyword
Etalab-2.0,6,attribution,named_licence
LGPL-3.0-or-later,6,copyleft_code,named_licence
Not stated in the pages read,6,not_stated,not_stated
"Open Government Licence - Toronto (shown on the open.toronto.ca dataset page; the CKAN API licence field reads ""License not specified"")",6,attribution,named_licence
Open Government Licence – TransLink,6,attribution,named_licence
Public Domain (US Government),6,public_domain,named_licence
Public.,6,not_stated,keyword
Statistics Canada Open Licence,6,attribution,keyword
US Government public domain,6,public_domain,named_licence
"US Government work, public domain",6,public_domain,named_licence
United States Government work (no licence terms stated),6,public_domain,named_licence
arXiv preprint licence,6,provider_terms,keyword
as linked on the portal listing (http://geoh.conterra:8080/oai-pmh-geo-harvest/harvesters/),6,other,fallback_other
"as linked on the portal listing (http://opendatacommons.org/licenses/odbl/summary/), as linked on the portal listing (https://www.etalab.gouv.fr/wp-content/uploads/2014/05/Licence_Ouverte.pdf)",6,share_alike|attribution,named_licence
as linked on the portal listing (https://opendefinition.org/licenses/cc-by),6,attribution,named_licence
cc-by-4,6,attribution,named_licence
commercial software; exact licence terms not stated,6,not_stated,not_stated
commercial use allowed under the download site terms,6,proprietary,keyword
http://www.opendefinition.org/licenses/cc-by (https://creativecommons.org/licenses/by/4.0/),6,attribution,named_licence
https://pasteur.epa.gov/license/sciencehub-license.html,6,provider_terms,keyword
licence given by link only (https://511.org/sites/default/files/pdfs/511_Data_Agreement_Final.pdf),6,provider_terms,keyword
licence given by link only (https://exo.quebec/fr/a-propos/donnees-ouvertes/FormulaireDemandeAcces); licence given by link only (https://www.donneesquebec.ca/licence/),6,provider_terms,keyword
licence given by link only (https://www.transportforireland.ie/transitData/PT_Data.html),6,provider_terms,keyword
not stated (no licence or terms statement on the page read on 2026-09-29),6,not_stated,not_stated
not stated for the resource; the describing article is CC-BY-4.0,6,not_stated,not_stated
"other open licence (terms as labelled in the catalogue, not read)",6,not_stated,not_stated
"terms recorded on the dataset page: For educational, non-commercial use only.",6,non_commercial,keyword
"terms recorded on the dataset page: For educational, non-commercial use only. Although this data set has been developed by the Harvard Map Collection and its partners, no warranty expres",6,non_commercial,keyword
"terms recorded on the dataset page: For educational, non-commercial use only. Although this data set has been developed by the NGA no warranty expressed or implied is made by them as to",6,non_commercial,keyword
CC BY 2.1 JP,5,attribution,named_licence
CC BY NC 3.0,5,non_commercial,named_licence
CC BY-NC 4.0 (https://creativecommons.org/licenses/by-nc/4.0/legalcode),5,non_commercial,named_licence
CC BY-SA,5,share_alike,named_licence
"CC-BY-4.0, GEM default unless otherwise noted",5,attribution,named_licence
CC-BY-4.0; CC0-1.0,5,public_domain|attribution,named_licence
CC-BY-ND-4.0,5,no_derivatives,named_licence
CC-BY-SA-4.0 (Zindi challenge data sharing rule),5,share_alike,named_licence
Commercial product terms; detailed reuse licence not stated on the accessed page,5,not_stated,not_stated
Creative Commons Attribution 3.0 Unported,5,attribution,named_licence
Creative Commons Attribution Non Commercial 4.0 International,5,non_commercial,named_licence
Datenlizenz Deutschland – Zero – Version 2.0,5,public_domain,named_licence
Free to read on arXiv (reuse licence not stated in the metadata read),5,not_stated,not_stated
GPL-2.0-only,5,copyleft_code,named_licence
"KSA Open Data License: this license provides freedom to the users in distributing, producing, and transforming works regarding datasets, as well as building upon them. The source should be mentioned in the prescribed manner in the license. (https://open.data.gov.sa/odp-public/static/en/assets/Open_Data_License_En.pdf)",5,attribution,keyword
Licence Mobilité (https://cloud.fabmob.io/s/eYWWJBdM3fQiFNm),5,provider_terms,keyword
Licence Ouverte (https://www.etalab.gouv.fr/licence-ouverte-open-licence/),5,attribution,named_licence
MIT (as tagged in the list),5,permissive_code,named_licence
National Laboratory of the Rockies License (https://data.nrel.gov/node/182/license),5,provider_terms,keyword
ODbL,5,share_alike,named_licence
ODbL 1.0,5,share_alike,named_licence
Open Access,5,not_stated,keyword
Open Data Commons Open Database License,5,share_alike,named_licence
Open Database License (ODbL),5,share_alike,named_licence
Open Database License (ODbL) (http://opendatacommons.org/licenses/odbl/),5,share_alike,named_licence
Open License v1.0 (https://www.etalab.gouv.fr/wp-content/uploads/2014/05/Licence_Ouverte.pdf),5,attribution,named_licence
Proprietary commercial licence,5,proprietary,keyword
UK Power Networks Shared Data Licence - Connections (https://ukpowernetworks.sharepoint.com/:b:/s/OpenDataPortalLibrary/IQAoqS-OWZGDS5ASk8EwxCETAa5aj8Kx7RISQB6tlPq5-yk?e=6QOYk3),5,provider_terms,keyword
UKCEH Click-Through Licence,5,provider_terms,keyword
"US Government work, no copyright (17 U.S.C. 101)",5,public_domain,named_licence
US government work (public domain in the US),5,public_domain,named_licence
a licence or disclaimer text is given on the hub listing (The data are made available to the public solely for informational purposes. Information provided in the Caltrans GIS Da ...); terms not read in full,5,not_stated,not_stated
"a licence or disclaimer text is given on the hub listing (This public data is provided as a service for planning purposes and not intended for design, navigation purposes or airs ...); terms not read in full",5,not_stated,not_stated
"as linked on the portal listing (http://eplca.jrc.ec.europa.eu/ELCD3/templates/default/html/datasetLicense.html), European Commission reuse notice",5,provider_terms,keyword
as linked on the portal listing (http://www.opendefinition.org/licenses/odc-by),5,attribution,named_licence
as linked on the portal listing (https://datos.canarias.es/portal/aviso-legal-y-condiciones-de-uso),5,other,fallback_other
as linked on the portal listing (https://governobert.gencat.cat/ca/dades_obertes/llicencia-oberta-informacio-catalunya/),5,other,fallback_other
as linked on the portal listing (https://ide.depo.gal/web/idepo/aviso-legal),5,other,fallback_other
as linked on the portal listing (https://opendatacommons.org/licenses/by/summary/),5,other,fallback_other
as linked on the portal listing (https://publications.europa.eu/resource/authority/licence/CC_BY_4_0),5,provider_terms,keyword
as linked on the portal listing (https://w3id.org/italia/controlled-vocabulary/licences/A21_CCBY40),5,other,fallback_other
as linked on the portal listing (https://www.dcat-ap.de/def/licenses/20210721#cc-by-nc/4.0),5,non_commercial,named_licence
"as linked on the portal listing (https://www.etalab.gouv.fr/wp-content/uploads/2014/05/Licence_Ouverte.pdf), as linked on the portal listing (http://opendatacommons.org/licenses/odbl/summary/)",5,share_alike|attribution,named_licence
as linked on the portal listing (https://www.icgc.cat/condicions),5,other,fallback_other
cc-by-sa-4.0,5,share_alike,named_licence
commercial licence,5,proprietary,keyword
commercial product; exact licence terms not inspected,5,not_stated,not_stated
commercial subscription,5,proprietary,keyword
dl-de/by-2-0,5,attribution,named_licence
http://www.opendefinition.org/licenses/cc-by-sa,5,share_alike,named_licence
https://creativecommons.org/licenses/by/4.0 (as labelled on the portal),5,attribution,named_licence
mit-license,5,permissive_code,named_licence
"not stated (CHHS portal: 'No License Provided'; use subject to the CHHS Terms of Use, commercial uses need approval)",5,not_stated,not_stated
not stated (no licence or terms statement on the OSTI record read on 2026-09-29),5,not_stated,not_stated
"not stated (the dataset page says only that it ""is made available with limited information on how it can be used"")",5,not_stated,not_stated
not stated on the page read (US federal government information),5,not_stated,not_stated
"opendata.swiss terms of use: source must be given, permission needed for commercial use",5,proprietary,keyword
other-closed (as labelled on the portal),5,proprietary,keyword
other-nc,5,non_commercial,manual
see the repository (list text); linked resources carry their own terms,5,not_stated,not_stated
"stated as ""NOAA data disseminated through NODD are open to the public and can be used as desired."" on the registry page",5,attribution,open_or_free
"stated as ""https://creativecommons.org/licenses/by/4.0/"" on the registry page",5,attribution,named_licence
"ČTÚ open data terms of use (reuse, including commercial, with attribution to ČTÚ)",5,proprietary,keyword
Apache-2.0 (as given on the fact sheet),4,permissive_code,named_licence
BC Energy Regulator Open Data License,4,attribution,keyword
BSD,4,permissive_code,named_licence
CC BY-IGO,4,attribution,named_licence
CC BY-NC-ND (article),4,non_commercial,named_licence
CC-BY-3.0-AU; other members not stated,4,attribution,named_licence
CC-BY-NC-SA-3.0,4,non_commercial,named_licence
CC-BY-NC-SA-3.0-AU,4,non_commercial,named_licence
CC-BY-SA-4.0 (as tagged in the list),4,share_alike,named_licence
Creative Commons Attribution 3.0 (as given on the registry page),4,attribution,named_licence
Custom Dataverse terms of use,4,provider_terms,keyword
DATA.GOV.HK terms and conditions (free commercial and non-commercial use with attribution),4,proprietary,keyword
Datenlizenz Deutschland - Zero- Version 2.0 (https://www.govdata.de/dl-de/zero-2-0),4,public_domain,named_licence
Domaine public (https://en.wikipedia.org/wiki/Public_domain),4,other,fallback_other
Domaine public (https://www.opendatacommons.org/licenses/odbl/1.0/),4,share_alike,named_licence
Etalab Open Licence 2.0,4,attribution,named_licence
"European Commission reuse notice, CC-BY-4.0, as linked on the portal listing (http://data.jrc.ec.europa.eu/licence/not_available)",4,attribution,named_licence
"Free of charge under the geo.admin.ch terms of use (fair use, source attribution); STAC entry lists the licence as proprietary",4,attribution,keyword
GNU General Public License v3.0,4,copyleft_code,named_licence
GNU Lesser General Public License v3.0,4,copyleft_code,named_licence
GPL-3.0 (as given on the fact sheet),4,copyleft_code,named_licence
LGPL,4,copyleft_code,named_licence
Licence Ouverte v2.0 (https://www.etalab.gouv.fr/licence-ouverte-open-licence/),4,attribution,named_licence
Licencia de Uso de la Información Pública del Gobierno Paraguayo,4,provider_terms,keyword
MPL-2.0 (as given in the list),4,copyleft_code,named_licence
Modified BSD-3-Clause (LBNL licence with enhancements provision),4,permissive_code,named_licence
NASA open source release,4,copyleft_code,keyword
NASA-1.3,4,copyleft_code,keyword
New Brunswick Open Government Licence,4,attribution,named_licence
"News articles, all rights reserved",4,proprietary,keyword
Not stated on the dataset page,4,not_stated,not_stated
OGL-UK-3.0 (GOV.UK site-wide statement: all content available under OGL v3.0 except where otherwise stated),4,attribution,named_licence
Open Data Commons Open Database License v1.0,4,share_alike,named_licence
Open Data Licence of the Republic of Serbia (attribution),4,attribution,keyword
Open Database License (http://opendatacommons.org/licenses/odbl/),4,share_alike,named_licence
Open License v2.0 (https://www.etalab.gouv.fr/wp-content/uploads/2018/11/open-licence.pdf),4,attribution,named_licence
Other (Public Domain),4,public_domain,keyword
Public Domain (USGS data release),4,public_domain,named_licence
Public domain (U.S. government work),4,public_domain,named_licence
Public domain (US federal government work),4,public_domain,named_licence
The National Interagency Fire Center Custom License,4,provider_terms,keyword
This dataset is public.,4,other,fallback_other
This is available to the public.,4,other,fallback_other
U.S. government work,4,public_domain,named_licence
U.S. government work (public domain),4,public_domain,named_licence
UK Data Service End User Licence,4,proprietary,keyword
UK Open Government Licence v3,4,attribution,named_licence
"US Government work (not subject to copyright in the US, 15 USC 105) with NTIA software disclaimer",4,public_domain,named_licence
"US Government work, public data",4,public_domain,named_licence
US government work (public domain),4,public_domain,named_licence
US government work; public domain,4,public_domain,named_licence
Unknown,4,not_stated,not_stated
Zindi competition rules (data licence not stated on the pages read),4,not_stated,not_stated
a licence or disclaimer text is given on the hub listing (This application is being updated for digital accessibility and will continue to function while updates are in progress. ...); terms not read in full,4,not_stated,not_stated
as linked on the portal listing (http://creativecommons.org/publicdomain/zero/1.0),4,public_domain,named_licence
as linked on the portal listing (http://juntadeandalucia.es/informacion/legal.html),4,other,fallback_other
as linked on the portal listing (http://opendata.villanuevadelaserena.es/terminos),4,other,fallback_other
as linked on the portal listing (http://www.opendefinition.org/licenses/cc-by-sa),4,share_alike,named_licence
as linked on the portal listing (http://www.opendefinition.org/licenses/odc-pddl),4,public_domain,named_licence
as linked on the portal listing (https://creativecommons.org/licenses/by-sa/3.0/),4,share_alike,named_licence
"as linked on the portal listing (https://creativecommons.org/licenses/by/4.0/), as linked on the portal listing (http://inspire.ec.europa.eu/metadata-codelist/ConditionsApplyingToAccessAndUse/noConditionsApply)",4,attribution,named_licence
"as linked on the portal listing (https://creativecommons.org/licenses/by/4.0/), as linked on the portal listing (http://www.opendefinition.org/licenses/cc-zero)",4,public_domain|attribution,named_licence
"as linked on the portal listing (https://creativecommons.org/licenses/by/4.0/deed.es_ES), as linked on the portal listing (https://www.jcyl.es/licencia-IGCYL-NC)",4,attribution,named_licence
as linked on the portal listing (https://creativecommons.org/publicdomain/zero/1.0/deed.sv),4,public_domain,named_licence
as linked on the portal listing (https://idechg.chguadalquivir.es/geochg/legal),4,other,fallback_other
cc-by-21,4,attribution,named_licence
cc-nc,4,non_commercial,manual
licence given by link only (https://data-exchange.vicroads.vic.gov.au/terms_of_use),4,provider_terms,keyword
licence given by link only (https://data.norge.no/nlod/en/),4,attribution,named_licence
licence given by link only (https://gsvalbe.id.lv/pieturas/avoti.html),4,provider_terms,keyword
licence given by link only (https://opendata.waltti.fi/docs),4,provider_terms,keyword
licence given by link only (https://proxy.busone.app/cotral/readme),4,provider_terms,keyword
licence given by link only (https://www.soundtransit.org/help-contacts/business-information/open-transit-data-otd/transit-data-terms-use); not stated in the Mobility Database listing (licence field empty),4,not_stated,not_stated
no open licence (as labelled on the portal),4,not_stated,not_stated
not stated (data set page not reachable on 2026-10-01; the paper is CC-BY-4.0),4,not_stated,not_stated
not stated (no licence on the Software Impacts record read on 2026-10-01; check the repository),4,not_stated,not_stated
not stated for the software; the describing arXiv preprint is under the CC-BY-4.0,4,not_stated,not_stated
not stated in the PDF text read on 2026-09-29,4,not_stated,not_stated
other-at,4,other,fallback_other
other-pd,4,other,fallback_other
public domain (EIA copyrights and reuse page),4,public_domain,named_licence
public domain (USGS),4,public_domain,named_licence
"stated as ""http://opendatacommons.org/licenses/by/1.0/"" on the registry page",4,attribution,manual
"terms recorded on the dataset page: For educational non-commercial use only. The City of Cambridge provides Geographic Information Systems (""GIS"") data in good faith. The City makes no w",4,non_commercial,keyword
"<div style=""text-align:Left;""><div><div><p>This application is being updated for digital accessibility and will continue to function while updates are in progress.Caltrans makes every attempt to ensure our documents are accessible. Clear the variances between assistive technologies, there may be documents provided via this application which are not accessible. Where documents cannot be made accessible, we are committed to providing alternative access to the content. Should you need additional assistance, please contact us at (916) 654-2852 or visit https://dot.ca dot gov/ request-ada-compliant-documents.Maps and data are made available to the public solely for informational purposes. Information provided is accurate to the best of our knowledge and is subject to change on a regular basis, without notice. While Caltrans makes every effort to provide useful and accurate information, Caltrans does not warrant the information to be authoritative, complete, factual, or timely and does not assume any liability for its use.The Department of Transportation is not liable to any party for any cost or damages, including any direct, indirect, special, incidental, or consequential damages arising out of, or in connection with, the access or use of, or the inability to access or use, the Site or any of the Materials or Services described herein. New data will continue to be added for the Local Streets and Roads projects as it is released by the California Transportation Commission. Please contact the city or county directly for information on their respective projects and costs.</p></div></div></div>",3,provider_terms,keyword
ACM copyright; author copy free to read,3,not_stated,keyword
AGPL-3.0 (as given on the fact sheet),3,copyleft_code,named_licence
Article CC-BY-4.0; code licence not read,3,attribution,named_licence
"Attribution, pas d’utilisation commerciale (CC-BY-NC 4.0)",3,non_commercial,named_licence
BSD 3-clause Clear license,3,permissive_code,named_licence
BSD-3-Clause (as given on the fact sheet),3,permissive_code,named_licence
CAIDA Acceptable Use Agreement for publicly accessible datasets,3,provider_terms,keyword
CC BY (article),3,attribution,named_licence
"CC BY, from the OpenAlex record (the publisher page refused the session)",3,attribution,named_licence
CC BY-SA 3.0,3,share_alike,named_licence
CC-BY (Frontiers open-access article; version not stated on the page),3,attribution,named_licence
CC-BY-1.0,3,attribution,named_licence
CC-BY-3.0-IGO,3,attribution,named_licence
"CC-BY-4.0 (OpenEI/GDR content, unless otherwise noted on the submission)",3,attribution,named_licence
CC-BY-4.0 (Zenodo record),3,attribution,named_licence
CC-BY-4.0 (as given in the list),3,attribution,named_licence
CC-BY-4.0 data; MIT code,3,attribution|permissive_code,named_licence
CC-BY-NC-ND-3.0-IGO,3,non_commercial,named_licence
"CC-BY-SA-4.0 (the paper, as linked on its arXiv abstract page)",3,share_alike,named_licence
CDLA-Permissive-1.0,3,attribution,named_licence
CeCILL-B,3,copyleft_code,named_licence
Closed access article,3,proprietary,keyword
Commercial software; exact licence terms require checking,3,proprietary,keyword
Creative Commons Attribution 4.0 International (CC BY 4.0),3,attribution,named_licence
Creative Commons Attribution-NonCommercial-NoDerivs,3,non_commercial,named_licence
Creative Commons Attribution-NonCommercial-ShareAlike 4.0 (as given on the registry page),3,non_commercial,named_licence
Creative Commons Attribution-ShareAlike 3.0,3,share_alike,named_licence
Creative Commons Attribution-ShareAlike 4.0 International License.,3,share_alike,named_licence
Creative Commons Non-Commercial No Derivatives 4.0 International,3,non_commercial,keyword
DANS Licence,3,provider_terms,keyword
DATA.GOV.HK terms and conditions of use,3,provider_terms,keyword
Data files © Original Authors (Kaggle registry); no additional reuse grant stated.,3,proprietary,keyword
Datenlizenz Deutschland - Zero - Version 2.0,3,public_domain,named_licence
EBA legal notice (reuse terms not stated on the page read),3,not_stated,not_stated
"EOSDIS data use and citation guidance (open, without restriction)",3,public_domain,keyword
EPL-2.0 (as given in the list),3,copyleft_code,named_licence
"FERC open data disclaimer: provided as is, no warranty; modifications must be declared",3,provider_terms,keyword
"Free to read (publisher copy, no licence stated)",3,not_stated,not_stated
GNU Affero General Public License v3.0,3,copyleft_code,named_licence
GPL 3.0+,3,copyleft_code,named_licence
GPL-3,3,copyleft_code,named_licence
GitHub generator EUPL-1.2; separate archive licence not stated,3,copyleft_code,named_licence
HDX 'other' licence,3,provider_terms,keyword
IODL-2.0,3,other,fallback_other
"Licence ODbL 1.0
http://www.data.rennes-metropole.fr/notre-demarche/licence-odbl-ville-de-rennes-et-rennes-metropole/ (http://opendatacommons.org/licenses/odbl/)",3,share_alike,named_licence
Licence Ouverte version 2.0 (Etalab) (https://www.etalab.gouv.fr/wp-content/uploads/2017/04/ETALAB-Licence-Ouverte-v2.0.pdf),3,attribution,named_licence
Licence Specified by Agency,3,provider_terms,keyword
Licence ouverte (Etalab Open Licence),3,attribution,named_licence
Licence ouverte (Etalab) (https://www.etalab.gouv.fr/licence-ouverte-open-licence),3,attribution,named_licence
Licença Aberta para Bases de Dados (ODbL) do Open Data Commons,3,share_alike,named_licence
NLOD-2.0,3,attribution,named_licence
NLR data catalogue licence (Alliance for Energy Innovation terms: use with attribution and disclaimer),3,provider_terms,keyword
NYC Open Data terms of use (free public use),3,provider_terms,keyword
Northern Powergrid Shared Data Licence - Underground Assets (https://northernpowergrid.opendatasoft.com/p/northern-powergrid-shared-data-licence-underground-assets),3,provider_terms,keyword
ODC Open Database License v1.0,3,share_alike,named_licence
ODC-BY,3,attribution,named_licence
OGL-UK-3.0 (GOV.UK: all content under the Open Government Licence v3.0 unless otherwise stated),3,attribution,named_licence
OTHER-OPEN,3,attribution,open_or_free
Open Data Commons Attribution,3,attribution,named_licence
Open Government Licence 3.0,3,attribution,named_licence
"Open data without copyright, patent or confidentiality restrictions (Ei open data statement)",3,proprietary,keyword
Other (Attribution),3,attribution,keyword
"Other (Open), Creative Commons Attribution",3,attribution,named_licence
Otvorena dozvola (OD),3,other,fallback_other
PLATEAU Site Policy 「３．著作権について」に拠る,3,provider_terms,keyword
Proprietary (commercial SaaS),3,proprietary,keyword
Public Domain Dedication,3,public_domain,keyword
Public domain (USGS data release),3,public_domain,named_licence
Public domain (USGS),3,public_domain,named_licence
Public domain (https://en.wikipedia.org/wiki/Public_domain),3,public_domain,keyword
RIPE NCC copyright; free to read,3,not_stated,keyword
RPMGlobal End User Software License & Services Agreement (commercial),3,proprietary,keyword
Restricted,3,proprietary,keyword
Subscription article,3,proprietary,keyword
This dataset is made available under the Open Data Commons Attribution License: http://opendatacommons.org/licenses/by/1.0/. A summary of the license,3,attribution,named_licence
U.S. federal government work (no licence stated; public domain inferred),3,public_domain,named_licence
U.S. federal government work (public domain inferred),3,public_domain,named_licence
"US Government work, public domain (no licence statement on the pages read)",3,public_domain,named_licence
US Government work; licence not stated on the page read,3,public_domain,named_licence
US federal public domain,3,public_domain,named_licence
US government public data (no licence stated on the page read),3,not_stated,not_stated
Website content; no licence stated,3,not_stated,not_stated
a licence or disclaimer text is given on the hub listing (Terms & Conditions FEMA offers some of its public data in machine readable format via an Application Programming Interfa ...); terms not read in full,3,not_stated,not_stated
a licence or disclaimer text is given on the hub listing (The Resilience Analysis and Planning Tool (RAPT) and its associated data are for planning purposes only. These REST Serv ...); terms not read in full,3,not_stated,not_stated
all rights reserved,3,proprietary,keyword
arXiv non-exclusive distribution licence,3,provider_terms,keyword
arXiv non-exclusive distribution licence (no Creative Commons licence stated),3,provider_terms,keyword
arXiv preprint (licence not stated on the abstract page),3,not_stated,not_stated
"as linked on the portal listing (http://data.gov.hr/otvorena-dozvola), as linked on the portal listing (http://www.opendefinition.org/licenses/cc-by)",3,attribution,named_licence
"as linked on the portal listing (http://inspire.ec.europa.eu/metadata-codelist/ConditionsApplyingToAccessAndUse/conditionsUnknown), as linked on the portal listing (http://inspire.ec.europa.eu/metadata-codelist/ConditionsApplyingToAccessAndUse/noConditionsApply)",3,not_stated,not_stated
as linked on the portal listing (http://resources.geodata.se/codelist/metadata/anvandningsrestriktioner.xml#CC01.0),3,public_domain,named_licence
as linked on the portal listing (https://creativecommons.org/licenses/by/3.0/at/deed.de),3,attribution,named_licence
as linked on the portal listing (https://creativecommons.org/licenses/by/4.0),3,attribution,named_licence
as linked on the portal listing (https://creativecommons.org/licenses/by/4.0/deed.ca),3,attribution,named_licence
as linked on the portal listing (https://datosabiertos.regiondemurcia.es/avisolegal),3,other,fallback_other
"as linked on the portal listing (https://governobert.gencat.cat/ca/dades_obertes/llicencia-oberta-informacio-catalunya/), as linked on the portal listing (https://www.icgc.cat/condicions)",3,other,fallback_other
as linked on the portal listing (https://opendata.alcoi.org/es/aviso-legal/),3,other,fallback_other
"as linked on the portal listing (https://opendefinition.org/licenses/cc-by), as linked on the portal listing (http://www.opendefinition.org/licenses/cc-by)",3,attribution,named_licence
as linked on the portal listing (https://opendefinition.org/od/2.1/en/),3,other,fallback_other
as linked on the portal listing (https://www.kartverket.no/geodataarbeid/norge-digitalt/partsinformasjon/avtaler-og-vilkar/norge-digitalt-lisens),3,other,fallback_other
bsd-2-clause-netbsd,3,permissive_code,named_licence
cc-by-sa,3,share_alike,named_licence
commercial licence (BigBear.ai; free trial licence),3,proprietary,keyword
commercial licence (CMG),3,proprietary,keyword
commercial licence (Modelon),3,proprietary,keyword
data.gov.il other open licence,3,attribution,keyword
gpl-3.0-or-later,3,copyleft_code,named_licence
http://opendatacommons.org/licenses/odbl/summary (as labelled on the portal),3,share_alike,named_licence
https://creativecommons.org/licenses/by-sa/4.0 (as labelled on the portal),3,share_alike,named_licence
https://creativecommons.org/publicdomain/zero/1.0/,3,public_domain,named_licence
https://opentransportdata.swiss/de/terms-of-use/,3,provider_terms,keyword
licence given by link only (http://www.opendefinition.org/licenses/cc-by),3,attribution,named_licence
licence given by link only (https://exo.quebec/fr/a-propos/donnees-ouvertes/FormulaireDemandeAcces),3,provider_terms,keyword
licence given by link only (https://www.bctransit.com/open-data/terms-of-use); not stated in the Mobility Database listing (licence field empty),3,not_stated,not_stated
licence given by link only (https://www.crtm.es/licencia-de-uso),3,provider_terms,keyword
licence given by link only (https://www.openstreetmap.org/copyright),3,provider_terms,keyword
not stated (US Government contractor report; no licence text read on the page 2026-09-29),3,not_stated,not_stated
not stated (citation requested),3,not_stated,not_stated
not stated (no licence text on the page read on 2026-09-29),3,not_stated,not_stated
not stated (only a site copyright notice on the provider page read on 2026-09-29),3,not_stated,not_stated
not stated (portal metadata: license null),3,not_stated,not_stated
"not stated (the data.gouv.fr dataset page says ""License Not Specified"")",3,not_stated,not_stated
not stated for the dataset; the describing arXiv preprint is under the arXiv non-exclusive distribution licence,3,not_stated,not_stated
not stated for the model code; the describing arXiv preprint is under the arXiv non-exclusive distribution licence,3,not_stated,not_stated
not stated on the landing page,3,not_stated,not_stated
not stated on the pages read (2026-09-29),3,not_stated,not_stated
not stated on the pages read (ITU document),3,not_stated,not_stated
not stated: differs per paper and data set,3,not_stated,not_stated
public domain,3,public_domain,keyword
public domain (US Government),3,public_domain,named_licence
released through the NASA Software Catalog (licence agreement on request),3,proprietary,keyword
terms recorded on the dataset page: For non-commercial use only.,3,non_commercial,keyword
unknown,3,not_stated,not_stated
4TU general terms of use,2,provider_terms,keyword
"<DIV STYLE=""text-align:Left;""><DIV><DIV><P STYLE=""margin:0 0 0 0;""><SPAN><SPAN>1. The data are made available to the public solely for informational purposes. Information provided in the Caltrans GIS Data Library is accurate to the best of our knowledge and is subject to change on a regular basis, without notice. While Caltrans makes every effort to provide useful and accurate information, we do not warrant the information to be authoritative, complete, factual, or timely. Information is provided on an ""as is"" and an ""as available"" basis. The Department of Transportation is not liable to any party for any cost or damages, including any direct, indirect, special, incidental, or consequential damages, arising out of or in connection with the access or use of, or the inability to access or use, the Site or any of the Materials or Services described herein.</SPAN></SPAN></P><P STYLE=""margin:0 0 0 0;""><SPAN><SPAN>2. License - Creative Commons 4.0 Attribution </SPAN></SPAN></P></DIV></DIV></DIV>",2,provider_terms,keyword
AGPL-3.0 (code); CC BY 4.0 (article),2,attribution|copyleft_code,named_licence
Academic Free License v3.0,2,permissive_code,named_licence
All Rights Reserved,2,proprietary,keyword
Apache 2.0,2,permissive_code,named_licence
Apache license 2.0,2,permissive_code,named_licence
Apache-2.0 (provider repository label; exact version-or-later terms not independently inspected),2,permissive_code,named_licence
Attribution 4.0 International,2,other,fallback_other
Attribution-ShareAlike 4.0 International (CC BY-SA 4.0),2,share_alike,named_licence
BIS copyright and permissions terms,2,proprietary,keyword
BIS terms of permitted use (free reuse with attribution),2,attribution,keyword
BSD 2-Clause (Battelle licence text includes a naming restriction),2,permissive_code,named_licence
BSD-2-Clause-style Battelle terms,2,permissive_code,named_licence
BSD-3-Clause (code); datasets published openly by DOE,2,permissive_code,named_licence
BSD-3-Clause (provider repository label; exact version-or-later terms not independently inspected),2,permissive_code,named_licence
Bahrain Government Open Data License,2,attribution,keyword
"CC BY (Creative Commons Attribution License, stated on the article page)",2,attribution,named_licence
CC BY (as stated on the HydroShare resource),2,attribution,named_licence
CC BY (https://creativecommons.org/licenses/by/4.0/deed.de),2,attribution,named_licence
CC BY 4.0 (as listed for RRT datasets on data.gov.lt),2,attribution,named_licence
CC BY 4.0 (journal site content),2,attribution,named_licence
CC BY-4.0 (https://creativecommons.org/licenses/by/4.0/),2,attribution,named_licence
CC BY-SA 4.0 (as given on the registry page),2,share_alike,named_licence
CC-BY (version not stated); CC-BY-4.0,2,attribution,named_licence
CC-BY (version not stated; NETL EDX lists 'Creative Commons Attribution'),2,attribution,named_licence
CC-BY-2.1; CC-BY-4.0,2,attribution,named_licence
CC-BY-4.0 (EEA copyright notice: EEA materials are published under CC BY),2,attribution,named_licence
CC-BY-4.0 (Eurostat reuse policy),2,attribution,named_licence
CC-BY-4.0 (Zenodo archive),2,attribution,named_licence
CC-BY-4.0 (argentina.gob.ar site-wide statement: contents licensed under CC BY 4.0),2,attribution,named_licence
CC-BY-4.0 (article; code release not confirmed),2,attribution,named_licence
CC-BY-4.0 (as listed; files restricted),2,attribution,named_licence
CC-BY-4.0 (set on every resource of the datasets in the portal metadata; the dataset-level field is empty),2,attribution,named_licence
CC-BY-4.0 (site-wide statement; individual file conditions not inspected),2,attribution,named_licence
CC-BY-4.0 (stated on the podatki.gov.si dataset page),2,attribution,named_licence
CC-BY-4.0 Zenodo archive; linked GitHub repository licence unclassified,2,attribution,named_licence
CC-BY-4.0 on Zenodo; repository LICENSE states MIT,2,attribution|permissive_code,named_licence
CC-BY-4.0 or CC0 (Panama open data portal: licence indicated per dataset on download),2,public_domain|attribution,named_licence
CC-BY-4.0 unless otherwise indicated (European Commission reuse policy),2,attribution,named_licence
"CC-BY-4.0, Creative Commons Attribution",2,attribution,named_licence
"CC-BY-4.0, Open Data Commons Open Database License v1.0",2,attribution|share_alike,named_licence
CC-BY-NC-4.0 (article),2,non_commercial,named_licence
CC-BY-NC-ND-4.0 (article),2,non_commercial,named_licence
CC-BY-SA-4.0 (as given on the fact sheet),2,share_alike,named_licence
CDLA-Permissive-2.0,2,attribution,named_licence
CEMS-FLOODS datasets licence,2,provider_terms,keyword
Clear Collaborative terms of use (no open licence stated),2,not_stated,not_stated
Closed access (article),2,proprietary,keyword
Commercial (Esri),2,proprietary,keyword
Commercial Computers and Structures licence,2,proprietary,keyword
"Copernicus data policy (free, full and open access with attribution)",2,provider_terms,keyword
Creative Commons Attribution (as stated on EDX),2,attribution,named_licence
Creative Commons Attribution Non-Commercial 4.0,2,non_commercial,named_licence
Creative Commons Attribution | NoDerivatives 4.0 International License,2,attribution,named_licence
Creative Commons Attribution | Noncommercial | Share Alike 3.0 Unported,2,attribution,named_licence
Creative Commons Attribution – Non-commercial 4.0 International (CC-BY-NC 4.0) license,2,non_commercial|attribution,named_licence
"Creative Commons Attribution, CC-BY-4.0",2,attribution,named_licence
"Creative Commons Attribution, License not specified",2,attribution,named_licence
"Creative Commons Attribution, Other (Open)",2,attribution,named_licence
Creative Commons BY 4.0 (as given on the registry page),2,attribution,named_licence
Creative Commons BY-NC-SA 4.0,2,attribution,named_licence
Creative Commons CC Zero License (cc-zero) (http://dcat-ap.de/def/licenses/cc-zero),2,public_domain,named_licence
"Creative Commons CCZero (CC0, as shown by the portal)",2,public_domain,named_licence
Creative Commons Namensnennung 4.0 International,2,attribution,manual
Creative Commons Zero - CC0 1.0,2,public_domain,named_licence
"Crown copyright, Open Government Licence v3.0",2,attribution,named_licence
Custom (Public Domain),2,public_domain,keyword
DL-DE,2,attribution,named_licence
Data licence Germany - Zero - Version 2.0 (http://dcat-ap.de/def/licenses/dl-zero-de/2.0),2,public_domain,named_licence
Dataset: CC-BY-4.0; repository code: MIT,2,attribution|permissive_code,named_licence
Datenlizenz Deutschland Namensnennung 2.0 (dl-de/by-2-0),2,attribution,named_licence
Datenlizenz Deutschland – Namensnennung – Version 2.0,2,attribution,named_licence
Données sous licence gratuite de repartage,2,provider_terms,keyword
DrivenData competition data terms (the page lists an open data section),2,provider_terms,keyword
ESA website terms (not read),2,not_stated,not_stated
ETALAB OPEN LICENCE 2.0,2,attribution,named_licence
EUPL (version not shown on the page read),2,copyleft_code,named_licence
EUPL-1.1,2,copyleft_code,named_licence
Energy Technologies Institute Open Licence for Materials,2,attribution,keyword
Etalab 2.0,2,attribution,named_licence
EuroGeographics OpenData Licence (https://eurogeographics.org/maps-for-europe/open-data/topographic-data/),2,provider_terms,keyword
European Commission reuse notice; acknowledge source,2,provider_terms,keyword
"European Union, reuse under CC BY 4.0",2,attribution,named_licence
Eurostat reuse policy (free reuse with attribution),2,attribution,keyword
GNU General Public License,2,copyleft_code,named_licence
GPL (version not stated on the page read),2,copyleft_code,named_licence
GPL-2.0 for program code; data licences may differ,2,copyleft_code,named_licence
GPL-3.0 (as tagged in the list),2,copyleft_code,named_licence
GPL-3.0 (repository licence label),2,copyleft_code,named_licence
GPLv3,2,copyleft_code,named_licence
GUS copyright terms (reuse and adaptation allowed with the source given),2,attribution,keyword
Global Data Lab terms of use (citation required),2,provider_terms,keyword
Government of Canada terms (no separate licence named),2,provider_terms,keyword
HDX 'other' licence (terms stated per dataset),2,varies,keyword
IHME free-of-charge non-commercial user agreement,2,non_commercial,keyword
INS Guinée Accord de Licence Ouverte (site-wide terms),2,attribution,named_licence
"ITU copyright, all rights reserved; reproduction needs ITU written permission (as printed in the report)",2,proprietary,keyword
"ITU copyright: all rights reserved, no reproduction without written permission (PDF cover page)",2,proprietary,keyword
"IWMI terms of use: reuse with attribution for non-commercial, research or educational purposes, share-alike",2,non_commercial,keyword
Italian Open Data Licence v2.0,2,attribution,keyword
Itasca End User License Agreement (commercial),2,proprietary,keyword
Jordan open government data default licence (JORDONIAN-DEFAULT),2,provider_terms,keyword
LGPL-2.1 (as given on the fact sheet),2,copyleft_code,named_licence
Licence Mobilité (French open licence for transport data),2,attribution,keyword
Licence Ouverte (https://www.etalab.gouv.fr/wp-content/uploads/2017/04/ETALAB-Licence-Ouverte-v2.0.pdf),2,attribution,named_licence
Licence Ouverte / Open Licence (Etalab),2,attribution,named_licence
Licence Ouverte / Open Licence 2.0 (Etalab),2,attribution,named_licence
Licence Ouverte / Open Licence version 2.0 (Etalab).,2,attribution,named_licence
Licence Ouverte v2.0 (https://www.etalab.gouv.fr/licence-ouverte-open-licence),2,attribution,named_licence
Licence Ouverte v2.0 (https://www.etalab.gouv.fr/wp-content/uploads/2018/11/open-licence.pdf),2,attribution,named_licence
"Licencia de Datos Abiertos de Uruguay (DAG), as tagged on catalogodatos.gub.uy",2,attribution,keyword
MANRS copyright; free to read,2,not_stated,keyword
MCMC copyright; non-commercial reproduction with acknowledgement,2,non_commercial,keyword
MIC website terms,2,provider_terms,keyword
MIT (GitHub licence metadata and root LICENSE).,2,permissive_code,named_licence
MIT (code); CC-BY-4.0 (data),2,attribution|permissive_code,named_licence
MIT + file LICENSE,2,permissive_code,named_licence
MIT DSpace thesis terms (openly readable),2,permissive_code,named_licence
MIT OR Apache-2.0,2,permissive_code,named_licence
MIT for code; input-data terms vary,2,permissive_code,named_licence
Modelica License 2,2,provider_terms,keyword
Modelica License 2.0,2,provider_terms,keyword
NASA Open Source Agreement 1.3,2,copyleft_code,keyword
NASA software usage agreement (U.S. and Foreign Release),2,provider_terms,keyword
NERC Terms of Use (https://www.nerc.com/terms-of-use-policy),2,provider_terms,keyword
NFPA copyright (free to read),2,not_stated,keyword
NIST licence,2,provider_terms,keyword
NIST open data licence (https://www.nist.gov/open/license),2,attribution,keyword
NLOD 1.0,2,attribution,named_licence
NREL data catalogue licence (Alliance for Sustainable Energy; free use with attribution and disclaimer),2,attribution,keyword
No restriction on use (data.go.kr),2,public_domain,keyword
No restrictions on public use.,2,other,fallback_other
"Norwegian Licence for Open Government Data 1.0, Norwegian Licence for Open Government Data (NLOD) 2.0",2,attribution,named_licence
Not applicable,2,not_stated,not_stated
Not read,2,not_stated,not_stated
Not stated (free to read),2,not_stated,not_stated
Not stated (hub lists no licence),2,not_stated,not_stated
Not stated in DataCite metadata (NEES published data),2,not_stated,not_stated
Not stated in the dataset metadata,2,not_stated,not_stated
Not stated in the download directory (IBGE terms page not readable from the cloud),2,not_stated,not_stated
Not stated in the report,2,not_stated,not_stated
Not stated on the download page,2,not_stated,not_stated
Not stated on the page,2,not_stated,not_stated
Not stated on the page read (website content),2,not_stated,not_stated
Not stated on the pages read (published on GOV.UK),2,not_stated,not_stated
Not stated on the repository page,2,not_stated,not_stated
ODC-By,2,attribution,named_licence
OGC licence agreement (royalty free; copyright OGC),2,provider_terms,keyword
"OGL-3.0 (GOV.UK content, except where otherwise stated)",2,attribution,named_licence
"OGL-3.0 (HSE web content, except where otherwise stated)",2,attribution,named_licence
Open Data Commons Attribution License v1.0,2,attribution,named_licence
Open Government Licence - Ontario,2,attribution,named_licence
Open Government Licence - Toronto,2,attribution,named_licence
Open Government Licence V 3.0 (http://www.nationalarchives.gov.uk/doc/open-government-licence/version/3/),2,attribution,named_licence
Open Government Licence – Jersey v1.0,2,attribution,named_licence
Open Government Licence – Municipality of North Cowichan,2,attribution,named_licence
Open Licence - University of Northern British Columbia,2,attribution,keyword
Open licentie CC0 - Universeel,2,public_domain,named_licence
Open source (licence not named on the pages read),2,not_stated,not_stated
"OpenFEMA terms and conditions (U.S. government data, with citation requirements)",2,public_domain,named_licence
OpenFEMA terms and conditions (U.S. government data; citation requested),2,public_domain,named_licence
"Other (Public Domain), as labelled by the official repository",2,public_domain,keyword
PDDL-1.0 (as labelled on the portal),2,public_domain,named_licence
PIARC terms,2,provider_terms,keyword
Per dataset,2,varies,keyword
Permissive licence written for the code (modification and redistribution allowed),2,provider_terms,keyword
Proprietary (commercial licence),2,proprietary,keyword
Proprietary commercial product,2,proprietary,keyword
Proprietary; paid subscription,2,proprietary,keyword
Public domain (CFPB: information created by the CFPB is in the public domain),2,public_domain,keyword
Public domain (U.S. federal government statistics),2,public_domain,named_licence
Public domain (U.S. government data; marked other-pd on the Zenodo archive),2,public_domain,named_licence
Public domain (US Government work),2,public_domain,named_licence
Public domain (US Government),2,public_domain,named_licence
Public regulatory documents (reuse terms of the Bundesnetzagentur site),2,not_stated,keyword
Publisher copyright (ASCE conference paper),2,proprietary,keyword
Publisher copyright (IEEE conference paper),2,proprietary,keyword
Publisher licence (closed article; abstract public),2,proprietary,keyword
Russian standard terms for public open data (2016),2,provider_terms,keyword
SEE_TERMS_OF_USE,2,provider_terms,keyword
SNCF Open Data (https://data.sncf.com/pages/cgu),2,attribution,open_or_free
SPEC Fair Use Guidelines apply,2,provider_terms,keyword
See Terms of Use,2,not_stated,not_stated
Shared Dataset Agreement (https://ukpowernetworks.sharepoint.com/:b:/s/OpenDataPortalLibrary/ERuk7hTvqPNNsg5NvQ5TCecBLGxArOVJT4iO2JCMWqpAiw?e=NcRx1U),2,provider_terms,keyword
TRAI website terms,2,provider_terms,keyword
Text content CC BY-SA 4.0 (gov.pl); data licence not stated,2,share_alike,named_licence
This dataset is for public use.,2,other,fallback_other
"This dataset is made available for public download by Rice University. By sharing or using this dataset, you agree to give proper credit by referring to its digital object identifier (DOI). This dataset is made available under the Open Database License: http://opendatacommons.org/licenses/odbl/1.0/. Any rights in individual contents of the database are licensed under the Database Contents License: http://opendatacommons.org/licenses/dbcl/1.0/.",2,share_alike,named_licence
This dataset is to be published under a CC BY-NC-ND 4.0 license: https://creativecommons.org/licenses/by-nc-nd/4.0/,2,non_commercial,named_licence
This resource is shared under the Creative Commons Attribution-NoCommercial-ShareAlike CC BY-NC-SA.,2,non_commercial|attribution,named_licence
U.S. federal government data; no specific licence named on the page read,2,public_domain,named_licence
U.S. federal government data; no specific licence named on the pages read,2,public_domain,named_licence
U.S. federal government information (public domain),2,public_domain,named_licence
U.S. federal government work (no licence stated on the pages read; public domain inferred),2,public_domain,named_licence
US Government work (no restriction stated on the pages read),2,public_domain,named_licence
US federal government publication (public domain),2,public_domain,named_licence
US federal government work (terms not stated on the page),2,public_domain,named_licence
US federal regulation (public domain),2,public_domain,named_licence
"US government work, public domain",2,public_domain,named_licence
US public domain,2,public_domain,named_licence
US public domain (usa.gov public domain label),2,public_domain,named_licence
a licence or disclaimer text is given on the hub listing (1. The data are made available to the public solely for informational purposes. Information provided in the Caltrans GIS ...); terms not read in full,2,not_stated,not_stated
a licence or disclaimer text is given on the hub listing (Port boundaries are for statistical data collection and tabulation purposes only. Their depiction and designation for st ...); terms not read in full,2,not_stated,not_stated
apgl-v3,2,copyleft_code,named_licence
arXiv preprint (licence not stated),2,not_stated,not_stated
arXiv preprint; no code release was found,2,not_stated,keyword
as linked on the portal listing (http://creativecommons.org/publicdomain/mark/1.0/deed.nl),2,other,fallback_other
as linked on the portal listing (http://datos.apc.es/wps/portal/open-data/Datos-APC-Condiciones-de-uso),2,attribution,open_or_free
as linked on the portal listing (http://datos.gob.es/?q=aviso-legal),2,other,fallback_other
as linked on the portal listing (http://dcat-ap.de/def/licenses/dl-zero-de/2.0),2,public_domain,named_licence
"as linked on the portal listing (http://eplca.jrc.ec.europa.eu/ELCD3/templates/default/html/datasetLicense.html), European Commission reuse notice, CC-BY-4.0",2,attribution,named_licence
"as linked on the portal listing (http://inspire.ec.europa.eu/metadata-codelist/ConditionsApplyingToAccessAndUse/conditionsUnknown), as linked on the portal listing (https://creativecommons.org/licenses/by-nd/4.0/)",2,no_derivatives,named_licence
as linked on the portal listing (http://opendatacommons.org/licenses/by/summary/),2,other,fallback_other
as linked on the portal listing (http://www.magrama.gob.es/es/atencion-al-ciudadano/aviso-legal.aspx),2,other,fallback_other
"as linked on the portal listing (http://www.opendefinition.org/licenses/cc-by), as linked on the portal listing (http://www.opendefinition.org/licenses/odc-by)",2,attribution,named_licence
"as linked on the portal listing (http://www.opendefinition.org/licenses/cc-by), as linked on the portal listing (https://opendefinition.org/licenses/cc-by)",2,attribution,named_licence
as linked on the portal listing (https://creativecommons.org/licenses/by-nd/4.0/deed.lt),2,no_derivatives,named_licence
as linked on the portal listing (https://creativecommons.org/licenses/by-sa/4.0/deed.es_ES),2,share_alike,named_licence
"as linked on the portal listing (https://creativecommons.org/licenses/by/4.0/deed.de), as linked on the portal listing (https://creativecommons.org/licenses/by/3.0/at/deed.de)",2,attribution,named_licence
"as linked on the portal listing (https://creativecommons.org/licenses/by/4.0/deed.sk), as linked on the portal listing (http://inspire.ec.europa.eu/metadata-codelist/ConditionsApplyingToAccessAndUse/noConditionsApply)",2,attribution,named_licence
"as linked on the portal listing (https://creativecommons.org/licenses/by/4.0/legalcode.es), as linked on the portal listing (https://www.crtm.es/licencia-de-uso)",2,attribution,named_licence
as linked on the portal listing (https://data.cnmc.es/condiciones-de-uso),2,other,fallback_other
as linked on the portal listing (https://data.norge.no/nlod/no),2,attribution,named_licence
as linked on the portal listing (https://datosabiertos.dip-badajoz.es/es/pages/reutiliza-es),2,other,fallback_other
as linked on the portal listing (https://opendata.elhierro.es/terminos),2,other,fallback_other
as linked on the portal listing (https://puertos.sede.gob.es/Aviso-legal),2,other,fallback_other
as linked on the portal listing (https://resources.geodata.se/codelist/metadata/anvandningsrestriktioner.xml#CCby4.0),2,other,fallback_other
as linked on the portal listing (https://resources.geodata.se/codelist/metadata/anvandningsrestriktioner.xml#licensBehovs),2,other,fallback_other
as linked on the portal listing (https://services.cuzk.gov.cz/registry/codelist/ConditionsApplyingToAccessAndUse/authorizedUsers),2,provider_terms,keyword
as linked on the portal listing (https://seu.portsdebalears.gob.es/seuapb/fitxa/7796/condicions-dades-obertes),2,other,fallback_other
as linked on the portal listing (https://sg.geodatenzentrum.de/web_public/gdz/lizenz/geonutzv.pdf),2,other,fallback_other
as linked on the portal listing (https://www.granollers.cat/avis-legal),2,other,fallback_other
as linked on the portal listing (https://www.icane.es/footer/legal-advisory),2,other,fallback_other
as linked on the portal listing (https://www.lgl-bw.de/agb/),2,other,fallback_other
as linked on the portal listing (https://www.miteco.gob.es/es/atencion-al-ciudadano/aviso-legal.aspx),2,other,fallback_other
as linked on the portal listing (https://www.porttarragona.cat/ca/autoritat-portuaria-tarragona/dades-obertes#condicions),2,other,fallback_other
"cc-by, as linked on the portal listing (https://creativecommons.org/licenses/by/3.0/at/deed.de)",2,attribution,named_licence
commercial,2,proprietary,keyword
commercial licence (Fluidit),2,proprietary,keyword
commercial licence (VICUS; free student licence),2,proprietary,keyword
commercial software (licence terms not stated on the page read on 2026-09-29),2,not_stated,not_stated
commercial subscription terms,2,proprietary,keyword
commercial web service; terms not read,2,not_stated,not_stated
custom dataset terms (Harvard Dataverse custom licence),2,provider_terms,keyword
etalab-2.0 (INSEE: data on the site under Licence Ouverte 2.0),2,attribution,named_licence
eupl-1.2,2,copyleft_code,named_licence
free download under the JODI website terms of use (no data licence stated),2,provider_terms,keyword
free for academic and research purposes; exact reuse terms require provider agreement,2,non_commercial,keyword
"free proprietary licence (CNES: ""Licence propriétaire gratuite"")",2,proprietary,keyword
free use with no restriction on scope (public data portal terms),2,attribution,keyword
gpl-3.0,2,copyleft_code,named_licence
https://www.statcan.gc.ca/en/terms-conditions/open-licence,2,provider_terms,keyword
keine kommerzielle Nutzung,2,other,fallback_other
licence given by link only (http://virginia-gtfs.com/),2,provider_terms,keyword
licence given by link only (https://511.org/sites/default/files/pdfs/511_Data_Agreement_Final.pdf); not stated in the Mobility Database listing (licence field empty),2,not_stated,not_stated
licence given by link only (https://actv.avmspa.it/it/content/catalogo-dei-dati-metadati-e-banche-dati-actv),2,provider_terms,keyword
licence given by link only (https://exo.quebec/fr/a-propos/donnees-ouvertes/FormulaireDemandeAcces); not stated in the Mobility Database listing (licence field empty),2,not_stated,not_stated
licence given by link only (https://github.com/tmlmobilidade/go?tab=AGPL-3.0-1-ov-file),2,copyleft_code,named_licence
licence given by link only (https://judu.lt/wp-content/uploads/2022/03/Duomenu-naudojimo-salygos-lt.pdf),2,provider_terms,keyword
licence given by link only (https://opendata.waltti.fi/docs#gtfs-packages),2,provider_terms,keyword
licence given by link only (https://ridetrinitymetro.org/gtfs-data/),2,provider_terms,keyword
licence given by link only (https://www.bctransit.com/open-data/terms-of-use); licence given by link only (https://www.bctransit.com/open-data/terms-of-use/),2,provider_terms,keyword
licence given by link only (https://www.cata.org/Portals/0/CATAGTFSLicenseAgreement20150323.pdf),2,provider_terms,keyword
licence given by link only (https://www.donneesquebec.ca/licence/),2,provider_terms,keyword
licence given by link only (https://www.foothilltransit.org/about/developer-resources/developer-license-agreement/); not stated in the Mobility Database listing (licence field empty),2,not_stated,not_stated
licence given by link only (https://www.gotransit.com/en/partner-with-us/software-developers),2,provider_terms,keyword
licence given by link only (https://www.gpmetro.org/about-us/projects-initiatives/developers/),2,provider_terms,keyword
licence given by link only (https://www.mpkrzeszow.pl/otwartedane/); not stated in the Mobility Database listing (licence field empty),2,not_stated,not_stated
licence given by link only (https://www.nvbw.de/open-data/lizenz),2,provider_terms,keyword
licence given by link only (https://www.sardegnamobilita.it/open-data),2,provider_terms,keyword
licence given by link only (https://www.stm.info/en/about/developers/terms-use),2,provider_terms,keyword
no restriction on use (Public Data Portal licence field),2,public_domain,keyword
not stated (Japanese government material),2,not_stated,not_stated
not stated (US Government publication; no licence text read on the page 2026-09-29),2,not_stated,not_stated
not stated (all rights reserved notice),2,not_stated,not_stated
not stated (data set page not opened on 2026-10-01),2,not_stated,not_stated
not stated (data.gov.uk: 'No Licence Provided'),2,not_stated,not_stated
not stated (data.overheid.nl: 'Onbekende licentie'; access restricted),2,not_stated,not_stated
not stated (no licence or terms statement in the PDF read on 2026-09-29; a US federal agency report),2,not_stated,not_stated
not stated (no licence or terms statement on the DOE Data Explorer record read on 2026-09-29),2,not_stated,not_stated
not stated (no licence or terms statement on the provider pages read on 2026-09-29),2,not_stated,not_stated
not stated (no licence text found in the PDF text read on 2026-09-29),2,not_stated,not_stated
"not stated (the data.gov.au entry says ""License Not Specified"")",2,not_stated,not_stated
"not stated (the portal record carries no licence field, read on 2026-09-29)",2,not_stated,not_stated
not stated for the model code; the describing arXiv preprint is under the CC-BY-4.0,2,not_stated,not_stated
not stated for the model; open.rijkswaterstaat.nl content is CC0,2,not_stated,not_stated
not stated for the resource; the describing article is CC-BY-SA-4.0,2,not_stated,not_stated
not stated in the PDF text read on 2026-09-29; IAEA publication terms apply,2,not_stated,not_stated
not stated in the pages read,2,not_stated,not_stated
not stated in the repository (no licence file found),2,not_stated,not_stated
not stated in the resource metadata,2,not_stated,not_stated
not stated in the tool read,2,not_stated,not_stated
not stated on the EPA page,2,not_stated,not_stated
not stated on the dataset ('Licencia no especificada'); Postdata terms: free access to public data without restriction,2,not_stated,not_stated
not stated on the front page,2,not_stated,not_stated
not stated on the page read (commercial licence),2,not_stated,not_stated
not stated on the page read (commercial subscription),2,not_stated,not_stated
not stated on the tool page,2,not_stated,not_stated
not stated; DLR site terms require permission from the rights holder for reuse,2,not_stated,not_stated
opendata.swiss Open use,2,attribution,keyword
"other licence, not open, as labelled on the portal",2,proprietary,keyword
other open licence (as listed on opendata.gouv.tg),2,attribution,keyword
proprietary (closed source; contact NREL),2,proprietary,keyword
proprietary commercial licence,2,proprietary,keyword
proprietary commercial software,2,proprietary,keyword
public domain (as given on the registry page),2,public_domain,keyword
"public, no use restrictions (USACE)",2,not_stated,keyword
set per dataset; the registry page of each dataset states the terms,2,varies,keyword
"stated as ""Commercial"" on the registry page",2,proprietary,keyword
"terms recorded on the dataset page: All maps or other documents produced using data or data products supplied through this agreement should contain a data source credit, prominently disp",2,provider_terms,keyword
terms recorded on the dataset page: For Non-commercial use only. Acknowledgment of the Bureau of Transportation Statistics National Transportation Atlas would be appreciated in products,2,non_commercial,keyword
"terms recorded on the dataset page: For educational non-commercial use only. The City of Cambridge makes no claims, no representations, and no warranties, express or implied, concerning",2,non_commercial,keyword
terms recorded on the dataset page: For educational or non-commercial use only.,2,non_commercial,keyword
terms recorded on the dataset page: For non-commercial use only. Acknowledgment of the Bureau of Transportation Statistics National Transportation Atlas would be appreciated in products,2,non_commercial,keyword
terms recorded on the dataset page: No part of this data product is allowed to be reproduced or re-distributed to any other parties without permission.,2,provider_terms,keyword
unclear (as given on the wiki page),2,not_stated,not_stated
İBB Open Data Licence (attribution; commercial reuse allowed),2,attribution,keyword
511 data terms (free with token),1,provider_terms,keyword
5G-MAG licence model (open-source licences per tool),1,provider_terms,keyword
"<DIV STYLE=""text-align:Left;""><DIV><DIV><P STYLE=""margin:0 0 11 0;""><SPAN>Public – data could be made publicly available without restrictions.</SPAN></P></DIV></DIV></DIV>",1,public_domain,keyword
"<DIV STYLE=""text-align:Left;""><DIV><DIV><P><SPAN>1. The data are made available to the public solely for informational purposes. Information provided in the Caltrans GIS Data Library is accurate to the best of our knowledge and is subject to change on a regular basis, without notice. While Caltrans makes every effort to provide useful and accurate information, we do not warrant the information to be authoritative, complete, factual, or timely. Information is provided on an ""as is"" and an ""as available"" basis. The Department of Transportation is not liable to any party for any cost or damages, including any direct, indirect, special, incidental, or consequential damages, arising out of or in connection with the access or use of, or the inability to access or use, the Site or any of the Materials or Services described herein.</SPAN></P><P><SPAN>2. License - Creative Commons 4.0 Attribution</SPAN></P></DIV></DIV></DIV>",1,provider_terms,keyword
"<div style='text-align:Left; font-size:12pt;'><p><span>Users are free to use, copy, distribute, transmit, and adapt the work for commercial and non-commercial purposes, without restriction, as long as clear attribution of the source is provided.</span></p><p><span></span></p><p><br /></p></div> (as labelled on the portal)",1,public_domain,keyword
"ACEEE copyright; citation welcome, certain uses need written permission and for-profit uses may be charged",1,proprietary,keyword
ACER copyright notice: public documents may be reproduced with the source acknowledged; downloading licensed material beyond personal use needs permission,1,not_stated,keyword
"ACER copyright, all rights reserved; reuse terms not stated",1,not_stated,not_stated
"ACLED end user licence agreement (registration, attribution required)",1,attribution,keyword
ACMA licence usage conditions for RRL data,1,provider_terms,keyword
ACTB branch licence not established; do not infer from the older BOPTEST README,1,not_stated,not_stated
ADB terms of use (no open licence stated),1,not_stated,not_stated
"ADB terms of use: data may be copied, adapted and redistributed for commercial and non-commercial purposes at no cost, with attribution to ADB",1,proprietary,keyword
AGES website terms (no open licence named on the page),1,not_stated,not_stated
AGPL-1.0 as labelled by GitLab; version not independently interpreted,1,copyleft_code,named_licence
AGPL-3,1,copyleft_code,named_licence
"AGPL-3.0 (GNU Affero General Public License, per the LICENSE file)",1,copyleft_code,named_licence
AGPL-3.0 (commercial licences available),1,copyleft_code|proprietary,named_licence
AGPL-3.0 (historic open-source code); hosted API under Hove terms,1,copyleft_code,named_licence
AGPL-3.0 (ladybug core library),1,copyleft_code,named_licence
"AGPL-3.0 code; ENTSO-E, Elexon, GIE and Fraunhofer source-feed rights separate.",1,copyleft_code,named_licence
AGPL-3.0 for MaCySTe; upstream terrain and third-party component terms apply separately,1,copyleft_code,named_licence
"AGPL-3.0 for honeybee-core; extensions, engines and host CAD software have separate terms.",1,copyleft_code,named_licence
AGPL-3.0 for non-commercial purposes (as stated in the paper),1,copyleft_code,named_licence
AGPL-3.0 for program code; data licences may differ,1,copyleft_code,named_licence
AGPL-3.0 for repository code; user-supplied building and reference datasets have separate rights.,1,copyleft_code,named_licence
AGPL-3.0 or GPL-3.0 for most simulation engines; LGPL-2.1 for several utility libraries; third-party packages under their own licences,1,copyleft_code,named_licence
AGPL-3.0 or commercial,1,copyleft_code,named_licence
AGPL-3.0-only with Commons Clause (no right to sell),1,copyleft_code,named_licence
AGPL-3.0-or-later (code); input data bundle marked other-open with per-dataset licences,1,copyleft_code,named_licence
AGPL-3.0-or-later (commercial licence available),1,copyleft_code|proprietary,named_licence
AGPL-3.0-or-later (engine); manual CC-BY-NC-SA-4.0,1,non_commercial|copyleft_code,named_licence
AGPL-3.0-or-later for repository code; BMP source data retain separate terms.,1,copyleft_code,named_licence
AGPL-3.0-or-later in Zenodo; GPL-3.0 in current repository; version conflict unresolved,1,copyleft_code,named_licence
AGPL-3.0-or-later with REMIND License Exception 1.0,1,copyleft_code,named_licence
"AGPL-3.0-or-later, GPL-3.0-or-later and CC0-1.0 (per-file licences under REUSE)",1,public_domain|copyleft_code,named_licence
AGPL-3.0-or-later; repository README clarifies the Zenodo apgl-v3 identifier,1,copyleft_code,named_licence
AISHub terms (data sharing membership),1,provider_terms,keyword
"AMES License (BSD-2-Clause style, Battelle)",1,permissive_code,named_licence
AMS-IX copyright; free to read,1,not_stated,keyword
AMS-IX terms of use,1,provider_terms,keyword
APSIM General Use Licence (free for non-commercial public-good use); Special Use Licence otherwise,1,non_commercial,keyword
ASAM licensing terms (standards are ASAM intellectual property; rights of use granted under the ASAM licence terms),1,provider_terms,keyword
ASCE Hazard Tool terms of use,1,provider_terms,keyword
ASEP lawful use with source attribution,1,attribution,keyword
ASFINAG ATSD terms of use,1,provider_terms,keyword
"ASHRAE copyright; Weather Data Viewer for personal use only, with separate licences for software developers",1,varies,keyword
ASHRAE copyright; standards and the encyclopedia are sold or subscription-based (page read),1,proprietary,keyword
ASHRAE terms; the standard itself is sold separately,1,proprietary,keyword
ATIH open data terms,1,provider_terms,keyword
ATO terms: attributed personal and non-profit use; commercial use requires prior written permission,1,proprietary,keyword
ATSC copyright; free download,1,provider_terms,keyword
AURIN terms of use (royalty-free licence to use the services) plus the relevant data licence of each dataset,1,varies,keyword
AWS copyright; free to read,1,not_stated,keyword
"Aaltodoc terms: all rights belong to the author; personal use (download, display, print) allowed, commercial use prohibited",1,proprietary,keyword
Academic Free License (version not stated),1,permissive_code,named_licence
Academic Free License 3.0 (a few files under other open licences),1,permissive_code,named_licence
Academic Free License v3.0 for documented version,1,permissive_code,named_licence
Academic Public License (non-commercial); commercial use via OMNEST,1,non_commercial,keyword
Academic and Research Use Only (as given in the list),1,non_commercial,keyword
Academic use licence (TU Wien),1,provider_terms,keyword
Access Only (BC Data Catalogue),1,proprietary,keyword
Access on request to the corresponding author,1,proprietary,keyword
Access under the PEERING acceptable use policy,1,provider_terms,keyword
Affero General Public License Version 3,1,copyleft_code,named_licence
African Union copyright; free to read,1,not_stated,keyword
"Aggregated public planning records; postcode and boundary data under OGL, OS OpenData and ODbL; linked documents under local authority copyright",1,share_alike|attribution,named_licence
Aggregated results only; underlying records are anonymised and not released,1,not_stated,keyword
All reproduction rights reserved according to the ISEE legal notice; electronic reproduction needs permission from the publication director,1,provider_terms,keyword
"All rights reserved (Geoengineer.org, ARGO-E Group)",1,proprietary,keyword
All rights reserved (no use without permission),1,proprietary,keyword
All rights reserved (repository terms allow one copy for private study),1,proprietary,keyword
All rights reserved (site footer: Copyright 2023 National Agriculture Market Project),1,proprietary,keyword
All rights reserved by LAC-IX; free to read,1,not_stated,keyword
"All rights reserved, ACI Asia-Pacific 2023 (no reproduction without permission)",1,proprietary,keyword
Ameren Custom Terms of Use (https://www.ameren.com/terms),1,provider_terms,keyword
Apache 2.0 (app code); data free with credit to contributors,1,permissive_code,named_licence
Apache 2.0 (site recovery data CC BY 4.0),1,attribution|permissive_code,named_licence
"Apache Licence, Version 2.0 (code, documentation). ODBL (data) (as given on the wiki page)",1,share_alike|permissive_code,named_licence
"Apache License 2.0 (code), Open Government Licence v3.0 (documentation)",1,attribution|permissive_code,named_licence
Apache-2.0 (API specification files),1,permissive_code,named_licence
Apache-2.0 (OSDU community code),1,permissive_code,named_licence
Apache-2.0 (PyPI package metadata),1,permissive_code,named_licence
Apache-2.0 (alternative BSD for qualifying contributors); datasets CC-BY-4.0,1,attribution|permissive_code,named_licence
Apache-2.0 (as stated on Kaggle),1,permissive_code,named_licence
Apache-2.0 (code); custom data licence,1,permissive_code,named_licence
Apache-2.0 (code); data terms set by HERE,1,permissive_code,named_licence
Apache-2.0 (open portions); Speckle Enterprise Edition terms for named modules,1,permissive_code,named_licence
Apache-2.0 (repository page read),1,permissive_code,named_licence
Apache-2.0 (source); GPL-3.0 (binaries),1,copyleft_code|permissive_code,named_licence
Apache-2.0 (specification repository),1,permissive_code,named_licence
Apache-2.0 (tools); ArcGIS licence required,1,permissive_code,named_licence
"Apache-2.0 claimed in repository README, but the linked LICENSE file is absent from the inspected tree; dataset rights are uncertain.",1,permissive_code,named_licence
Apache-2.0 code; CC BY-NC assets; documentation public hosting prohibited,1,non_commercial|permissive_code,named_licence
Apache-2.0 code; CC-BY-NC-SA-4.0 and source-specific data terms,1,non_commercial|permissive_code,named_licence
"Apache-2.0 for code; CC BY 4.0 for datasets, as stated in version v1.1.0 release notes",1,attribution|permissive_code,named_licence
Apache-2.0 for most components; Linux Foundation terms of use for the site,1,permissive_code,named_licence
Apache-2.0 for most files; per-file SPDX licences apply,1,permissive_code,named_licence
"Apache-2.0 for project code, documents and investigation catalog; third-party data follow provider-specific terms.",1,permissive_code,named_licence
Apache-2.0 for repository code; PTV Visum separately licensed,1,permissive_code,named_licence
Apache-2.0 for the core; plugin terms differ,1,permissive_code,named_licence
Apache-2.0 main code; third-party component licences apply,1,permissive_code,named_licence
Apache-2.0 package; SimBench ODbL-1.0 and DbCL-1.0; upstream attribution retained,1,share_alike|permissive_code,named_licence
Apache-2.0 with additional commercial-use and redistribution restrictions,1,permissive_code,named_licence
Apache-2.0-or-later,1,permissive_code,named_licence
Applications: GPL-3.0; shared libraries: LGPL as specified per library,1,copyleft_code,named_licence
Approved for public release; SPARTA terms of service,1,provider_terms,keyword
AquaTool licence (free for evaluation and students; priced licences for other users),1,provider_terms,keyword
Article CC BY 4.0 (US Government work); data in USGS ScienceBase,1,attribution|public_domain,named_licence
Article CC BY 4.0; code availability not stated on the page read,1,attribution,named_licence
Article CC BY 4.0; code licence not stated on the page read,1,attribution,named_licence
Article CC BY 4.0; dataset terms set by the data centre (not read),1,attribution,named_licence
Article CC BY 4.0; model files in the supporting information,1,attribution,named_licence
Article CC BY; software licence not stated on the page read,1,attribution,named_licence
Article CC-BY-4.0; data licence not read,1,attribution,named_licence
Article access by subscription; method described in the paper,1,proprietary,keyword
Article licence not read; mortality data not public,1,not_stated,not_stated
Article open access in JASSS; code licence not stated on the page read,1,not_stated,not_stated
Article under CC BY-NC-ND 4.0; the OSF dataset licence was not read,1,non_commercial,named_licence
Article under a Creative Commons licence (variant not read),1,not_stated,not_stated
Arup REDi licence (limited worldwide licence for non-commercial and commercial use; no resale),1,non_commercial,keyword
Asiaq terms of use for free geodata,1,provider_terms,keyword
Attribution licence (credit Ringmast4r - Global-Data-Center-Map),1,attribution,keyword
"Attribution, pas d’utilisation commerciale, partage dans les mêmes conditions (CC-BY-NC-SA 4.0)",1,non_commercial,named_licence
Attribution-NonCommercial 3.0 Unported (Embargo: 2020-08-21),1,non_commercial,named_licence
Attribution-NonCommercial 4.0 International (CC BY-NC 4.0),1,non_commercial,named_licence
Auckland Council Catchments and Hydrology data set disclaimer (no open licence named on the layer pages),1,not_stated,not_stated
Australian Government service; free,1,attribution,open_or_free
Author manuscript openly available; publisher copyright,1,proprietary,keyword
Author's copyright; free to read (GCAT under an open licence),1,not_stated,keyword
Authors' copyright; free to read,1,not_stated,keyword
Available March 2018,1,other,fallback_other
BAN website terms; free to view,1,provider_terms,keyword
BASt open data terms (not read),1,not_stated,not_stated
BCMT terms of use,1,provider_terms,keyword
BGR and UNESCO copyright; may be used and reproduced without further permission with acknowledgement of BGR & UNESCO,1,provider_terms,keyword
BGS NGDC Terms and Conditions (deposited data; no open licence named on the pages read),1,not_stated,not_stated
BGS commercial data licence,1,proprietary,keyword
BGS licence (copyright NERC); index layer free to view,1,provider_terms,keyword
BGS terms (academic use; commercial use by agreement),1,proprietary,keyword
BGS terms (factual parts open for public inspection),1,provider_terms,keyword
BIG copyright (no open licence stated),1,not_stated,not_stated
BIPM terms of use,1,provider_terms,keyword
BIPT data portal terms of use (not read),1,not_stated,not_stated
BIS publication (reuse terms not stated on the page read),1,not_stated,not_stated
BIS terms of use (not stated on the page read),1,not_stated,not_stated
"BMRS Data Licence (royalty-free, perpetual, commercial use allowed, attribution ""Contains BMRS data © Elexon Limited copyright and database right [year]"")",1,attribution,keyword
BSD (HydroClient source code and documentation),1,permissive_code,named_licence
BSD (TinyOS; variant not stated),1,permissive_code,named_licence
BSD (as given in the list),1,permissive_code,named_licence
BSD (variant not stated on the page read),1,permissive_code,named_licence
BSD 2-Clause (code),1,permissive_code,named_licence
BSD 2-Clause (repository text includes a naming restriction),1,permissive_code,named_licence
BSD 3-Clause,1,permissive_code,named_licence
BSD 3-clause,1,permissive_code,named_licence
BSD 3-clause 'New' or 'Revised' license,1,permissive_code,named_licence
BSD licence,1,permissive_code,named_licence
BSD-2-Clause (as given in the list),1,permissive_code,named_licence
BSD-2-Clause terms in repository License.txt; article reports GNU GPL,1,copyleft_code|permissive_code,named_licence
BSD-2-Clause-NetBSD (Zenodo metadata); GitHub repository identifies BSD-2-Clause,1,permissive_code,named_licence
BSD-2-Clause-style custom terms,1,permissive_code,named_licence
BSD-2-Clause; ANTApp GPL-3.0,1,copyleft_code|permissive_code,named_licence
BSD-2.0 (as given in the list),1,permissive_code,named_licence
BSD-3-Clause (AgriFoodPy and agrifoodpy-shocks),1,permissive_code,named_licence
BSD-3-Clause (Cropping System Model code),1,permissive_code,named_licence
BSD-3-Clause (EnergyPlus BSD-style licence),1,permissive_code,named_licence
BSD-3-Clause (LANL copyright),1,permissive_code,named_licence
BSD-3-Clause (LBNL modified BSD),1,permissive_code,named_licence
BSD-3-Clause (Open MPI variant) for OCUDU; srsRAN Project AGPL-3.0,1,copyleft_code|permissive_code,named_licence
BSD-3-Clause (OpenStudio licence),1,permissive_code,named_licence
BSD-3-Clause (Python source); separately licensed solver,1,permissive_code,named_licence
BSD-3-Clause (RouteE Powertrain and RouteE Compass),1,permissive_code,named_licence
BSD-3-Clause (Triad National Security copyright),1,permissive_code,named_licence
"BSD-3-Clause (Triad National Security copyright, MICOT LA-CC-13-108)",1,permissive_code,named_licence
BSD-3-Clause (as stated in the paper),1,permissive_code,named_licence
BSD-3-Clause (code); OSM input data ODbL,1,share_alike|permissive_code,named_licence
BSD-3-Clause (code); case files not covered by the BSD licence,1,permissive_code,named_licence
"BSD-3-Clause (copyright Alliance for Sustainable Energy, LLC)",1,permissive_code,named_licence
BSD-3-Clause (repository LICENSE; README badge says BSD-2-Clause),1,permissive_code,named_licence
BSD-3-Clause by reference to NeuralHydrology LICENSE in README; Zenodo metadata has no licence identifier,1,permissive_code,named_licence
BSD-3-Clause code; input datasets retain their own terms,1,permissive_code,named_licence
BSD-3-Clause for code; supplied case files have separate terms,1,permissive_code,named_licence
BSD-3-Clause linked repository; Zenodo archive labelled other-open,1,permissive_code,named_licence
BSD-3-Clause-CLEAR,1,permissive_code,named_licence
BSD-3-Clause-Clear,1,permissive_code,named_licence
BSD-3-Clause-LBNL,1,permissive_code,named_licence
"BSD-3-Clause-style IDAES terms, with voluntary enhancement contribution clause",1,permissive_code,named_licence
BSD-3-Clause-style custom ERF terms,1,permissive_code,named_licence
BSD-3-Clause-style pvOps terms,1,permissive_code,named_licence
BSD-3-Clause-style terms; organisation placeholder retained in licence text,1,permissive_code,named_licence
BSD-3-Clause; dependencies have separate licences,1,permissive_code,named_licence
BSD-3-Clause; earlier NOAA-derived code has public-domain provenance,1,permissive_code|public_domain,named_licence
BSD-3-Clause; requires a PSS/E licence,1,permissive_code,named_licence
BSD-style (Battelle Memorial Institute),1,permissive_code,named_licence
BSD-style (DISPATCHES licence agreement),1,permissive_code,named_licence
BSD-style (Delft University of Technology),1,permissive_code,named_licence
BSD-style (SEED Platform licence),1,permissive_code,named_licence
BSD-style FOQUS licence with voluntary-enhancement grant,1,permissive_code,named_licence
BSD-style IDAES licence (pyproject: BSD),1,permissive_code,named_licence
BSD-style OpenStudio licence (Alliance for Sustainable Energy),1,permissive_code,named_licence
BSD-style licence with additional enhancements grant (legal.md),1,permissive_code,named_licence
BSD-style redistribution licence with URBANopt trademark condition; separate bundled-component terms,1,permissive_code,named_licence
BSD-style three-clause licence with DOE rights notice,1,permissive_code,named_licence
BSD2-Clause (Battelle licence text with additional naming and citation conditions),1,permissive_code,named_licence
BSD2-Simplified,1,permissive_code,named_licence
BSD; consult the distribution for the exact variant,1,permissive_code,named_licence
BUSL-1.1,1,other,fallback_other
Badan Pangan Nasional terms (no licence named on the page),1,not_stated,not_stated
Balmforth report under Open Government Licence v3.0; ASDSO page licence not stated,1,attribution,named_licence
Barbados Statistical Service Open Licence Agreement,1,attribution,keyword
Basel Convention Secretariat website terms (no open licence named),1,not_stated,not_stated
Battelle BSD-style licence (redistribution and modification permitted with notice),1,permissive_code,named_licence
Battelle permissive custom licence,1,provider_terms,keyword
Battelle permissive source and binary redistribution licence (README),1,provider_terms,keyword
"Blog and news articles, all rights reserved",1,proprietary,keyword
"Blog posts, all rights reserved",1,proprietary,keyword
Book supplement under the publisher's terms; the project's final report calls the manager tool open source,1,provider_terms,keyword
Built from public domain imagery and public domain official building footprints (terms on the dataset page),1,public_domain,keyword
"Bundesnetzagentur; free to view, no open licence found",1,not_stated,not_stated
"CAA terms (reference required, no resale)",1,provider_terms,keyword
CAA terms agreed per request,1,provider_terms,keyword
CAIDA Acceptable Use Agreement,1,provider_terms,keyword
CAIDA acceptable use agreement,1,provider_terms,keyword
CAIDA and IMPACT data use agreements,1,provider_terms,keyword
CAP LTER custom public-use terms,1,provider_terms,keyword
CARATS Open Data terms of use (research and education use; no redistribution; acknowledgement required),1,provider_terms,keyword
CBS terms of use (linked; not read),1,not_stated,not_stated
CC BY (HDX dataset),1,attribution,named_licence
CC BY (Ukraine series on HDX); CC BY-IGO (historic series); WHO copyright for the dashboard,1,attribution,named_licence
CC BY (article and supplementary files),1,attribution,named_licence
CC BY (article); no code released,1,attribution,named_licence
CC BY (as labelled on each file),1,attribution,named_licence
CC BY (as stated on dados.gov.pt),1,attribution,named_licence
CC BY (as stated on the portal),1,attribution,named_licence
CC BY (figshare dataset); article CC BY-NC-ND,1,non_commercial|attribution,named_licence
CC BY (open access licence recorded by OpenAlex; publisher page not fetched),1,attribution,named_licence
"CC BY (with citation, as stated on the platform)",1,attribution,named_licence
CC BY 2.5 AR,1,attribution,named_licence
CC BY 3.0,1,attribution,named_licence
CC BY 3.0 (article),1,attribution,named_licence
CC BY 3.0 (https://creativecommons.org/licenses/by/3.0/),1,attribution,named_licence
CC BY 3.0 (per the API specification's licence statement),1,attribution,named_licence
CC BY 4.0 (2023 release); not stated in the DataCite metadata for the DANS releases,1,attribution,named_licence
CC BY 4.0 (CHO dataset); CC0 1.0 (Schema.org Rijksmonumenten subset),1,public_domain|attribution,named_licence
CC BY 4.0 (ComReg statistics); CSO and Tailte Éireann boundaries,1,attribution,named_licence
"CC BY 4.0 (Dataset), GNU GPL v3.0 (Code) (as given on the wiki page)",1,attribution|copyleft_code,named_licence
"CC BY 4.0 (European Commission reuse policy, Decision 2011/833/EU)",1,attribution,named_licence
CC BY 4.0 (OSF project),1,attribution,named_licence
CC BY 4.0 (PCN index); Kp by GFZ under a Creative Commons Attribution licence,1,attribution,named_licence
CC BY 4.0 (README); the datapackage metadata names ODC-PDDL-1.0,1,attribution|public_domain,named_licence
CC BY 4.0 (Tochno.st flat-table version); not stated for the GeoJSON files,1,attribution,named_licence
CC BY 4.0 (WSF 2019),1,attribution,named_licence
CC BY 4.0 (Zenodo record),1,attribution,named_licence
CC BY 4.0 (Zenodo record); the article is CC BY-NC,1,non_commercial|attribution,named_licence
CC BY 4.0 (Zenodo release),1,attribution,named_licence
CC BY 4.0 (Zenodo release); GPL-3.0 (GitHub repository),1,attribution|copyleft_code,named_licence
CC BY 4.0 (Zenodo); a non-commercial Creative Commons licence is listed on the GEE catalog page,1,attribution,named_licence
CC BY 4.0 (article); no code licence stated,1,attribution,named_licence
CC BY 4.0 (as given on the registry page),1,attribution,named_licence
CC BY 4.0 (as recorded in the DataCite metadata of the DOI),1,attribution,named_licence
"CC BY 4.0 (as stated on the RDF download page, per Bioregistry)",1,attribution,named_licence
CC BY 4.0 (as stated on the Zenodo record),1,attribution,named_licence
CC BY 4.0 (as stated on the record; files restricted),1,attribution,named_licence
CC BY 4.0 (compiled data); MIT (code); third-party records under their issuers' terms,1,attribution|permissive_code,named_licence
"CC BY 4.0 (data), MIT (code)",1,attribution|permissive_code,named_licence
CC BY 4.0 (dataset); MIT (code),1,attribution|permissive_code,named_licence
CC BY 4.0 (deposit metadata),1,attribution,named_licence
"CC BY 4.0 (except third party material, trade marks and images)",1,attribution,named_licence
CC BY 4.0 (figshare items),1,attribution,named_licence
"CC BY 4.0 (for data produced directly by GSI, per the hub item licence text)",1,attribution,named_licence
CC BY 4.0 (identifiers and labels); tweet text on request,1,attribution,named_licence
CC BY 4.0 (item read),1,attribution,named_licence
CC BY 4.0 (licence field on each dataset),1,attribution,named_licence
CC BY 4.0 (metadata; access requires agreement),1,attribution,named_licence
CC BY 4.0 (mirrored tools keep their own licences),1,attribution,named_licence
CC BY 4.0 (paper); data deposit licence not read,1,attribution,named_licence
CC BY 4.0 (per data model),1,attribution,named_licence
CC BY 4.0 (preprint),1,attribution,named_licence
CC BY 4.0 (preprint); underlying Bicing data supplied by the operator,1,attribution,named_licence
CC BY 4.0 (restricted record),1,attribution,named_licence
"CC BY 4.0 (restricted record, non-commercial research on request)",1,attribution,named_licence
CC BY 4.0 (site footer),1,attribution,named_licence
CC BY 4.0 (source release on Zenodo),1,attribution,named_licence
"CC BY 4.0 (stated in metadata); geometry withheld, on request",1,attribution,named_licence
CC BY 4.0 (stated in the paper footer),1,attribution,named_licence
CC BY 4.0 (stated in the report),1,attribution,named_licence
CC BY 4.0 (stated on the PubMed Central page and recorded by OpenAlex),1,attribution,named_licence
CC BY 4.0 (stated on the Redatam site),1,attribution,named_licence
CC BY 4.0 (stated on the article page),1,attribution,named_licence
CC BY 4.0 (stations 00001-41000 only; others need OPW permission),1,attribution,named_licence
CC BY 4.0 (statistics); CC0 (geoportal layer),1,public_domain|attribution,named_licence
CC BY 4.0 (the page also allows use under ODC BY or ODbL),1,attribution|share_alike,named_licence
CC BY 4.0 (unless stated otherwise in the README),1,attribution,named_licence
CC BY 4.0 and MIT,1,attribution|permissive_code,named_licence
CC BY 4.0 for PLATEAU-derived data bundles; attribution required.,1,attribution,named_licence
CC BY 4.0 for data produced by Our World in Data; third-party data keep their original licences,1,attribution,named_licence
CC BY 4.0 for most datasets (some custom),1,attribution,named_licence
CC BY 4.0 for the Zenodo deposit.,1,attribution,named_licence
CC BY 4.0 for the compilation; source survey licences also apply,1,attribution,named_licence
CC BY 4.0 for the master data files and project information; source documents under their own terms,1,attribution,named_licence
CC BY 4.0 for the paper; code licence unknown,1,attribution,named_licence
CC BY 4.0 for the published GTFS and generator; upstream NeTEx terms separate.,1,attribution,named_licence
CC BY 4.0 repository materials; Environment Agency source observations under OGL 3.0.,1,attribution,named_licence
CC BY 4.0 unless a layer states otherwise,1,attribution,named_licence
"CC BY 4.0 unless stated otherwise, with attribution to Energy-Charts.info",1,attribution,named_licence
CC BY 4.0 with FAO database terms of use,1,attribution,named_licence
CC BY 4.0 with a clause excluding Statista,1,attribution,named_licence
"CC BY 4.0, as displayed by the Mendeley Data version-1 record.",1,attribution,named_licence
"CC BY, from the OpenAlex record",1,attribution,named_licence
CC BY-NC 4.0 (commercial use by permission),1,non_commercial,named_licence
CC BY-NC 4.0 (data); MIT (code),1,non_commercial|permissive_code,named_licence
CC BY-NC 4.0 except where stated; commercial licences available,1,non_commercial|proprietary,named_licence
CC BY-NC per the OpenAlex record for the article; the software's own licence was not read,1,non_commercial,named_licence
CC BY-NC-ND,1,non_commercial,named_licence
CC BY-NC-ND (article; page states a Creative Commons Attribution-NonCommercial-NoDerivatives licence),1,non_commercial,named_licence
CC BY-NC-ND (article; page states an open access article under CC BY-NC-ND),1,non_commercial,named_licence
CC BY-NC-ND (open access article),1,non_commercial,named_licence
CC BY-NC-ND 3.0 FR (https://creativecommons.org/licenses/by-nc-nd/4.0/),1,non_commercial,named_licence
CC BY-NC-ND 4.0 (article page),1,non_commercial,named_licence
CC BY-NC-ND 4.0 (as given in the list),1,non_commercial,named_licence
CC BY-NC-ND 4.0 (paper),1,non_commercial,named_licence
"CC BY-NC-ND 4.0 for this repository; WorldPop, OSM and CORESIDENCE inputs retain separate terms.",1,non_commercial,named_licence
"CC BY-NC-ND, from the OpenAlex record (the publisher page refused the session)",1,non_commercial,named_licence
CC BY-NC-SA,1,non_commercial,named_licence
CC BY-NC-SA 2.0,1,non_commercial,named_licence
CC BY-NC-SA 3.0 IGO,1,non_commercial,named_licence
CC BY-NC-SA 3.0 Unported (stated on the title page),1,non_commercial,named_licence
CC BY-NC-SA 4.0 (Science Data Bank release),1,non_commercial,named_licence
CC BY-NC-SA 4.0 (article),1,non_commercial,named_licence
CC BY-NC-SA 4.0 (as given on the registry page),1,non_commercial,named_licence
CC BY-NC-SA 4.0 (with an included end user licence),1,non_commercial,named_licence
CC BY-NC-SA 4.0 for the repository work; underlying EPRI/ISC source-data rights require separate review.,1,non_commercial|permissive_code,named_licence
CC BY-NC-SA 4.0; commercial use needs a licence agreement with GEM,1,non_commercial,named_licence
CC BY-ND 3.0 (site-wide statement),1,no_derivatives,named_licence
CC BY-ND 3.0 (stated for the content of the SUS open data portal),1,no_derivatives,named_licence
CC BY-SA (version not stated on HDX),1,share_alike,named_licence
CC BY-SA 3.0 DE (as detected by GitLab),1,share_alike,named_licence
CC BY-SA 4.0 (2021 sets); CC BY 4.0 (2022 sets),1,share_alike|attribution,named_licence
CC BY-SA 4.0 (INE open data terms),1,share_alike,named_licence
CC BY-SA 4.0 (boundaries) and CC BY 4.0 (crop types),1,share_alike|attribution,named_licence
CC BY-SA 4.0 (gov.pl text content),1,share_alike,named_licence
CC BY-SA 4.0 (map services); depth data paid,1,share_alike|proprietary,named_licence
CC BY-SA 4.0 for Diwata-2; proprietary for PlanetScope and SkySat,1,share_alike|proprietary,named_licence
CC BY-SA 4.0 for data and documents; Apache 2.0 for code,1,share_alike|permissive_code,named_licence
"CC BY-SA 4.0 for the maps; underlying shapefile on request (free for research and public-good use, licence fee for commercial use)",1,share_alike,named_licence
"CC BY-SA 4.0 for the published model, drawings and metadata; cited source photographs have their own rights.",1,share_alike,named_licence
"CC-BY (Creative Commons Attribution, as listed on the portal)",1,attribution,named_licence
"CC-BY (Creative Commons Attribution, per DataCite)",1,attribution,named_licence
CC-BY (DGT DATEX II datasets); per dataset otherwise,1,attribution,named_licence
CC-BY (Forest Service Research Data Archive datasets are released under CC BY),1,attribution,named_licence
CC-BY (HDX licence field: Creative Commons Attribution International),1,attribution,named_licence
CC-BY (HR Wallingford eprints record; version not stated),1,attribution,named_licence
CC-BY (JRC data catalogue),1,attribution,named_licence
CC-BY (PLOS ONE article; version not stated on the page),1,attribution,named_licence
CC-BY (Transitland Atlas); API and datasets under Transitland terms,1,attribution,named_licence
CC-BY (VERSION UNSPECIFIED),1,attribution,named_licence
CC-BY (as tagged in the list),1,attribution,named_licence
"CC-BY (catalogue label ""Creative Commons Attribution 4.1""); CC-BY-3.0-AU; CC-BY-4.0; other members not stated",1,attribution,named_licence
CC-BY (most layers); other open terms for some,1,attribution,named_licence
CC-BY (per data.gov.uk entry),1,attribution,named_licence
CC-BY (road segments ODbL),1,attribution|share_alike,named_licence
CC-BY (station lists); data.gov.il other open licence (flow files),1,attribution,named_licence
CC-BY (version not specified in repository rights),1,attribution,named_licence
CC-BY (version not stated; ONS open data portal: Creative Commons Atribuição),1,attribution,named_licence
CC-BY 4.0 (as given on the registry page),1,attribution,named_licence
CC-BY and ODbL (by dataset),1,attribution|share_alike,named_licence
CC-BY and Open Data Commons Attribution License,1,attribution,named_licence
"CC-BY for 285 datasets, Open Data Commons for 226; varies by dataset",1,attribution,named_licence
CC-BY-2.0 (as tagged in the list),1,attribution,named_licence
CC-BY-2.5 (material inventory); CC-BY-4.0 (embodied carbon),1,attribution,named_licence
CC-BY-3.0 (IGO port) (UNCTADstat terms: all materials under CC BY 3.0 IGO),1,attribution,named_licence
CC-BY-3.0 (NZ port),1,attribution,named_licence
CC-BY-3.0 (NZ port) (Taumata Arowai: material licensed for re-use under CC BY 3.0 NZ unless indicated otherwise),1,attribution,named_licence
CC-BY-3.0 (as given on the fact sheet),1,attribution,named_licence
CC-BY-3.0 (as tagged in the list),1,attribution,named_licence
"CC-BY-3.0 (data, unless otherwise noted; website content CC BY 4.0)",1,attribution,named_licence
CC-BY-3.0 (specification),1,attribution,named_licence
CC-BY-3.0-AT,1,attribution,named_licence
CC-BY-3.0-AU on the documentation site (data file licence not read),1,attribution,named_licence
CC-BY-3.0-IGO (as stated in the GitHub repository),1,attribution,named_licence
CC-BY-3.0-US,1,attribution,named_licence
CC-BY-4.0 (ABS: all material on the website provided under CC BY 4.0),1,attribution,named_licence
CC-BY-4.0 (API data),1,attribution,named_licence
CC-BY-4.0 (B-flood archive metadata; Basilisk dependency has separate terms),1,attribution,named_licence
CC-BY-4.0 (Bayanat copyright and data licensing page),1,attribution,named_licence
CC-BY-4.0 (Bureau of Meteorology copyright statement; not all content),1,attribution,named_licence
CC-BY-4.0 (CHMI terms: products on the website are under CC BY 4.0),1,attribution,named_licence
CC-BY-4.0 (DGT: data downloaded from the Centro de Dados are under CC BY 4.0),1,attribution,named_licence
CC-BY-4.0 (DataCORE landing; DataCite rights list links CC-BY-2.0),1,attribution,named_licence
CC-BY-4.0 (EGU abstracts),1,attribution,named_licence
CC-BY-4.0 (EMODnet: data products created by EMODnet are licensed under CC BY 4.0 unless indicated otherwise),1,attribution,named_licence
"CC-BY-4.0 (EU-owned content, Commission reuse policy)",1,attribution,named_licence
CC-BY-4.0 (EU-owned material; IEA-based fossil CO2 under IEA terms as modified by JRC),1,attribution,named_licence
CC-BY-4.0 (European Commission reuse notice on the JRC catalogue record; article CC BY 4.0),1,attribution,named_licence
"CC-BY-4.0 (European Commission reuse policy, Decision 2011/833/EU; Eurostat data reusable with source acknowledged)",1,attribution,named_licence
CC-BY-4.0 (Figshare v0.0.2 archive); GPL-3.0-or-later for code stated by article,1,attribution|copyleft_code,named_licence
CC-BY-4.0 (Figshare); GPL-3.0 (GitHub),1,attribution|copyleft_code,named_licence
CC-BY-4.0 (Geoscience Australia website material),1,attribution,named_licence
CC-BY-4.0 (GitHub licence metadata and Hugging Face dataset card).,1,attribution,named_licence
CC-BY-4.0 (GitHub); Other Open (Zenodo archive metadata),1,attribution,named_licence
"CC-BY-4.0 (LandScan Mosaic, per DataCite)",1,attribution,named_licence
CC-BY-4.0 (MDPI open access article),1,attribution,named_licence
CC-BY-4.0 (MSD-LIVE record on OSTI),1,attribution,named_licence
CC-BY-4.0 (Mendeley Data record),1,attribution,named_licence
CC-BY-4.0 (NOBIL by Enova; API key required),1,attribution,named_licence
CC-BY-4.0 (NZSEE paper),1,attribution,named_licence
CC-BY-4.0 (ODbL for layers derived from OpenStreetMap and Microsoft data),1,attribution|share_alike,named_licence
"CC-BY-4.0 (Open Telecom Data wiki content, unless otherwise noted)",1,attribution,named_licence
CC-BY-4.0 (OpenStreetMap extracts under ODbL),1,attribution|share_alike,named_licence
CC-BY-4.0 (Québec),1,attribution,named_licence
CC-BY-4.0 (South Sudan release CC-BY-SA-4.0),1,share_alike|attribution,named_licence
CC-BY-4.0 (WRI catalogue states Creative Commons Attribution),1,attribution,named_licence
CC-BY-4.0 (World Bank default; some indicators carry third-party terms),1,attribution,named_licence
CC-BY-4.0 (Zenodo archive and paper),1,attribution,named_licence
CC-BY-4.0 (Zenodo archive); MIT (current GitHub repository),1,attribution|permissive_code,named_licence
CC-BY-4.0 (Zenodo archived release); EUPL-1.2 (current GitHub interface source),1,attribution|copyleft_code,named_licence
CC-BY-4.0 (Zenodo dataset); code BSD-3-Clause,1,attribution|permissive_code,named_licence
CC-BY-4.0 (Zenodo metadata); OSM-derived database obligations need separate review,1,attribution,named_licence
CC-BY-4.0 (Zenodo metadata; code not yet released),1,attribution,named_licence
CC-BY-4.0 (Zenodo record and article),1,attribution,named_licence
CC-BY-4.0 (Zenodo record and sample); full data on request under First Street terms,1,attribution,named_licence
CC-BY-4.0 (Zenodo record); code MIT,1,attribution|permissive_code,named_licence
CC-BY-4.0 (Zenodo record; the article is CC BY-NC-ND 4.0),1,non_commercial|attribution,named_licence
CC-BY-4.0 (Zenodo release); the GitHub repository carries a GPL-3.0 licence file,1,attribution|copyleft_code,named_licence
CC-BY-4.0 (Zenodo software archive),1,attribution,named_licence
CC-BY-4.0 (Zenodo); CDLA-Permissive-2.0 (GitHub data),1,attribution,named_licence
CC-BY-4.0 (arXiv paper),1,attribution,named_licence
CC-BY-4.0 (arXiv paper); code licence not found (no repository located),1,attribution,named_licence
CC-BY-4.0 (archived release),1,attribution,named_licence
CC-BY-4.0 (article licence per Crossref; the dataset's own licence was not read),1,attribution,named_licence
CC-BY-4.0 (article); CC-BY-NC-4.0 (Zenodo code and data),1,non_commercial|attribution,named_licence
CC-BY-4.0 (article); data on reasonable request,1,attribution,named_licence
CC-BY-4.0 (article); dataset licence not stated on the article page,1,attribution,named_licence
CC-BY-4.0 (article); dataset under UQ eSpace general usage terms,1,attribution,named_licence
CC-BY-4.0 (article); no code link found,1,attribution,named_licence
CC-BY-4.0 (article); tool availability not stated,1,attribution,named_licence
"CC-BY-4.0 (article, as stated on the Acadlore page)",1,attribution,named_licence
CC-BY-4.0 (article; CC0 for data made available in it),1,public_domain|attribution,named_licence
CC-BY-4.0 (article; no code release found),1,attribution,named_licence
CC-BY-4.0 (article; page states Creative Commons Attribution 4.0 International),1,attribution,named_licence
CC-BY-4.0 (article; page states the Creative Commons Attribution License),1,attribution,named_licence
CC-BY-4.0 (articles),1,attribution,named_licence
CC-BY-4.0 (as given on the fact sheet),1,attribution,named_licence
CC-BY-4.0 (as given on the registry page),1,attribution,named_licence
CC-BY-4.0 (attribution to MITECO),1,attribution,named_licence
CC-BY-4.0 (collection); OSM-derived shapefiles under ODbL-1.0,1,attribution|share_alike,named_licence
CC-BY-4.0 (data and documentation); MIT (code),1,attribution|permissive_code,named_licence
CC-BY-4.0 (data); MIT (pipeline code),1,attribution|permissive_code,named_licence
CC-BY-4.0 (dataset); MIT (code),1,attribution|permissive_code,named_licence
CC-BY-4.0 (deliverable); software described as open source,1,attribution,named_licence
CC-BY-4.0 (documentation deposit),1,attribution,named_licence
CC-BY-4.0 (documentation); interview data under restricted access terms,1,attribution,named_licence
CC-BY-4.0 (epe.gov.br site-wide statement: all content under CC BY 4.0),1,attribution,named_licence
CC-BY-4.0 (figshare record),1,attribution,named_licence
CC-BY-4.0 (figshare records),1,attribution,named_licence
CC-BY-4.0 (files embargoed on the day read),1,attribution,named_licence
CC-BY-4.0 (journal article page),1,attribution,named_licence
CC-BY-4.0 (licence field of the Vejdirektoratet datasets on opendata.dk),1,attribution,named_licence
CC-BY-4.0 (licence link on the AKM open-data page; the site footer also says all rights reserved),1,attribution,named_licence
CC-BY-4.0 (linked Zenodo record; download page has no separate licence notice),1,attribution,named_licence
"CC-BY-4.0 (metadata); CC-BY-SA (description, version unspecified)",1,share_alike|attribution,named_licence
CC-BY-4.0 (method paper),1,attribution,named_licence
CC-BY-4.0 (models); MIT (anonymisation scripts),1,attribution|permissive_code,named_licence
CC-BY-4.0 (paper; arXiv page states License: CC BY 4.0),1,attribution,named_licence
CC-BY-4.0 (paper; arXiv page states License: CC BY 4.0. No software licence stated),1,attribution,named_licence
CC-BY-4.0 (paper; no code release found),1,attribution,named_licence
CC-BY-4.0 (plus Copernicus data policy and ODbL for OpenStreetMap-derived parts),1,attribution|share_alike,named_licence
CC-BY-4.0 (project); SNDlib subset ZIB Academic License; Interroute-Italy subset GPL,1,attribution|copyleft_code,named_licence
"CC-BY-4.0 (protezionecivile.gov.it: texts, multimedia and aggregated data on the site under CC BY 4.0)",1,attribution,named_licence
CC-BY-4.0 (repository data statement; upstream source terms not independently checked),1,attribution,named_licence
CC-BY-4.0 (repository file label); access approval and separate Vienna simulator licence required,1,attribution,named_licence
"CC-BY-4.0 (site content, except where otherwise noted)",1,attribution,named_licence
CC-BY-4.0 (site footer),1,attribution,named_licence
CC-BY-4.0 (site-wide statement: content on statistics-suriname.org under CC BY 4.0 except where otherwise noted),1,attribution,named_licence
CC-BY-4.0 (some files LGPL-3.0),1,attribution|copyleft_code,named_licence
CC-BY-4.0 (source data under NLOD and CC BY 4.0),1,attribution,named_licence
CC-BY-4.0 (source layers keep their original licences),1,attribution,named_licence
"CC-BY-4.0 (specification, documentation, samples); Apache-2.0 (code)",1,attribution|permissive_code,named_licence
CC-BY-4.0 (stat.tj: all site materials under CC BY 4.0),1,attribution,named_licence
"CC-BY-4.0 (state geodetic resource, attribution statement required)",1,attribution,named_licence
CC-BY-4.0 (station feed); CC-BY-NC-4.0 (condition report feed),1,non_commercial|attribution,named_licence
"CC-BY-4.0 (the CSV, as stated on the tracker page)",1,attribution,named_licence
CC-BY-4.0 (time series); ODbL-1.0 (reservoir outlines),1,attribution|share_alike,named_licence
CC-BY-4.0 (tree cover); not stated (shear strength),1,attribution,named_licence
CC-BY-4.0 (wetlands.org: website content under CC BY 4.0 unless specified otherwise),1,attribution,named_licence
CC-BY-4.0 Zenodo archive; MIT linked code repository,1,attribution|permissive_code,named_licence
CC-BY-4.0 Zenodo data; MIT repository code; upstream input terms apply,1,attribution|permissive_code,named_licence
CC-BY-4.0 Zenodo deposit; GPL-3.0 linked code repository,1,attribution|copyleft_code,named_licence
"CC-BY-4.0 Zenodo documentation; current linked software proprietary by owner agreement, conflicting with Zenodo MIT claim",1,attribution|permissive_code|proprietary,named_licence
CC-BY-4.0 Zenodo field; README says CC BY but links CC-BY-NC-SA-4.0,1,non_commercial|attribution,named_licence
CC-BY-4.0 and CC-BY-IGO-3.0 (per dataset),1,attribution,named_licence
CC-BY-4.0 and OGL-UK-3.0 (per file),1,attribution,named_licence
CC-BY-4.0 catalogue; individual assets retain their stated licences,1,attribution,named_licence
CC-BY-4.0 data; Apache-2.0 code,1,attribution|permissive_code,named_licence
CC-BY-4.0 data; GPL-3.0 code,1,attribution|copyleft_code,named_licence
CC-BY-4.0 dataset; MIT repository software,1,attribution|permissive_code,named_licence
CC-BY-4.0 derived Zenodo outputs; MIT linked R code; licensed Meta input excluded,1,attribution|permissive_code,named_licence
CC-BY-4.0 for Icebreaker One outputs; indexed data retain provider terms,1,attribution,named_licence
CC-BY-4.0 for OWID-produced data and code; original third-party source terms also apply,1,attribution,named_licence
CC-BY-4.0 for PANGAEA index; image-specific reuse terms not established,1,attribution,named_licence
CC-BY-4.0 for archive; component software has separate licences,1,attribution,named_licence
CC-BY-4.0 for canonical data archive; GitHub repository states BSD-2-Clause,1,attribution|permissive_code,named_licence
CC-BY-4.0 for compilation; original-source terms remain applicable,1,attribution,named_licence
CC-BY-4.0 for data and documentation; MIT for code,1,attribution|permissive_code,named_licence
CC-BY-4.0 for data; Apache-2.0 for code,1,attribution|permissive_code,named_licence
CC-BY-4.0 for data; MIT for code as stated in README,1,attribution|permissive_code,named_licence
CC-BY-4.0 for data; MIT for software,1,attribution|permissive_code,named_licence
CC-BY-4.0 for dataset; MIT for generation code,1,attribution|permissive_code,named_licence
CC-BY-4.0 for most datasets; LTDS CIM under the UK Power Networks Shared Data Licence,1,attribution,named_licence
CC-BY-4.0 for open datasets; CIM models under the SP Energy Networks Shared Data Licence,1,attribution,named_licence
CC-BY-4.0 for output data; Apache-2.0 for scripts; input licences vary by source,1,attribution|permissive_code,named_licence
CC-BY-4.0 for the Zenodo deposit; GPL-3.0 for the linked code repository,1,attribution|copyleft_code,named_licence
CC-BY-4.0 for the open files; one file is closed under the UK Data Service End User Licence,1,attribution,named_licence
CC-BY-4.0 in Zenodo and README; GitHub metadata classify the licence as CC0-1.0,1,public_domain|attribution,named_licence
CC-BY-4.0 in Zenodo archive; conflicting CC-BY-NC-SA-4.0 in repository README,1,non_commercial|attribution,named_licence
"CC-BY-4.0 in Zenodo metadata; linked README says MIT, scope unresolved",1,attribution|permissive_code,named_licence
"CC-BY-4.0 in Zenodo metadata; linked README states CC-BY-SA-4.0, scope unresolved",1,share_alike|attribution,named_licence
CC-BY-4.0 in Zenodo; upstream OpenStreetMap ODbL obligations require reconciliation,1,attribution|share_alike,named_licence
CC-BY-4.0 in archive metadata; underlying component licence files not inspected,1,attribution,named_licence
CC-BY-4.0 in repository metadata; article states CC-BY-SA-4.0,1,share_alike|attribution,named_licence
"CC-BY-4.0 in the repository LICENSE and Zenodo release metadata, unless individual content is otherwise noted.",1,attribution,named_licence
CC-BY-4.0 metadata; Google imagery terms; IGN Open Licence 2.0,1,attribution,named_licence
CC-BY-4.0 metadata; MIT website,1,attribution|permissive_code,named_licence
CC-BY-4.0 on Zenodo; repository LICENSE files state CC BY-NC 4.0,1,non_commercial|attribution,named_licence
"CC-BY-4.0 or CC-BY-SA-4.0 per model, as stated in each file's metadata",1,share_alike|attribution,named_licence
CC-BY-4.0 or ODbL-1.0 (user's choice),1,attribution|share_alike,named_licence
"CC-BY-4.0 or ODbL-1.0, at the user's choice",1,attribution|share_alike,named_licence
CC-BY-4.0 or equivalent (open subset); others on request,1,attribution,named_licence
CC-BY-4.0 outputs; input files retain per-file terms in manifests; linked code README claims MIT,1,attribution|permissive_code,named_licence
CC-BY-4.0 source elevation data; ODbL for OpenStreetMap-derived labels,1,attribution|share_alike,named_licence
"CC-BY-4.0 under article supplementary-material terms, unless separately credited",1,attribution,named_licence
CC-BY-4.0 unless otherwise indicated (European Commission reuse policy); individual JRC datasets may state their own terms,1,attribution,named_licence
CC-BY-4.0 unless otherwise noted (Bureau of Meteorology copyright page); some material under data licence agreements,1,attribution,named_licence
CC-BY-4.0 unless otherwise specified (LINZ copyright page),1,attribution,named_licence
"CC-BY-4.0, Creative Commons Attribution–NonCommercial–NoDerivs 4.0 International",1,attribution,named_licence
"CC-BY-4.0, European Commission reuse notice, as linked on the portal listing (http://data.jrc.ec.europa.eu/licence/not_available)",1,attribution,named_licence
"CC-BY-4.0, Norwegian Licence for Open Government Data 1.0",1,attribution,named_licence
"CC-BY-4.0, as linked on the portal listing (http://creativecommons.org/publicdomain/zero/1.0/)",1,public_domain|attribution,named_licence
CC-BY-4.0; licence given by link only (http://vbb.de/vbbgtfs); licence given by link only (https://www.vbb.de/vbb-services/api-open-data/safira-daten/),1,attribution,named_licence
CC-BY-4.0; original CORDEX terms also apply,1,attribution,named_licence
CC-BY-4.0; other members not stated,1,attribution,named_licence
CC-BY-NC (version not stated; CERTH-HIT portal licence facet: Creative Commons Non-Commercial),1,non_commercial,named_licence
CC-BY-NC-2.0,1,non_commercial,named_licence
CC-BY-NC-4.0 (API data),1,non_commercial,named_licence
CC-BY-NC-4.0 (Zenodo data/model archive); GPL-3.0-or-later (GitHub processing code),1,non_commercial|copyleft_code,named_licence
"CC-BY-NC-4.0 (data, once released)",1,non_commercial,named_licence
CC-BY-NC-4.0 (processed release); KOGL Type 1 (source records),1,non_commercial,named_licence
CC-BY-NC-4.0 for data; MIT for generating code,1,non_commercial|permissive_code,named_licence
CC-BY-NC-4.0 for directory; linked data have separate licences,1,non_commercial,named_licence
CC-BY-NC-4.0 metadata; data under a Data Transfer Agreement,1,non_commercial,named_licence
CC-BY-NC-4.0 notebook and pretrained models; LGPL-3.0 package software,1,non_commercial|copyleft_code,named_licence
CC-BY-NC-4.0 unless otherwise noted per institute,1,non_commercial,named_licence
CC-BY-NC-ND,1,non_commercial,named_licence
"CC-BY-NC-ND-3.0 (ProPublica republishing terms: free to republish with credit, non-commercial, unchanged)",1,non_commercial,named_licence
CC-BY-NC-ND-4.0 (article); Zenodo archive CC-BY-4.0 and MIT; code MIT,1,non_commercial|attribution|permissive_code,named_licence
"CC-BY-NC-ND-4.0 (railML 3 schemas, restricted); CC-BY-NC-ND-3.0 (railML 2)",1,non_commercial,named_licence
"CC-BY-NC-ND-4.0 (the paper, as linked on its arXiv abstract page)",1,non_commercial,named_licence
CC-BY-NC-ND-4.0 and CC-BY-4.0 (two papers),1,non_commercial|attribution,named_licence
CC-BY-NC-ND-4.0 for GCA report; underlying data rights not established,1,non_commercial,named_licence
CC-BY-NC-ND-4.0 with provider access conditions,1,non_commercial,named_licence
CC-BY-NC-SA,1,non_commercial,named_licence
CC-BY-NC-SA-1.0,1,non_commercial,named_licence
CC-BY-NC-SA-3.0 (IGO port),1,non_commercial,named_licence
CC-BY-NC-SA-4.0 (data file; documentation CC-BY-SA-4.0),1,non_commercial|share_alike,named_licence
CC-BY-NC-SA-4.0 (depositor terms; conflicting CC-BY-4.0 registry field),1,non_commercial|attribution,named_licence
CC-BY-NC-SA-4.0 (site content); the site states all SIASAR information is public and free to use,1,non_commercial,named_licence
CC-BY-NC-SA-4.0 code; CC-BY-SA-4.0 companion result tables,1,non_commercial|share_alike,named_licence
CC-BY-NC; VERSION NOT SPECIFIED ON OWN LANDING PAGE,1,non_commercial,named_licence
CC-BY-ND,1,no_derivatives,named_licence
CC-BY-ND-2.0,1,no_derivatives,named_licence
"CC-BY-ND-3.0 (Anatel: all site content, as stated on the portal)",1,no_derivatives,named_licence
CC-BY-ND-4.0 (provider page); DataCite lists CC-BY-ND-2.0,1,no_derivatives,named_licence
CC-BY-SA,1,share_alike,named_licence
CC-BY-SA (as stated on the WPdx datasets on HDX),1,share_alike,named_licence
CC-BY-SA (most data sets); CC-BY for some UK data sets,1,share_alike|attribution,named_licence
CC-BY-SA (per dataset; check each),1,share_alike,named_licence
CC-BY-SA (version not stated; HDX licence: Creative Commons Attribution Share-Alike),1,share_alike,named_licence
CC-BY-SA (version not stated; the IEM methodology is under an Attribution-ShareAlike licence),1,share_alike,named_licence
CC-BY-SA-2.0,1,share_alike,named_licence
"CC-BY-SA-2.0 (OpenStreetMap wiki page text, unless otherwise noted); map data under ODbL",1,share_alike,named_licence
CC-BY-SA-3.0 (as given on the fact sheet),1,share_alike,named_licence
CC-BY-SA-4.0 (2.0 alpha); DANS licence with restricted files (2019 package),1,share_alike,named_licence
CC-BY-SA-4.0 (Kenya sets); CC-BY-4.0 (Tanzania set),1,share_alike|attribution,named_licence
"CC-BY-SA-4.0 (SatNOGS-derived data, as stated on the page)",1,share_alike,named_licence
CC-BY-SA-4.0 in structured metadata; conflicting legacy permission statement,1,share_alike,named_licence
CC0 (Creative Commons Zero),1,public_domain,named_licence
CC0 (INSPIRE layer and list); CC BY (2018 Greater Region map),1,public_domain|attribution,named_licence
"CC0 (OpenEI content, unless otherwise noted)",1,public_domain,named_licence
CC0 (WaterWebservices content),1,public_domain,named_licence
CC0 (as given on the registry page),1,public_domain,named_licence
CC0 (as tagged in the list),1,public_domain,named_licence
CC0 (cc-zero on data.public.lu),1,public_domain,named_licence
CC0 (figshare files); article CC BY,1,public_domain|attribution,named_licence
CC0 (per dataset),1,public_domain,named_licence
CC0 (public domain dedication),1,public_domain,named_licence
CC0 (public domain),1,public_domain,named_licence
CC0 (specification); MIT (code),1,public_domain|permissive_code,named_licence
CC0 (stated for the 2006 buildings file; not stated for the ShareFile downloads),1,public_domain,named_licence
CC0 1.0 (2023 inventory); CC BY 4.0 (CEACP database),1,public_domain|attribution,named_licence
"CC0 1.0 (MODA); Open Government Data License, version 1.0 (Taiwan) (NCC)",1,public_domain,named_licence
CC0 1.0 (US public domain),1,public_domain,named_licence
CC0 1.0 (as stated in the DataCite record),1,public_domain,named_licence
CC0 1.0 (dane.gov.pl listing),1,public_domain,named_licence
CC0 1.0 (data); Apache-2.0 (code),1,public_domain|permissive_code,named_licence
CC0 1.0 (public domain dedication),1,public_domain,named_licence
CC0 1.0 (specification); HL7 and FHIR trademarks protected,1,public_domain,named_licence
CC0 1.0 (standard and documentation); BSD-3-Clause (code and SQL scripts),1,public_domain|permissive_code,named_licence
CC0 1.0 (stated as the licence and data use agreement on the repository page),1,public_domain,named_licence
CC0 1.0 Universal (public domain dedication),1,public_domain,named_licence
CC0 for the annual files on the open data portal,1,public_domain,named_licence
CC0 with additional terms stated on the dataset page,1,public_domain,named_licence
CC0 with additional terms stated on the page,1,public_domain,named_licence
CC0-1.0 (Harvard Dataverse record); article CC-BY-4.0,1,public_domain|attribution,named_licence
CC0-1.0 (INSPIRE services),1,public_domain,named_licence
CC0-1.0 (ISIMIP3b outputs); CC-BY-4.0 (Phase II Zenodo archives),1,public_domain|attribution,named_licence
CC0-1.0 (NCTV: website content under CC0 unless stated otherwise),1,public_domain,named_licence
CC0-1.0 (NOAA record in Data.gov),1,public_domain,named_licence
CC0-1.0 (SGU licence terms for open geological data),1,public_domain,named_licence
CC0-1.0 (SPDX header on the provider page),1,public_domain,named_licence
CC0-1.0 (Trafikverket generally uses CC0 for its open data),1,public_domain,named_licence
CC0-1.0 (as given in the list),1,public_domain,named_licence
CC0-1.0 (as tagged in the list),1,public_domain,named_licence
CC0-1.0 (catalogue metadata); feed contents under each owner's licence; API code Apache-2.0,1,public_domain|permissive_code,named_licence
CC0-1.0 (checked monthly examples and supporting items),1,public_domain,named_licence
CC0-1.0 (data); CC-BY-4.0 (collection metadata),1,public_domain|attribution,named_licence
CC0-1.0 (data); MIT (code),1,public_domain|permissive_code,named_licence
CC0-1.0 (data); unknown (companion notebooks),1,public_domain,named_licence
CC0-1.0 (data); website CC BY-NC 4.0,1,non_commercial|public_domain,named_licence
CC0-1.0 (data.gov catalogue licence field),1,public_domain,named_licence
CC0-1.0 (dataset checked); per dataset,1,public_domain,named_licence
CC0-1.0 (documentation); contributing organisations' terms for data,1,public_domain,named_licence
CC0-1.0 (downloadable network products),1,public_domain,named_licence
CC0-1.0 (inspected aggregate and example components),1,public_domain,named_licence
CC0-1.0 (inspected components),1,public_domain,named_licence
CC0-1.0 (inspected principal components),1,public_domain,named_licence
CC0-1.0 (processed data; DFO raw data CC BY-NC-SA 4.0),1,non_commercial|public_domain,named_licence
CC0-1.0 (public domain),1,public_domain,named_licence
CC0-1.0 (record licence); the data are described as license-free,1,public_domain,named_licence
"CC0-1.0 (the paper, as linked on its arXiv abstract page)",1,public_domain,named_licence
CC0-1.0 / public domain,1,public_domain,named_licence
CC0-1.0 dataset; BSD-3-Clause model code,1,public_domain|permissive_code,named_licence
CC0-1.0 for Zenodo version1.2.1; CC-BY-4.0 for current GitHub repository,1,public_domain|attribution,named_licence
"CC0-1.0 for repository code and supplied supplementary tables; separate LiDAR, GBA and GloBFP input terms were not checked.",1,public_domain,named_licence
CC0-1.0 for the CIRAD workbook; original DOCX supplement licence unknown,1,public_domain,named_licence
CC0-1.0 for the ITS DataHub sample; specification terms in the repository,1,public_domain,named_licence
CC0-1.0 for the list itself; the linked datasets carry their own terms,1,public_domain,named_licence
CC0-1.0 for the populated Figshare deposit; separate note-only deposit states CC-BY-4.0,1,public_domain|attribution,named_licence
CC0-1.0 in GitHub repository metadata and README; original PGCB report terms were not independently checked.,1,public_domain,named_licence
CC0-1.0 in Zenodo and GitHub licence metadata; README instead states CC-BY-4.0,1,public_domain|attribution,named_licence
CC0-1.0 in linked repository metadata; Zenodo labels the release other-open,1,public_domain,named_licence
CC0-1.0 in pipeline repository; separate licence terms for the public S3 outputs were not stated.,1,public_domain,named_licence
"CC0-1.0 in repository LICENSE and GitHub metadata, but README says CC BY 4.0 for code; unresolved. Upstream data terms are separate.",1,public_domain|attribution,named_licence
CC0-1.0 or CC-BY-4.0 by climate-model collection; MIT processing code,1,public_domain|attribution|permissive_code,named_licence
CC0-1.0 unless otherwise stated (KNMI copyright page); dataset-specific terms on the data platform,1,public_domain,named_licence
CC0-1.0 with additional terms,1,public_domain,named_licence
CC0-1.0; US public domain,1,public_domain,named_licence
CC0-1.0; not stated in the Mobility Database listing (licence field empty),1,public_domain,named_licence
CC0-1.0; provider also asks that original data owners be cited,1,public_domain,named_licence
CCNR publication (no open licence stated),1,not_stated,not_stated
CCSDS publications are free to download (terms not read),1,not_stated,not_stated
CDDL (repository LICENCE.md),1,provider_terms,keyword
CDLA-PERMISSIVE-1.0,1,attribution,named_licence
CECILL-B OR BSD-3-Clause,1,copyleft_code|permissive_code,named_licence
CECILL-C,1,copyleft_code,named_licence
CEDAR Rules of the Road (no prior permission; contact data providers),1,provider_terms,keyword
CGA copyright; report and dashboard free to view,1,provider_terms,keyword
CIESIN/ITOS terms (redistribution permitted; some countries restricted),1,proprietary,keyword
CIFOR terms of use (citation required; provided as is),1,provider_terms,keyword
CIGRE copyright; reuse by permission,1,provider_terms,keyword
CIHI terms of use (citation required),1,provider_terms,keyword
"CMIP6 data access terms of use (model-specific licences, mostly CC BY 4.0)",1,attribution,named_licence
CNA copyright; free to read,1,not_stated,keyword
CNMC terms of use; open licence not stated,1,not_stated,not_stated
COCO License 3.10 (free use and distribution),1,attribution,keyword
CORES legal notice: reproduction or modification of site content needs prior written permission,1,proprietary,keyword
CRI terms of use (non-commercial use of web and CSV data; commercial use by agreement),1,non_commercial,keyword
CROPOS terms of use (no open licence stated),1,not_stated,not_stated
"CRTM static open data licence (Law 37/2007; attribution, ""Powered by CRTM"", share raw data under the same licence)",1,attribution,keyword
"CRU publications, free to read",1,not_stated,keyword
CSA copyright; free to download,1,provider_terms,keyword
CSIRO Open Source Software Licence Agreement,1,provider_terms,keyword
CTIF terms (no open licence stated),1,not_stated,not_stated
CWA copyright; reuse needs authorisation,1,provider_terms,keyword
Cabildo de La Palma legal notice (conditions of access and use),1,provider_terms,keyword
Cabinet Office of Japan; free to read,1,not_stated,keyword
Cabinet Office of Japan; terms not read,1,not_stated,not_stated
Cabinet Office terms of use (独自利用規約),1,provider_terms,keyword
Caltech proprietary licence,1,proprietary,keyword
Caltrans PeMS Conditions of Use,1,provider_terms,keyword
Capital Bikeshare Data License Agreement,1,provider_terms,keyword
"Carbon Mapper terms of use; free for non-commercial use, commercial use or redistribution by agreement",1,non_commercial,keyword
Catalonia: portal terms of use; Aragón: CC BY 4.0; Castilla-La Mancha: CC BY-SA,1,share_alike|attribution,named_licence
Catastro licence of access and use for INSPIRE datasets and services,1,provider_terms,keyword
CeCILL-2.1,1,copyleft_code,named_licence
"CeCILL-C (STICS), CeCILL-B (JavaSTICS), LGPL (R packages)",1,copyleft_code,named_licence
Certification files copyright buildingSMART International; community files CC BY 4.0,1,attribution,named_licence
CesiumJS: Apache-2.0; Cesium ion: commercial SaaS with free trial,1,permissive_code,named_licence
Challenge terms on AIcrowd,1,provider_terms,keyword
"Charter terms; archive free to view, imagery licensed to authorised users",1,provider_terms,keyword
Chicago Data Portal terms of use,1,provider_terms,keyword
City of Chicago data portal terms of use (no licence named in the metadata),1,not_stated,not_stated
City of Courtenay terms: general reference and non-commercial use,1,non_commercial,keyword
City of Madison Data Policy,1,provider_terms,keyword
City of Philadelphia open data terms of use,1,provider_terms,keyword
City of Tacoma open data terms (custom),1,provider_terms,keyword
"Cityscapes terms of use: registration required, restricted to scientific use by affiliated persons",1,proprietary,keyword
Closed source (DOE software record),1,proprietary,keyword
Coastal Resilience terms of use (not read in detail),1,not_stated,not_stated
Code Apache-2.0; data licence on Zenodo not read,1,permissive_code,named_licence
Code Apache-2.0; dataset terms on the project page (not read),1,permissive_code,named_licence
Code GPL-3.0; data under each source dataset's terms,1,copyleft_code,named_licence
Code: GPL-3.0; data: ODbL,1,share_alike|copyleft_code,named_licence
Code: ISC-style permission text with copyright notice; each mirrored feed has its own licence in README.,1,permissive_code,named_licence
Code: LGPL-3.0; documentation and graphics: CC-BY-SA-4.0,1,share_alike|copyleft_code,named_licence
Code: MIT; ESPENI and ERA5 inputs: CC-BY-4.0,1,attribution|permissive_code,named_licence
Code: MIT; derived database CSV files: CC-BY-4.0,1,attribution|permissive_code,named_licence
Collaborative Standards Software License v1.0 (OAI),1,provider_terms,keyword
Commercial (Digital Alchemy),1,proprietary,keyword
"Commercial (annual licences, modules or packages)",1,proprietary,keyword
"Commercial (business, university and student licences)",1,proprietary,keyword
Commercial (free sign-up offered),1,proprietary,keyword
Commercial (legal notices on the site),1,proprietary,keyword
Commercial (pricing on request),1,proprietary,keyword
Commercial (purchased files),1,proprietary,keyword
Commercial (sold through official distributors),1,proprietary,keyword
Commercial (terms on the Meteonorm site),1,proprietary,keyword
Commercial 6- or 12-month licences; separate noncommercial EDU terms,1,non_commercial,keyword
Commercial API terms,1,proprietary,keyword
Commercial Ansys licence,1,proprietary,keyword
Commercial CERC licence,1,proprietary,keyword
Commercial DIANA licence,1,proprietary,keyword
Commercial Dlubal licence,1,proprietary,keyword
Commercial IES product terms; exact current licence terms were not verified.,1,not_stated,not_stated
Commercial POTOK licence,1,proprietary,keyword
Commercial SOFiSTiK licence,1,proprietary,keyword
Commercial SaaS licence (standard terms; GIBIT terms for municipalities),1,proprietary,keyword
Commercial Sankom licence,1,proprietary,keyword
Commercial SimWalk licence,1,proprietary,keyword
Commercial cloud service (Azure pricing),1,proprietary,keyword
Commercial licence (licensed users area; demo software available),1,proprietary,keyword
Commercial licence (quotation),1,proprietary,keyword
Commercial licence for insurance market participants,1,proprietary,keyword
Commercial licence for the full dataset (individual and multi-user options),1,proprietary,keyword
Commercial licence from NIST (single-user purchase or site licence agreement),1,proprietary,keyword
"Commercial licences for MYNTS-Gas, MYNTS-CO2 and MYNTS-E on Windows and Linux; MYNTS-H, MYNTS-W and sector coupling available for research with a licence in progress; MYNTS-Reader open access",1,proprietary,keyword
"Commercial licences, with a free version (WUFI Free)",1,proprietary,keyword
Commercial perpetual licence; updates and support renewable annually,1,proprietary,keyword
Commercial product; module-specific terms unknown,1,not_stated,not_stated
Commercial programme-specific terms,1,proprietary,keyword
Commercial software; precise agreement not inspected,1,not_stated,not_stated
Commercial subscription terms,1,proprietary,keyword
Commercial subscriptions,1,proprietary,keyword
Commercial terms (enterprise data licence available),1,proprietary,keyword
Commercial terms for the API; free online consultation,1,proprietary,keyword
Commercial; detailed terms not established,1,not_stated,not_stated
Commercial; free trial offered,1,proprietary,keyword
Commercialised in-house TownScope software; exact licence terms not stated.,1,not_stated,not_stated
Commonwealth of Australia copyright (government publication),1,not_stated,keyword
Commonwealth of Australia copyright; CC BY 3.0 AU where marked,1,attribution,named_licence
"Commonwealth of Australia, CC BY 4.0 (ANAO and department publications)",1,attribution,named_licence
"Commonwealth of Australia, CC BY 4.0 (government website default)",1,attribution,named_licence
Competition terms; open licence not found,1,not_stated,not_stated
"Concawe reports, reproduction permitted with due acknowledgement",1,provider_terms,keyword
Conference paper; commercial reproduction prohibited (ETDE record),1,proprietary,keyword
Confidential filings; access for authorised agencies,1,proprietary,keyword
Conflict: CC-BY-4.0 metadata; MIT template file; README restricts use to non-commercial research,1,attribution|permissive_code,named_licence
Conflict: Zenodo field CC-BY-SA-4.0; provider description CC-BY-NC-SA-4.0 and non-commercial only,1,non_commercial|share_alike,named_licence
Consortium model; use through member institutions (terms not stated on the page read),1,not_stated,not_stated
Contains information licensed under the Open Government license - West Vancouver. https://mapping.westvancouver.ca/OD/Open_Government_License_West_Vancouver.pdf,1,attribution,named_licence
CoolProp licence (free of charge for commercial and academic use),1,proprietary,keyword
"Copernicus Programme, free of charge without restriction of use (citation required)",1,public_domain,keyword
Copernicus Sentinel data terms (credit required),1,provider_terms,keyword
"Copernicus data policy (free, full and open access with attribution; Regulation (EU) 2021/696)",1,provider_terms,keyword
Copernicus free and open data policy,1,provider_terms,keyword
"Copernicus free, full and open access under Regulation (EU) 2021/696 (CEMS terms and conditions)",1,provider_terms,keyword
Copernicus licence (C3S products),1,provider_terms,keyword
Copyleft licence (per project description),1,provider_terms,keyword
Copyright (C) OpenStreetMap Contributors,1,provider_terms,keyword
Copyright 2022 Pipeline Association for Public Awareness; reproduction on request,1,proprietary,keyword
"Copyright AEM, all rights reserved; cite AEM as the source",1,proprietary,keyword
Copyright BRE 2015 (free specification document),1,provider_terms,keyword
Copyright Basarnas; quoting or reproducing requires permission of Pusdatin Basarnas (stated in the publication),1,provider_terms,keyword
Copyright CRIRSCO 2024 (no reuse licence stated),1,not_stated,not_stated
Copyright Commonwealth of Australia (Geoscience Australia) 2022; licence not stated in the metadata read,1,not_stated,not_stated
"Copyright Consumer Affairs Agency, all rights reserved (site footer)",1,proprietary,keyword
Copyright Crossrail Ltd; site terms and conditions apply,1,provider_terms,keyword
Copyright Deutscher Bundestag (2026),1,provider_terms,keyword
"Copyright Georgia Tech Research Corporation, all rights reserved (as stated by the API); free public access",1,proprietary,keyword
Copyright Gunter Dirk Krebs 1996-2026; terms of use restrict reuse and machine-learning training,1,provider_terms,keyword
"Copyright Hydro-Informatics Institute, all rights reserved (page footer)",1,proprietary,keyword
Copyright IAEA 2005 (permission to use whole or parts of texts must be obtained; non-commercial reproduction proposals considered case by case),1,non_commercial,keyword
"Copyright IAEA, all rights reserved; content is the responsibility of the reporting authorities",1,proprietary,keyword
Copyright ICCT 2023,1,provider_terms,keyword
Copyright IXP.US; free to read,1,not_stated,keyword
Copyright International Society of Arboriculture (all rights reserved),1,proprietary,keyword
"Copyright JARW, all rights reserved (site footer)",1,proprietary,keyword
Copyright JPIX; free to view,1,provider_terms,keyword
Copyright Ministry of Agriculture and Livestock (all rights reserved),1,proprietary,keyword
Copyright Nikkei BizRuptors; copying or posting not allowed,1,provider_terms,keyword
Copyright Payments Canada; no reuse licence stated,1,not_stated,not_stated
Copyright ReCAAP ISC; brief extracts may be reproduced for non-commercial use with acknowledgement,1,permissive_code,named_licence
Copyright The Regents of the University of California (LBNL); terms on the download page,1,provider_terms,keyword
"Copyright The Urban Institute, all rights reserved (short quotes permitted)",1,proprietary,keyword
Copyright The Water Research Foundation; permission to copy must be obtained from WRF,1,provider_terms,keyword
Copyright Trustees of Dartmouth College; free download for research,1,provider_terms,keyword
"Copyright United Nations 2021, all rights reserved",1,proprietary,keyword
"Copyright United Nations 2023, all rights reserved (member states may reproduce without authorisation)",1,proprietary,keyword
"Copyright World Peace Foundation, all rights reserved; free to read",1,not_stated,keyword
Copyright held for SpaceOps (all rights reserved),1,proprietary,keyword
Copyright of the standards bodies; paid,1,proprietary,keyword
"Copyrighted standard, sold by ISA; members can view most ISA standards read-only",1,proprietary,keyword
Core: LGPL-2.1; MeshKernelPy wrapper: MIT (wheels bundle LGPL core),1,copyleft_code|permissive_code,named_licence
Cornell JiST/SWANS software licence terms,1,provider_terms,keyword
Council of Europe; free access,1,attribution,open_or_free
Council of Europe; paid subscription,1,proprietary,keyword
Creative Commons (CC BY 4.0 per Papers with Code archive),1,attribution,named_licence
Creative Commons (as noted in the site footer),1,other,fallback_other
Creative Commons (as stated on the WRI data page),1,other,fallback_other
Creative Commons (variant not stated on the page read),1,not_stated,not_stated
Creative Commons (version not stated on the page read),1,not_stated,not_stated
Creative Commons 4.0 (per the data page; see Climate TRACE terms of use),1,provider_terms,keyword
"Creative Commons Attribution (CC BY), (c) The Authors 2024, Oxford University Press",1,attribution,named_licence
Creative Commons Attribution (as labelled in the NSO Data Catalogue),1,attribution,named_licence
Creative Commons Attribution (as shown by the portal record),1,attribution,named_licence
Creative Commons Attribution (as shown by the portal records),1,attribution,named_licence
Creative Commons Attribution (as stated on the DesignSafe publication),1,attribution,named_licence
Creative Commons Attribution (as tagged on the dataset),1,attribution,named_licence
Creative Commons Attribution (most data sets); ODbL for some,1,attribution|share_alike,named_licence
Creative Commons Attribution (stated in the ontology file),1,attribution,named_licence
Creative Commons Attribution (version not stated on the portal),1,attribution,named_licence
Creative Commons Attribution 3.0 Australia (as shown on the dataset page),1,attribution,named_licence
"Creative Commons Attribution 3.0 Australia, http://creativecommons.org/licenses/by/3.0/au/, (c) Commonwealth of Australia (Geoscience Australia) 2014",1,attribution,named_licence
Creative Commons Attribution 3.0 Germany,1,attribution,named_licence
Creative Commons Attribution 3.0 United States for the public AWS WIND Toolkit listing.,1,attribution,named_licence
Creative Commons Attribution 4.0 (CC BY 4.0) for the relational snapshot tables (page statement); licences of the other files on the downloads page were not read,1,attribution,named_licence
Creative Commons Attribution 4.0 (Productivity Commission copyright notice),1,attribution,named_licence
Creative Commons Attribution 4.0 International (CC-BY-4.0),1,attribution,named_licence
Creative Commons Attribution 4.0 International (Embargo: 2020-04-29),1,attribution,named_licence
Creative Commons Attribution 4.0 International (Embargo: 2023-02-27T23:59:59),1,attribution,named_licence
Creative Commons Attribution 4.0 unless otherwise noted (OEDI),1,attribution,named_licence
Creative Commons Attribution 4.23,1,attribution,named_licence
Creative Commons Attribution 4.7,1,attribution,named_licence
Creative Commons Attribution 4.8,1,attribution,named_licence
Creative Commons Attribution License (cc-by) (http://www.opendefinition.org/licenses/cc-by),1,attribution,named_licence
Creative Commons Attribution Non-Commercial Share-Alike,1,non_commercial,named_licence
Creative Commons Attribution Share-Alike 3.0 (CC-BY-SA-3.0),1,share_alike,named_licence
Creative Commons Attribution Share-Alike 3.0 Australia,1,share_alike,named_licence
Creative Commons Attribution-NonCommercial 4.0 (as given on the registry page),1,non_commercial,named_licence
Creative Commons Attribution-NonCommercial 4.0 International license (http://www.opendefinition.org/licenses/cc-by/),1,non_commercial|attribution,named_licence
Creative Commons Attribution-NonCommercial-NoDerivatives,1,non_commercial,named_licence
Creative Commons Attribution-NonCommercial-NoDerivatives 4.0 International,1,non_commercial,named_licence
Creative Commons Attribution-NonCommercial-ShareAlike 4.0,1,non_commercial,named_licence
Creative Commons Attribution-NonCommercial-ShareAlike 4.0 International License (http://creativecommons.org/licenses/by-nc-sa/4.0/),1,non_commercial,named_licence
Creative Commons Attribution–NonCommercial 4.0 International,1,attribution,named_licence
Creative Commons Attribution–NonCommercial–ShareAlike 4.0 International,1,attribution,named_licence
Creative Commons BY-NC-SA 2.0 France,1,attribution,named_licence
Creative Commons CC-BY 4.0,1,attribution,named_licence
Creative Commons CC0 1.0 (public domain),1,public_domain,named_licence
Creative Commons License CC-BY-NC-SA 4.0,1,non_commercial,named_licence
Creative Commons licence (per the LICENSE file),1,provider_terms,keyword
Creative Commons licence named in the catalogue licence facet (exact type not shown on the page read),1,provider_terms,keyword
Creative Commons-CC0 (http://opendefinition.org/od/1.1/fr/),1,public_domain,named_licence
"Creative Commons-CC0 (http://opendefinition.org/od/1.1/fr/), Licence Ouverte (https://www.etalab.gouv.fr/wp-content/uploads/2014/05/Licence_Ouverte.pdf), Licence Ouverte 2.0 (Etalab) (https://www.etal",1,public_domain|attribution,named_licence
CrisisNLP terms of use (research on humanitarian computing only; no open licence),1,not_stated,not_stated
Crown Copyright (Met Office information; reuse licensed by the Met Office under its terms),1,provider_terms,keyword
"Crown Copyright, published by Elsevier, all rights reserved",1,proprietary,keyword
Crown copyright (Government of Canada),1,provider_terms,keyword
Crown copyright under the Open Government Licence for the GOV.UK copy; 2017 report all rights reserved,1,attribution,keyword
"Crown copyright, Open Government Licence v3.0 for the government response",1,attribution,named_licence
Crown copyright; UK Data Service End User Licence (Special Licence and Secure Access versions more restricted),1,proprietary,keyword
Custom Energy Dashboard subscription terms,1,proprietary,keyword
Custom MathWorks licence: redistribution allowed; use and derivatives restricted to MathWorks products and services,1,proprietary,keyword
"Custom Nationaal Energie Dashboard terms, version 2026-08-31",1,provider_terms,keyword
Custom academic and research use only; citation and acknowledgement required,1,non_commercial,keyword
Custom attribution and source-citation terms stated by provider,1,provider_terms,keyword
Custom permission to use code with author citation; disclaimer in README,1,provider_terms,keyword
DANS Licence (as named on the dataset),1,provider_terms,keyword
DANS Licence (restricted access),1,proprietary,keyword
"DATA.GOV.HK terms and conditions (free reuse, including commercial, with attribution and indemnity conditions)",1,attribution,keyword
DFV website terms (no open licence stated),1,not_stated,not_stated
DHI licence (terms not on the page); academic licences offered,1,provider_terms,keyword
DHS Program terms of use (registered research use),1,provider_terms,keyword
DIAS Terms of Service; dataset and application-specific terms take precedence,1,provider_terms,keyword
DL-DE-BY-2.0 (http://dcat-ap.de/def/licenses/dl-by-de/2.0),1,attribution,named_licence
DLR copyright; reuse needs permission (IMPC terms of use),1,provider_terms,keyword
DTU data policies (no licence named on the station page),1,not_stated,not_stated
DWD licence; DWD no longer issues licences,1,provider_terms,keyword
Danish National Archives access rules (special access period),1,provider_terms,keyword
Danish PSI act terms (free historical downloads; paid subscriptions),1,proprietary,keyword
Data CC BY 4.0; code MIT,1,attribution|permissive_code,named_licence
Data Center Watch copyright; free to read,1,not_stated,keyword
Data Hub Terms of Use (https://data.pnnl.gov/policy),1,provider_terms,keyword
Data ODbL; code GPL-3.0,1,share_alike|copyleft_code,named_licence
Data and figures CC-BY-4.0; code MIT,1,attribution|permissive_code,named_licence
Data files © Original Authors,1,proprietary,keyword
Data licence Germany attribution 2.0 for Hamburg source; ODbL for OpenStreetMap-derived content,1,share_alike|attribution,named_licence
Data licence Germany – attribution – non-commercial – Version 1.0,1,attribution,named_licence
Data licence Germany – attribution – version 2.0,1,attribution,named_licence
Data licence not stated on the pages read (software on the portal is GNU GPL),1,copyleft_code,named_licence
Data may be exported for reports if GSA is cited as the source (page read); terms of the database not read,1,not_stated,not_stated
Data shared through collaboration under study policies (no open licence),1,not_stated,not_stated
Data under the Open Data Commons Attribution License; tracker under CC BY 4.0,1,attribution,named_licence
Data usage policy set per source document (see Data Usage Policies and Permissions),1,varies,keyword
Datafordeleren terms of use for BBR,1,provider_terms,keyword
Dataforsyningen terms (not read),1,not_stated,not_stated
Dataport licences and pricing apply (terms not read),1,not_stated,not_stated
Dataset card and code: MIT; original LPIS sources: Open Data Commons Attribution,1,attribution|permissive_code,named_licence
Dataset v1.0: CC-BY-4.0; repository software: MIT,1,attribution|permissive_code,named_licence
Dataset-specific licences; no single licence applies to all portal content,1,varies,keyword
Datenlizenz Deutschland - Namensnennung - 2.0 (dl-de/by-2-0),1,attribution,named_licence
Datenlizenz Deutschland - Namensnennung - Version 2.0 (dl-de/by-2-0),1,attribution,named_licence
Datenlizenz Deutschland - Namensnennung - Version 2.0 (https://www.govdata.de/dl-de/by-2-0),1,attribution,named_licence
Datenlizenz Deutschland - Namensnennung - Version 2.0 (open use with attribution),1,attribution,named_licence
Datenlizenz Deutschland Namensnennung 2.0 (ältere DCAT-AP.de Version),1,attribution,named_licence
Datenlizenz Deutschland Zero 2.0,1,public_domain,named_licence
Datenlizenz Deutschland Zero 2.0 (LoD2 buildings); mesh model under the download portal terms,1,public_domain,named_licence
Datenlizenz Deutschland Zero 2.0 (potentials); no conditions apply (plants feed and WMS),1,public_domain,named_licence
Described as an open-source database; no licence text found on the pages read,1,not_stated,not_stated
Described as open source by the provider; exact code licence not inspected,1,not_stated,not_stated
"Digital Twin Hub website terms (project pages); utility data shared under agreements, not published",1,not_stated,not_stated
Disclaimer accepted before access (licence not stated on the page read),1,not_stated,not_stated
Divvy Data License Agreement,1,provider_terms,keyword
Documentation CC-BY-SA-4.0; machine learning scripts MIT,1,share_alike|permissive_code,named_licence
Documentation under GOV.UK terms; model not published,1,not_stated,not_stated
DrivenData competition data terms,1,provider_terms,keyword
"EASA copyright notice, all rights reserved; SIB text marked as information only",1,proprietary,keyword
"EBRD terms and conditions: personal, non-commercial use, no redistribution or derivative works",1,non_commercial,keyword
"ECB copyright, all rights reserved; free download, reproduction only with written authorisation",1,proprietary,keyword
"ECB copyright; reproduction for non-commercial purposes with source acknowledged (standard ECB notice, not quoted on the pages read)",1,non_commercial,keyword
ECB terms (reuse conditions not stated on the page read),1,not_stated,not_stated
ECB working paper (reuse terms not stated in the pages read),1,not_stated,not_stated
ECL-2.0,1,permissive_code,keyword
EDF terms of use (no open licence named),1,not_stated,not_stated
EDGAR conditions of use with citation (no licence named on the pages read),1,not_stated,not_stated
EEA re-use policy (content re-usable with acknowledgement unless stated otherwise); not restated on the pages read,1,provider_terms,keyword
EEA reuse policy,1,attribution,keyword
EEA reuse policy (not stated on the page read),1,not_stated,not_stated
EEA standard reuse policy (attribution),1,attribution,keyword
EERI terms (not stated on the pages read),1,not_stated,not_stated
EHP open access (public domain or CC licence per article; not confirmed),1,not_stated,not_stated
EIB terms of use: no publication or commercial exploitation without prior written permission unless otherwise permitted,1,proprietary,keyword
EIOPA legal notice (reuse terms not stated on the page read),1,not_stated,not_stated
EITI open data policy (terms on provider site),1,provider_terms,keyword
ELSTAT copyright and reuse terms (document not readable from the cloud),1,not_stated,not_stated
EMSA copyright (disclaimer; no open licence stated),1,not_stated,not_stated
EMSA legal notice and copyright terms (no open licence stated),1,not_stated,not_stated
EMSA website terms,1,provider_terms,keyword
EMTP License Agreement (commercial),1,proprietary,keyword
ENA site licence: download and print for internal business use; extracted content expected under CC BY-NC,1,non_commercial,named_licence
ENISA copyright; free to read,1,not_stated,keyword
ENISA legal notice (not read),1,not_stated,not_stated
"ENTSO-E Transparency Platform terms and conditions; TSO data released under an open data licence since 2019, other providers' data per their policy",1,attribution,keyword
EOSDIS Data Use and Citation Guidance,1,provider_terms,keyword
EPA Data License (https://edg.epa.gov/EPA_Data_License.html),1,provider_terms,keyword
EPA ScienceHub licence,1,provider_terms,keyword
EPA ScienceHub licence (https://pasteur.epa.gov/license/sciencehub-license.html),1,provider_terms,keyword
EPA website terms (no open licence stated on the page),1,not_stated,not_stated
EPL (version not stated on the page read),1,copyleft_code,named_licence
EPL-2.0 OR GPL-2.0-or-later,1,copyleft_code,named_licence
EPL-2.0 and AGPL-3.0 (by component),1,copyleft_code,named_licence
EPRI Terms of Use (https://www.epri.com/help/privacy/terms-of-use),1,provider_terms,keyword
EPRI supplementary terms and conditions for the repository,1,provider_terms,keyword
EPRI terms of use; public deliverables free,1,provider_terms,keyword
ERCOT Terms of Use (https://www.ercot.com/help/terms),1,provider_terms,keyword
"ESA CCI data policy (open access; terms per dataset, not read)",1,not_stated,not_stated
ESA Community Licence for MIDAS distribution; exact terms not inspected,1,not_stated,not_stated
ESA SWE portal terms (product-specific; not stated on the pages read),1,not_stated,not_stated
"ESA Standard Licence (education, editorial and information use only; other uses need a specific licence)",1,provider_terms,keyword
ESA Third Party Missions terms (no separate licence named),1,provider_terms,keyword
"ESA copyright; reproduction needs ESA consent (ECSS licence agreement, ECSS-P-00C clause 5.8)",1,provider_terms,keyword
ESA terms of use for DISCOS (account required),1,provider_terms,keyword
ESA terms of use for web content (not stated on the report page read),1,not_stated,not_stated
"ESDAC data licence agreement (ESDB v2.0: free of charge, no passing to third parties, no commercial use); terms set per dataset",1,varies,keyword
ETH software licence agreement (accepted on download),1,provider_terms,keyword
ETSAP,1,other,fallback_other
ETSI and DVB copyright; free download,1,provider_terms,keyword
EU Publications Office report; licence not read on the page,1,not_stated,not_stated
EU agency information system; no open licence stated,1,not_stated,not_stated
EU legal acts are free to reuse (Commission reuse policy),1,attribution,keyword
EUMETSAT data policy and terms of use (not read),1,not_stated,not_stated
EUPL 1.2,1,copyleft_code,named_licence
EUPL-1.2 for repository; separate licence for linked data archives not stated,1,copyleft_code,named_licence
EUPL-1.2 or AGPL-3.0 (source code); HSL data terms not readable from the cloud,1,copyleft_code,named_licence
EUPL-1.2-or-later,1,copyleft_code,named_licence
EUROCONTROL ADRR terms of use (R&D use),1,provider_terms,keyword
EUROCONTROL licence agreement (restricted to ANSPs and airlines in Europe),1,proprietary,keyword
Each linked dataset has its own terms (none stated for the catalogue),1,not_stated,not_stated
Each model carries its own open-source licence; users must cite model authors,1,provider_terms,keyword
Eclipse Public License (version not stated on the page read),1,copyleft_code,named_licence
Eclipse Public License 2.0,1,copyleft_code,named_licence
Economist Impact terms of use; free,1,provider_terms,keyword
Educational use only; commercial use requires the paid IC+ database,1,non_commercial,keyword
EirGrid Group Open Data Licence,1,attribution,keyword
Elsevier copyright; database not publicly released,1,provider_terms,keyword
Elsevier journal article (subscription; Elsevier user licence for text mining),1,proprietary,keyword
"Elsevier journal licence, all rights reserved",1,proprietary,keyword
Elsevier; accepted version open in NORA,1,attribution,open_or_free
End User License Agreement (Vanderbilt; must be accepted before use),1,proprietary,keyword
Energy Commission terms of use (all rights reserved),1,proprietary,keyword
Environment Agency Conditional Licence,1,provider_terms,keyword
Environment Agency Conditional Licence (attribution: © Environment Agency copyright and/or database right; contains information © Local Authorities),1,provider_terms,keyword
Environment Agency conditional licence,1,provider_terms,keyword
"Environment Agency copyright and/or database right 2025, all rights reserved (attribution statement on data.gov.uk)",1,proprietary,keyword
Eora licence (free for academic use at degree-granting institutions; other uses licensed),1,non_commercial,keyword
Ericsson terms of use; free to view,1,provider_terms,keyword
Esri Master License,1,provider_terms,keyword
"Estonian open data terms of use (free of charge, attribution required)",1,attribution,keyword
Etalab Licence Ouverte,1,attribution,named_licence
Etalab Open Licence (version unspecified),1,attribution,named_licence
Etalab-2.0 for site texts; data reuse subject to the portal's legal notice,1,attribution,named_licence
Euro-IX copyright; free to read,1,not_stated,keyword
EuroGeographics Open licence (attribution; similar to CC BY),1,attribution,named_licence
European Commission legal notice; indicators drawn from public EU-wide datasets,1,provider_terms,keyword
European Commission reuse notice (reuse authorised with acknowledgement),1,provider_terms,keyword
European Commission reuse notice (reuse permitted with acknowledgement),1,attribution,keyword
"European Commission reuse notice, as linked on the portal listing (http://aeronet.gsfc.nasa.gov/new_web/data_usage.html)",1,provider_terms,keyword
"European Commission reuse notice, as linked on the portal listing (http://data.jrc.ec.europa.eu/licence/not_available), CC-BY-4.0",1,attribution,named_licence
European Commission reuse notice; source acknowledgement and third-party rights conditions,1,provider_terms,keyword
European Commission reuse policy (CC BY 4.0) for Commission pages; news articles all rights reserved,1,attribution,named_licence
European Commission reuse policy (COM_REUSE),1,attribution,keyword
European Commission reuse policy (Commission Decision 2011/833/EU); not stated on the page,1,not_stated,not_stated
European Commission reuse policy (Decision 2011/833/EU),1,attribution,keyword
European Commission reuse policy (Decision 2011/833/EU; reuse with acknowledgement),1,attribution,keyword
European Commission reuse policy (free reuse with attribution),1,attribution,keyword
"European Union 2016, reuse authorised with acknowledgement",1,provider_terms,keyword
European Union Public Licence (as stated by the tool),1,copyleft_code,named_licence
"European Union publications, reuse under CC BY 4.0",1,attribution,named_licence
European Union reuse policy (Decision 2011/833/EU),1,attribution,keyword
European Union; reuse allowed with acknowledgement,1,attribution,keyword
European Urban Initiative website content,1,not_stated,keyword
Eurostat copyright notice and free re-use of data,1,provider_terms,keyword
Eurostat copyright notice and free re-use of data (re-use allowed with source acknowledgement),1,attribution,keyword
Eurostat copyright notice and licence provisions,1,provider_terms,keyword
Eurostat reuse policy (free reuse with acknowledgement),1,attribution,keyword
Eurostat reuse policy (reuse authorised with acknowledgement; website content CC BY 4.0),1,attribution,named_licence
Eurovent Certita terms of use (not an open licence),1,attribution,keyword
Evaluation article CC BY; PAHO web content under PAHO terms,1,attribution,named_licence
FAO terms of use (not stated on the page read),1,not_stated,not_stated
FDEP open data terms (provided without warranty),1,provider_terms,keyword
FEMA publication (terms not stated on the pages read),1,not_stated,not_stated
FEMA software (terms not stated on the pages read),1,not_stated,not_stated
FEMA terms and conditions (US federal data),1,public_domain,named_licence
FIR general terms and conditions (Általános Szerződési Feltételek; not read),1,not_stated,not_stated
"FMI website terms: attributed private, non-commercial, teaching and research use; other redistribution requires permission",1,non_commercial,keyword
FOEN terms and conditions (not read),1,not_stated,not_stated
FRED legal terms; each series keeps the copyright status of its source (no single licence on the page read),1,provider_terms,keyword
FSB terms and conditions; XBRL described as a freely licensed open standard,1,provider_terms,keyword
FTOT End User License Agreement,1,proprietary,keyword
Facility access terms for approved users,1,provider_terms,keyword
FedCommunities terms of use (informational and educational purposes),1,provider_terms,keyword
Federal Reserve Bank of New York publication (reuse terms not stated on the page read),1,not_stated,not_stated
Figures reusable with citation of the Green Infrastructure Promotion Strategy 2030 (as stated on the page),1,attribution,keyword
FireCARES data use agreement and API terms; processing code MIT,1,permissive_code,named_licence
Flemish model licence for free reuse (Modellicentie Gratis Hergebruik v1.0),1,attribution,keyword
Florida public records (free use),1,not_stated,keyword
Food Banks Canada website terms (no open licence stated),1,not_stated,not_stated
Fraunhofer QuaDRiGa software licence,1,provider_terms,keyword
Free API; document copyright stays with contributing organisations (ReliefWeb terms of use),1,provider_terms,keyword
Free EPA public distribution; GitHub source redistribution terms unstated,1,provider_terms,keyword
Free U.S. government online tool,1,attribution,open_or_free
Free US Government software (no licence statement on the page read),1,not_stated,not_stated
Free US Government software (requires a commercial ArcGIS Pro licence); Python package GPL-3.0,1,copyleft_code,named_licence
Free access platform (no licence stated); detailed data sold as Kermap services,1,not_stated,not_stated
Free access under the European Commission legal notice,1,provider_terms,keyword
Free access; responsibility for content stays with each dataset owner,1,varies,keyword
Free and open source (licence named in the code distribution),1,provider_terms,keyword
Free and open source (licence not named on the home page),1,not_stated,not_stated
Free and open source (licence per repository),1,provider_terms,keyword
Free and open source (licensing page on the site),1,attribution,open_or_free
"Free and open, provided as-is (no named licence on the pages read)",1,provider_terms,keyword
Free client; engine not open source,1,proprietary,keyword
Free download (licence not stated on the page read),1,not_stated,not_stated
Free download (licence terms not stated on the page read),1,not_stated,not_stated
Free download (licence terms not stated),1,not_stated,not_stated
Free download under the NLR data disclaimer,1,provider_terms,keyword
Free edition of proprietary software (terms not checked),1,proprietary,keyword
Free for academic purposes with citation,1,non_commercial,keyword
Free for academic research with citation; commercial use needs permission from the lead author,1,non_commercial,keyword
Free for academic use; commercial use needs the authors' approval; cite the listed papers,1,non_commercial,keyword
Free for non-commercial research and education with citation,1,non_commercial,keyword
Free for non-commercial use; commercial licence separately available,1,non_commercial,keyword
"Free for public use under Zillow's Terms of Use, with attribution to Zillow",1,provider_terms,keyword
Free for research (no explicit licence stated on the project page),1,not_stated,not_stated
Free for research with citation; Java library under the ZIB Academic License,1,non_commercial,keyword
Free for research; contact authors for commercial use,1,non_commercial,keyword
Free for the scientific community under bundled licence terms,1,provider_terms,keyword
"Free of charge with acknowledgement: cite 'European Hydrogen Incidents and Accidents Database HIAD 2.2, European Commission, Joint Research Centre, Petten'; no warranty (conditions accepted on download)",1,provider_terms,keyword
Free of charge with attribution ('incorporated from EuRIS (eurisportal.eu)'),1,attribution,open_or_free
Free online maps (Climate Central terms); CoastalDEM proprietary,1,proprietary,keyword
"Free open data (terms on the CKW page, which blocked automated reading)",1,provider_terms,keyword
Free open-access tool; API use under Building Transparency API terms,1,provider_terms,keyword
Free public access,1,attribution,open_or_free
Free public consultation,1,attribution,open_or_free
Free public use under the RMC software distribution policy (no licence file in the repository),1,provider_terms,keyword
Free registration and CTUR terms of use,1,provider_terms,keyword
Free resource; reuse licence not stated on the page read,1,not_stated,not_stated
Free reuse with attribution (Källa: Myndigheten för civilt försvar),1,attribution,keyword
Free reuse with attribution ©Bundesnetzagentur,1,attribution,keyword
Free service with attribution to CityBikes required; pybikes AGPL-3.0; operator data terms apply,1,copyleft_code,named_licence
Free specification; the exact redistribution licence was not checked,1,provider_terms,keyword
Free to download from IPCC-TFI (IPCC copyright),1,provider_terms,keyword
Free to download; ITU and UNITAR copyright,1,provider_terms,keyword
Free to read (Elsevier COVID-19 resource centre terms),1,not_stated,keyword
Free to read (arXiv author version),1,not_stated,keyword
Free to read (author copy on figshare),1,not_stated,keyword
Free to read (author version in PubMed Central),1,not_stated,keyword
Free to read (author version in the VU repository),1,not_stated,keyword
Free to use (UN-Habitat publication terms),1,provider_terms,keyword
Free to use (UNDRR terms),1,provider_terms,keyword
Free to use (per the Enexis open data page),1,attribution,open_or_free
Free to use (terms on the initiative website),1,provider_terms,keyword
Free to use for everyone (OS product page); licence name not shown on the pages read,1,provider_terms,keyword
Free to use per portal (partner-specific terms),1,provider_terms,keyword
Free to use under the tool's terms and conditions,1,provider_terms,keyword
Free use and free of charge with attribution: «© Ministerio para la Transición Ecológica y el Reto Demográfico»,1,attribution,keyword
Free use under the JMA Legal Notice with DOI citation,1,attribution,keyword
Free use with attribution (citation required); ISIMIP source terms apply,1,attribution,keyword
"Free use with citation ""Fuente: DANE""; copying the data for resale prohibited (ANDA conditions)",1,attribution,keyword
Free use with credit to data sources and map creator,1,attribution,keyword
Free use with full source citation,1,attribution,keyword
Free web application (terms not stated on the page read),1,not_stated,not_stated
Free web calculator; Business Solutions and API under licence fees,1,proprietary,keyword
Free web service; the citation record in the Texas Data Repository is CC0 1.0; SWAT itself is public domain,1,public_domain,named_licence
Free with Neighborhood Atlas terms of use (account required),1,provider_terms,keyword
Free with attribution to Backblaze; resale of the data not allowed,1,attribution,open_or_free
"Free, publicly available survey results; no formal licence named on the data pages",1,provider_terms,keyword
Freeware (copyright GIDAI Group; no licence text),1,proprietary,keyword
Freeware; copyright Roger Coudé,1,proprietary,keyword
French government publication,1,not_stated,keyword
Functional Map of the World Challenge Public License,1,provider_terms,keyword
"Functional Source License (FSL), becoming MIT after two years",1,permissive_code,named_licence
"GAMIT/GLOBK licence from MIT: free without royalty for non-commercial education and research by universities and government agencies, by application; other use by agreement",1,permissive_code,named_licence
"GAUL 2015 Data Licence, non-commercial",1,non_commercial,keyword
GDV terms of use for data and graphics,1,provider_terms,keyword
GESIS and ICPSR terms of use,1,provider_terms,keyword
GIRO Rules of the Road (acknowledgement required; not read in full),1,not_stated,not_stated
GNR Terms of Use (not read),1,not_stated,not_stated
GNU GPL (version not specified on the reviewed homepage),1,copyleft_code,named_licence
GNU GPL v2 or later,1,copyleft_code,named_licence
GNU General Public License (version not stated in repository licence),1,copyleft_code,named_licence
"GNU General Public License v3 (GPLv3), see LICENSE.md",1,copyleft_code,named_licence
GNU LGPL,1,copyleft_code,named_licence
GNU LGPL (per the Eurac page),1,copyleft_code,named_licence
"GPL (>= 2) OR LGPL (>= 3), as stated by CRAN",1,copyleft_code,named_licence
"GPL (AMES V2.07 stated as free open-source under the GNU General Public License; terms of later versions, hosted on GitHub repositories, were not read)",1,copyleft_code,named_licence
GPL (GNU General Public License); website text CC BY-NC-SA 4.0,1,non_commercial|copyleft_code,named_licence
"GPL (GNU General Public License, per TU Delft)",1,copyleft_code,named_licence
"GPL (GPL-3.0 on version 1.3, GPL-2.0 shown in the Zenodo licence field)",1,copyleft_code,named_licence
GPL (as given in the list),1,copyleft_code,named_licence
GPL (page states PSAT is distributed under the General Public License with no warranty),1,copyleft_code,named_licence
GPL (per source headers),1,copyleft_code,named_licence
GPL (version not stated on ascend4.org),1,copyleft_code,named_licence
GPL (version not stated; the EPIC page says not for commercial use),1,copyleft_code,named_licence
GPL for PEDSIM; LGPL for the core library libpedsim,1,copyleft_code,named_licence
GPL-2,1,copyleft_code,named_licence
GPL-2 (CRAN label),1,copyleft_code,named_licence
GPL-2+,1,copyleft_code,named_licence
GPL-2.0 (as given in the list),1,copyleft_code,named_licence
GPL-2.0 (code); CC-BY-4.0 (input and output data),1,attribution|copyleft_code,named_licence
GPL-2.0 (linked source repository; Zenodo says other-open),1,copyleft_code,named_licence
GPL-2.0 (provider repository label; exact version-or-later terms not independently inspected),1,copyleft_code,named_licence
GPL-2.0 for code; population and other inputs carry separate terms,1,copyleft_code,named_licence
GPL-2.0 shown on the repository; rights in individual input datasets require separate checking,1,copyleft_code,named_licence
GPL-2.0 stated by the overview,1,copyleft_code,named_licence
"GPL-2.0-only (ns3-sat-sim); MIT (satgenpy, satviz)",1,copyleft_code|permissive_code,named_licence
GPL-2.0-or-later (non-code parts also CC-BY-SA-4.0),1,share_alike|copyleft_code,named_licence
GPL-2.0-or-later (project files; some bundled code under other licences),1,copyleft_code,named_licence
GPL-2.0-or-later (source header); accompanying study archive CC-BY-4.0,1,attribution|copyleft_code,named_licence
GPL-2.0-or-later for the QGIS plugin; bundled component notices retained,1,copyleft_code,named_licence
GPL-2.0; NIST-authored portions are US public domain and GPL-2.0 abroad,1,copyleft_code|public_domain,named_licence
GPL-3 (CRAN label),1,copyleft_code,named_licence
GPL-3.0 (CLIMADA licence as quoted on the page) with EIOPA usage terms,1,copyleft_code,named_licence
GPL-3.0 (COPYING in GitHub mirror; spec file says GPL/LGPL),1,copyleft_code,named_licence
GPL-3.0 (DTALite); Apache-2.0 (Path4GMNS),1,copyleft_code|permissive_code,named_licence
"GPL-3.0 (GitHub licence metadata, LICENSE and README).",1,copyleft_code,named_licence
GPL-3.0 (GitHub); Other Open (Zenodo archive metadata),1,copyleft_code,named_licence
GPL-3.0 (LICENSE file in the GitHub repository); some advanced features may require an activation key,1,copyleft_code,named_licence
GPL-3.0 (PyPI metadata); Zenodo says other-open,1,copyleft_code,named_licence
GPL-3.0 (code); CC BY 4.0 (companion data on Zenodo),1,attribution|copyleft_code,named_licence
GPL-3.0 (code); CC-BY-4.0 (results),1,attribution|copyleft_code,named_licence
GPL-3.0 (code); data licence not stated,1,copyleft_code,named_licence
GPL-3.0 (current upstream repository),1,copyleft_code,named_licence
GPL-3.0 (model generator); GAMS and VEDA are commercial,1,copyleft_code,named_licence
GPL-3.0 (software); OpenStreetMap data under ODbL,1,share_alike|copyleft_code,named_licence
"GPL-3.0 family (AGPL-3.0 on Zenodo, GPLv3 on PyPI)",1,copyleft_code,named_licence
GPL-3.0 for current fragility release; CC-BY-4.0 for earlier combined bundle,1,attribution|copyleft_code,named_licence
GPL-3.0 for package code; GTFS and OSM inputs retain provider-specific terms.,1,copyleft_code,named_licence
GPL-3.0 for software; Figshare archive metadata also labels CC-BY-4.0,1,attribution|copyleft_code,named_licence
GPL-3.0 for software; underlying literature-data rights remain source-specific,1,copyleft_code,named_licence
GPL-3.0 in GitHub; Zenodo states Other (Open),1,copyleft_code,named_licence
GPL-3.0 in GitHub; archived Zenodo release labelled other-open,1,copyleft_code,named_licence
GPL-3.0 in repository README; archived Zenodo metadata states GPL-2.0-or-later,1,copyleft_code,named_licence
GPL-3.0 in root LICENSE and README; GitHub metadata labels the file Other rather than giving an SPDX identifier.,1,copyleft_code,named_licence
GPL-3.0 in root LICENSE and README; IBM CPLEX solver terms are separate.,1,copyleft_code,named_licence
"GPL-3.0 on SourceForge and DataCite; Zenodo record states GPL-2.0, unresolved version conflict",1,copyleft_code,named_licence
GPL-3.0 or LGPL-3.0 (per component),1,copyleft_code,named_licence
GPL-3.0 plus the WHO Terms of Use and Software License Agreement,1,copyleft_code,named_licence
GPL-3.0 source; CC-BY-NC-SA-3.0 README content,1,non_commercial|copyleft_code,named_licence
GPL-3.0+,1,copyleft_code,named_licence
GPL-3.0-only (code); CC BY-NC-SA (data),1,non_commercial|copyleft_code,named_licence
GPL-3.0-only metadata umbrella; separate component licences described by the provider,1,copyleft_code,named_licence
GPL-3.0-or-later (PyPI metadata),1,copyleft_code,named_licence
GPL-3.0-or-later (Zenodo release),1,copyleft_code,named_licence
GPL-3.0-or-later in versioned README and LICENSE; Other Open in Zenodo metadata,1,copyleft_code,named_licence
GPL-3.0-or-later; LGPL-3.0 for WellIndexCalculator,1,copyleft_code,named_licence
GPL; exact version not resolved,1,copyleft_code,named_licence
GPLv2 (stated on the project site),1,copyleft_code,named_licence
"GRDC data policy: free of charge, no commercial use, no redistribution",1,non_commercial,keyword
"GS1 standard, free to download; implementation under the GS1 IP Policy (royalty-free or RAND licence to necessary claims for GS1 members)",1,provider_terms,keyword
GSC website terms (not read),1,not_stated,not_stated
GSI content-use terms with layer-specific and third-party conditions,1,varies,keyword
"GSMA copyright; reports free, survey data on request",1,proprietary,keyword
GSMA terms; free to view,1,provider_terms,keyword
"GSS public use dataset terms (statistical and research use only, no redistribution)",1,non_commercial,keyword
GTAP licence (current release purchased; older releases free),1,proprietary,keyword
GTD end user licence (non-commercial research use; no redistribution),1,non_commercial,keyword
"GazFlow Public License v1.0 (source available, non-OSI); commercial agreement for enterprise use",1,proprietary,keyword
General conditions of use of the digital geographical data of the SPW (http://geoportail.wallonie.be/files/documents/ConditionsSPW/DataSPW-CGU.pdf),1,provider_terms,keyword
"GeoNutzV (German federal geodata terms, free, no attribution required)",1,attribution,keyword
GeoSénégal data licence agreement (use under a licence agreement),1,provider_terms,keyword
"German federal government; free to view, no open licence found",1,not_stated,not_stated
GitHub code MIT; linked data-archive licence not stated in Hugging Face metadata,1,permissive_code,named_licence
Global Data Alliance copyright; free to read,1,not_stated,keyword
"Global Fishing Watch terms of use (non-commercial, attribution)",1,non_commercial,keyword
Google Terms of Service,1,provider_terms,keyword
Google copyright; free to read,1,not_stated,keyword
Google terms of service,1,provider_terms,keyword
Government Open Data License India,1,attribution,keyword
Government of Andorra copyright (no open licence stated),1,not_stated,not_stated
Government of Canada terms (not read),1,not_stated,not_stated
Government of Canada terms and conditions (Canada.ca),1,provider_terms,keyword
Government of Canada terms and conditions (linked from the page),1,provider_terms,keyword
Government of China; free to read,1,not_stated,keyword
Government of Japan Standard Terms of Use (CC BY 4.0 compatible),1,attribution,named_licence
Government of Japan Standard Terms of Use (compatible with CC BY 4.0),1,attribution,named_licence
Government platform; no public licence stated,1,provider_terms,keyword
Graz University of Technology Software License Agreement,1,provider_terms,keyword
GridLAB-D License (Battelle BSD-style open source licence),1,permissive_code,named_licence
HCUP Data Use Agreement (proprietary; no redistribution),1,proprietary,keyword
HDX 'other' licence with required attribution to Google Earth AI and DISHA,1,provider_terms,keyword
HQSC website terms (no open licence stated),1,not_stated,not_stated
HSE website terms (no open licence stated),1,not_stated,not_stated
Harvard Dataverse terms (CC0 by default),1,public_domain,named_licence
Harvard Dataverse terms (see dataset),1,provider_terms,keyword
Health NZ data use standard operating procedure; approved requests only,1,provider_terms,keyword
Health NZ terms; unit records by approved request,1,provider_terms,keyword
Healthdirect integration terms; free to integration partners,1,provider_terms,keyword
Helsedirektoratet terms (no licence named on the pages read),1,not_stated,not_stated
Hydro-Québec website terms; paper under Wiley terms,1,provider_terms,keyword
HydroCAD Software License Agreement (commercial),1,proprietary,keyword
"HydroSHEDS licence agreement (free for scientific, educational and commercial use, with attribution)",1,proprietary,keyword
Hydrus-1D is public domain; HYDRUS 2D/3D is sold under commercial licence,1,public_domain,keyword
IAEA terms of use (no open data licence stated on the pages read),1,attribution,keyword
IBECs copyright; open-source-code application offered separately,1,provider_terms,keyword
IBPSA BOPTEST licence (license.md in the repository),1,provider_terms,keyword
ICAO terms and conditions,1,provider_terms,keyword
"ICE Publishing, all rights reserved; free to read on the Learning Legacy site",1,not_stated,keyword
ICE use terms (layers custom; Agencias layer marked public use),1,provider_terms,keyword
"ICMM terms: reproduction free of charge for non-commercial, informational purposes with the source acknowledged",1,non_commercial,keyword
ICPSR terms of use,1,provider_terms,keyword
ICPSR terms of use (licence not stated in the DataCite record),1,not_stated,not_stated
ICPSR terms of use (not stated in metadata),1,not_stated,not_stated
IDAES BSD-style licence with enhancement clause,1,permissive_code,named_licence
IDE-JETRO agreement on the use of input-output table data (no redistribution; citation required),1,provider_terms,keyword
IEA EBC publication terms,1,provider_terms,keyword
IEA terms and conditions (not an open licence),1,attribution,keyword
IEA terms of use (free material reusable with attribution),1,attribution,keyword
IEEE copyright (academic content mining permitted),1,provider_terms,keyword
IEEE copyright (article licence terms of IEEE Xplore),1,provider_terms,keyword
IET custom redistribution licence,1,provider_terms,keyword
IFPRI Datasets Terms of Use (custom terms),1,provider_terms,keyword
IFPRI terms of use; free to view,1,provider_terms,keyword
IFRC GO terms of use (not read),1,not_stated,not_stated
"IG-EPN terms and conditions (non-profit use, no redistribution, citation required)",1,provider_terms,keyword
IGAC terms of use (Resolución 616 de 2020); SINIC open cadastral base stated as without use limitations,1,provider_terms,keyword
"IGC copyright; free summary, full report by subscription",1,proprietary,keyword
IGN licence of use compatible with CC-BY-4.0,1,attribution,named_licence
IGN terms and conditions of use of geospatial information,1,provider_terms,keyword
IHME free-of-charge non-commercial user agreement (IHME data); third-party terms otherwise,1,non_commercial,keyword
IIASA public licence adapted from CC BY 4.0,1,attribution,named_licence
IMF Copyright and Usage terms (not quoted on the page read),1,provider_terms,keyword
IMF copyright and terms of use (not readable from the cloud on 2026-09-29; the dataset page does not restate them),1,not_stated,not_stated
IMF terms of use (https://www.imf.org/external/terms.htm),1,provider_terms,keyword
IMO terms of use (not an open licence),1,attribution,keyword
IMPACT data use terms; commercial use listed as unknown,1,not_stated,not_stated
"INE Open Data License Agreement (worldwide, royalty-free, commercial and non-commercial use with acknowledgement)",1,attribution,keyword
INEC copyright; citation of INEC required; statistical confidentiality rules,1,proprietary,keyword
"INEGI free-use terms (open, attribution)",1,provider_terms,keyword
INMSS terms (no licence named on the page),1,not_stated,not_stated
"INS Niger open data licence (copy, adapt and redistribute for commercial and non-commercial use with source attribution)",1,attribution,keyword
INS Tunisia open licence (commercial and non-commercial reuse permitted),1,attribution,keyword
INSTAT open data licence agreement (commercial and non-commercial use under its conditions),1,attribution,keyword
"IOM terms: non-commercial use only, no redistribution or derivative works, credit IOM DTM",1,non_commercial,keyword
IPUMS NHGIS terms of use: free with registration and citation; redistribution needs permission,1,provider_terms,keyword
IPUMS conditions of use (registration required),1,provider_terms,keyword
"IRENA publication terms for the brochure: material may be freely used, shared, copied and reproduced with acknowledgement of IRENA, third-party material may have separate terms; platform data terms not read",1,not_stated,not_stated
IRF licence agreement for Kiruna observatory data,1,provider_terms,keyword
IRIDE data policy (no licence named in the announcement),1,not_stated,not_stated
ISC (GitHub licence metadata and license.md).,1,permissive_code,named_licence
ISC license,1,permissive_code,named_licence
ISC-style permissive licence,1,permissive_code,named_licence
ISO copyright (paid standard),1,proprietary,keyword
ISPRA terms (no licence named on the page),1,not_stated,not_stated
ITU copyright notice; the publication page states free download,1,provider_terms,keyword
"ITU copyright, all rights reserved, no reproduction without written permission",1,proprietary,keyword
"ITU copyright, all rights reserved; reproduction needs ITU written permission (as printed in the document)",1,proprietary,keyword
"ITU copyright: all rights reserved, no reproduction without written permission (cover page)",1,proprietary,keyword
ITU copyright; free download,1,provider_terms,keyword
ITU copyright; free to download,1,provider_terms,keyword
ITU copyright; free to read,1,not_stated,keyword
ITU terms of use,1,provider_terms,keyword
"ITU; free to view, no open licence stated",1,not_stated,not_stated
ITU; subscription for parts,1,proprietary,keyword
ITU; terms not stated,1,not_stated,not_stated
IUGS CGI copyright for site content; licence of the standard not stated on the page read,1,not_stated,not_stated
IXPDB Acceptable Use Policy (all rights reserved),1,proprietary,keyword
Images CC BY-SA according to the OpenStreetMap wiki,1,share_alike,named_licence
Images CC BY-SA according to the OpenStreetMap wiki; platform terms of use apply,1,share_alike,named_licence
Images: CC-BY-NC-SA-4.0; Python code: Apache-2.0,1,non_commercial|permissive_code,named_licence
In Copyright,1,provider_terms,keyword
In copyright; data by data use agreement,1,provider_terms,keyword
Indonesian government licence for high-resolution data; no open licence stated,1,not_stated,not_stated
Internal use only,1,other,fallback_other
"Internet Society Pulse Terms and Conditions (Pulse Data may be used, copied and published for non-commercial purposes; no resale or redistribution)",1,non_commercial,keyword
Italian Open Data License 2.0,1,attribution,keyword
Italian Open Data License IODL 2.0,1,attribution,keyword
JARTIC terms of use; G-Space API terms,1,provider_terms,keyword
JAXA AMSR Research Product Distribution Service terms; exact reuse rights require review,1,provider_terms,keyword
JAXA terms of use (not named on the pages read),1,not_stated,not_stated
JCPRA website terms (no licence named on the pages read),1,not_stated,not_stated
JPCERT/CC terms of use,1,provider_terms,keyword
Japan Government Standard Terms of Use,1,provider_terms,keyword
Japanese Government Standard Terms of Use 2.0 (compatible with CC-BY-4.0),1,attribution,named_licence
Japanese Government publications (PDL 1.0 or government terms of use),1,not_stated,keyword
Journal article (Elsevier); accepted manuscript free on OSTI; model licence not stated,1,not_stated,not_stated
Journal article (publisher copyright; abstract free),1,proprietary,keyword
Journal articles (publisher copyright; abstracts free),1,proprietary,keyword
KITopen licence,1,attribution,keyword
KSJ terms (non-commercial),1,non_commercial,keyword
Kaggle dataset and competition terms,1,provider_terms,keyword
King's Printer for Ontario,1,other,fallback_other
Korea Expressway Corporation public data use policy,1,provider_terms,keyword
"Korea Public Nuri licence type 2 or 4 (attribution, non-commercial)",1,non_commercial,keyword
"Korea public data, no restriction on use (이용허락범위 제한 없음)",1,public_domain,keyword
"Korean public data, free with no restriction on the scope of use (data.go.kr terms)",1,provider_terms,keyword
LBNL BCVTB licence (licence page with DOE rights notice),1,provider_terms,keyword
LBNL COMFEN licence (licence page linked from the tool page),1,provider_terms,keyword
LBNL RESFEN 6 end-user licence: royalty-free executable use with restrictions,1,proprietary,keyword
LBNL TOUGH licence agreement (paid),1,proprietary,keyword
LBNL frads licence: three-clause BSD terms plus an enhancements clause,1,permissive_code,named_licence
LBNL web platform (terms not stated beyond disclaimers),1,not_stated,not_stated
"LGPL (GNU Lesser General Public License, Version5 distribution)",1,copyleft_code,named_licence
LGPL (LICENSE file in the source tree is LGPL-2.1; the COPYING file carries LGPL-3.0),1,copyleft_code,named_licence
LGPL (as stated in the paper's code metadata),1,copyleft_code,named_licence
LGPL (some components GPL-3.0),1,copyleft_code,named_licence
LGPL (version not stated on the page read),1,copyleft_code,named_licence
LGPL / entire code based on open source,1,copyleft_code,named_licence
LGPL-2.1 (as given in the list),1,copyleft_code,named_licence
LGPL-2.1 for CrowNet; component licences differ,1,copyleft_code,named_licence
LGPL-2.1 with LLNL/DOE notices; third-party components have separate licences,1,copyleft_code,named_licence
LGPL-2.1-only,1,copyleft_code,named_licence
LGPL-2.1-or-later,1,copyleft_code,named_licence
LGPL-3.0 (as given in the list),1,copyleft_code,named_licence
LGPL-3.0 (as given on the fact sheet),1,copyleft_code,named_licence
LGPL-3.0 for repository; version 0.0.1 archive metadata states CC-BY-4.0,1,attribution|copyleft_code,named_licence
LGPL-3.0 software; linked WorldFloods v2 data and trained models CC-BY-NC-4.0,1,non_commercial|copyleft_code,named_licence
LGPL-3.0-only (backend); BSD-3-Clause (web interface),1,copyleft_code|permissive_code,named_licence
LGPL-3.0-or-later for the suite documentation; component-specific GPL/LGPL terms; CC-BY-4.0 for 2017 Figshare snapshot metadata,1,attribution|copyleft_code,named_licence
LGPL-3.0; GPL-3.0,1,copyleft_code,named_licence
LICENSE,1,provider_terms,keyword
"LINZ copyright terms, free reuse",1,attribution,keyword
Legacy Humanitarian Response terms of use (HDX licence: Other),1,provider_terms,keyword
LeoLabs terms of use,1,provider_terms,keyword
Libre Uso MX,1,attribution,keyword
Licence ODBL,1,share_alike,named_licence
Licence ODBL: https://opendatacommons.org/licenses/odbl/summary/ (http://opendatacommons.org/licenses/odbl/),1,share_alike,named_licence
Licence ODbL Version Française (http://vvlibri.org/fr/licence/odbl-10/legalcode/unofficial),1,share_alike,named_licence
"Licence ODbL Version Française (https://doc.transport.data.gouv.fr/le-point-d-acces-national/cadre-juridique/conditions-dutilisation-des-donnees/licence-odbl), ODbL-1.0",1,share_alike,named_licence
"Licence Ouverte (Etalab) (https://www.etalab.gouv.fr/wp-content/uploads/2014/05/Licence_Ouverte.pdf), Licence Ouverte (https://www.etalab.gouv.fr/licence-ouverte-open-licence/), Licence Ouverte 2.0 (E",1,attribution,named_licence
"Licence Ouverte (Etalab) (https://www.etalab.gouv.fr/wp-content/uploads/2014/05/Licence_Ouverte.pdf), Licence Ouverte (https://www.etalab.gouv.fr/licence-ouverte-open-licence/), Licence Ouverte v2.0 (",1,attribution,named_licence
"Licence Ouverte (https://www.etalab.gouv.fr/licence-ouverte-open-licence/), Licence Ouverte v2.0 (Etalab)",1,attribution,named_licence
Licence Ouverte / Open Licence (Etalab; version not shown on the page read),1,attribution,named_licence
Licence Ouverte / Open Licence 2.0 (RSS feeds on data.gouv.fr),1,attribution,named_licence
Licence Ouverte / Open Licence version 2.0 (Etalab),1,attribution,named_licence
Licence Ouverte 2.0 (Etalab),1,attribution,named_licence
Licence Ouverte 2.0 (Etalab) for the data sets read,1,attribution,named_licence
Licence Ouverte 2.0 (schema); licences vary by publisher,1,attribution,named_licence
"Licence Ouverte v2.0 with DGFiP conditions of use (no re-identification of persons, no indexing by external search engines)",1,attribution,named_licence
Licence agreement HBEFA 5.x (internal-use and commercial licences),1,proprietary,keyword
Licence and usage agreement; third parties license the heat demand atlas from Geomer GmbH,1,provider_terms,keyword
Licence field blank on the dataset pages read,1,provider_terms,keyword
Licence nationale de données publiques ouvertes (Tunisia),1,provider_terms,keyword
Licence ouverte (https://www.etalab.gouv.fr/wp-content/uploads/2014/05/Licence_Ouverte.pdf),1,attribution,named_licence
Licence required from Argonne National Laboratory; terms supplied through the request process,1,provider_terms,keyword
Licence to use Copernicus Products,1,provider_terms,keyword
Licencia de Datos Abiertos de Uruguay,1,attribution,keyword
Licencia de Datos Abiertos de Uruguay (dag-uy),1,attribution,keyword
Licencia de Datos Abiertos de Uruguay (odc-uy),1,attribution,keyword
Licencia de Datos Abiertos del Uruguay,1,attribution,keyword
Licencia de Datos Abiertos del Uruguay (dag-uy),1,attribution,keyword
Licencia de datos abiertos del Ministerio de Transportes y Movilidad Sostenible,1,attribution,keyword
Limited non-commercial licence with required citation,1,non_commercial,keyword
Links in the waterway network represent actual shipping lanes or serve as representative paths in open water where no defined shipping lanes exist.,1,attribution,open_or_free
LoCaT Project copyright; free to read,1,not_stated,keyword
MCA copyright (terms of use: all material is owned by MCA),1,provider_terms,keyword
MCF website terms (no licence named on the page),1,not_stated,not_stated
"METI terms of use (copyright METI; non-commercial use, no redistribution)",1,non_commercial,keyword
MIC Web-API terms of use (not read),1,not_stated,not_stated
MIMU Terms and Conditions of Use; no commercial or advertising use,1,non_commercial,keyword
MIMU products may be used free of charge with attribution (site footer),1,attribution,open_or_free
MIMU terms (free with attribution; no online platform use without prior written agreement),1,provider_terms,keyword
MIMU terms (not an open licence): use on online platforms needs prior written agreement from MIMU,1,attribution,keyword
MIT (API code),1,permissive_code,named_licence
MIT (Crop2ML); CeCILL-C (PyCrop2ML),1,copyleft_code|permissive_code,named_licence
MIT (ERES capacity code); third-party notices apply to bundled SWITCH components,1,permissive_code,named_licence
MIT (GitHub licence metadata and root LICENSE); original competition input rights were not separately checked.,1,permissive_code,named_licence
MIT (GitHub repository),1,permissive_code,named_licence
MIT (GitHub repository); Other Open (Zenodo archive metadata),1,permissive_code,named_licence
MIT (LICENSE file; the README badge says GPL v3),1,copyleft_code|permissive_code,named_licence
MIT (PyPI package metadata),1,permissive_code,named_licence
MIT (README badge); the Zenodo deposit of v3.0.0 lists CC-BY-4.0,1,attribution|permissive_code,named_licence
MIT (Runtime v4); GPL-3.0 (Runtime v3),1,copyleft_code|permissive_code,named_licence
MIT (VC Map Core); commercial product licences for the full suite,1,permissive_code,named_licence
MIT (Zenodo V1.0); CC0-1.0 (current GitHub),1,public_domain|permissive_code,named_licence
MIT (Zenodo archived release); GPL-3.0 (current GitHub model repository),1,copyleft_code|permissive_code,named_licence
MIT (as stated on Kaggle),1,permissive_code,named_licence
MIT (benchmark file); upstream Edge-IIoTset free for academic use,1,permissive_code,named_licence
MIT (code and derived data),1,permissive_code,named_licence
"MIT (code and software documentation); CC-BY-4.0 (rainfall realisations, diagnostics and configuration)",1,attribution|permissive_code,named_licence
MIT (code and traces); paper CC BY 4.0,1,attribution|permissive_code,named_licence
MIT (code); CC BY 4.0 (data and figures),1,attribution|permissive_code,named_licence
MIT (code); CC-BY (assets),1,attribution|permissive_code,named_licence
MIT (code); CC-BY-4.0 (data and figures); third-party inputs retain their own terms,1,attribution|permissive_code,named_licence
MIT (code); CC-BY-4.0 (data and outputs),1,attribution|permissive_code,named_licence
MIT (code); CC-BY-4.0 (global dataset),1,attribution|permissive_code,named_licence
MIT (code); CC-BY-4.0 (other files),1,attribution|permissive_code,named_licence
MIT (code); CC-BY-4.0 (powerplants.csv),1,attribution|permissive_code,named_licence
MIT (code); Dryad data are CC0,1,public_domain|permissive_code,named_licence
MIT (code); README and documentation CC-BY-4.0,1,attribution|permissive_code,named_licence
MIT (code); input data keep their own licences,1,permissive_code,named_licence
"MIT (code, as stated in GitHub README); Zenodo bundle CC-BY-4.0",1,attribution|permissive_code,named_licence
"MIT (code, per README); Zenodo metadata CC-BY-4.0",1,attribution|permissive_code,named_licence
MIT (deployment repository); components have their own terms,1,permissive_code,named_licence
MIT (linked GitHub repository; Zenodo metadata says other-open),1,permissive_code,named_licence
MIT (linked repository metadata; Zenodo says other-open),1,permissive_code,named_licence
MIT (linked repository; Zenodo uses Other Open),1,permissive_code,named_licence
"MIT (node, dashboard, desktop app and SDK); some libraries Apache-2.0 or PolyForm Noncommercial 1.0.0",1,permissive_code,named_licence
MIT (ontology files on GitHub),1,permissive_code,named_licence
MIT (package.json),1,permissive_code,named_licence
MIT (repository); Gurobi has separate terms,1,permissive_code,named_licence
MIT (repository); US Government work,1,permissive_code|public_domain,named_licence
MIT (repository); article CC-BY-4.0,1,attribution|permissive_code,named_licence
MIT (repository); contact CDC on attribution of team forecasts,1,permissive_code,named_licence
MIT (repository); source city licences apply,1,permissive_code,named_licence
MIT (repository); upstream data terms separate,1,permissive_code,named_licence
MIT (scripts); original datasets under their publishers' terms,1,permissive_code,named_licence
MIT (server code; input data retain separate terms),1,permissive_code,named_licence
MIT (source code since 2021); compiled executable under Deltares terms and conditions,1,permissive_code,named_licence
MIT (source code); CC-BY-4.0 (input data),1,attribution|permissive_code,named_licence
MIT (stack repository; component and upstream data terms should be checked),1,permissive_code,named_licence
MIT (stated in README; linked LICENSE file absent),1,permissive_code,named_licence
MIT (website code); datasets under the WRI data platforms terms of use,1,permissive_code,named_licence
MIT (with bundled BSD-licensed third-party code),1,permissive_code,named_licence
MIT License,1,permissive_code,named_licence
MIT License (https://opensource.org/license/mit),1,permissive_code,named_licence
"MIT License. Copyright (c) 2026 Omowumi Erukubami and Austin Farnum. Permission is hereby granted, free of charge, to an",1,permissive_code,named_licence
MIT OR Apache-2.0 (RAPS),1,permissive_code,named_licence
MIT according to the README badge; no LICENSE file found in the repository root,1,permissive_code,named_licence
MIT amended with required research reference to ETH Architecture and Building Systems,1,permissive_code,named_licence
MIT applies to software and documentation only; source-derived observations retain original publisher terms,1,permissive_code,named_licence
MIT as stated by repository metadata and README; original operator timetable rights not separately documented.,1,permissive_code,named_licence
MIT author code; DOE prototype and Climate.OneBuilding weather retain upstream terms,1,permissive_code,named_licence
MIT code and configuration; original WSN1 benchmark attribution is separately requested.,1,permissive_code,named_licence
MIT code; CC-BY-4.0 author data; third-party ODbL and Riyadh terms retained,1,attribution|share_alike|permissive_code,named_licence
MIT code; CC-BY-4.0 author-generated processed data; upstream EPW terms apply,1,attribution|permissive_code,named_licence
MIT code; CC-BY-4.0 data and prose (Zenodo description),1,attribution|permissive_code,named_licence
MIT code; CC-BY-4.0 data in linked repository; original third-party terms also apply,1,attribution|permissive_code,named_licence
MIT code; CC-BY-4.0 derived tables; upstream KEYMARK and WPZ rights separate,1,attribution|permissive_code,named_licence
MIT code; CC-BY-ND-4.0 logos,1,no_derivatives|permissive_code,named_licence
MIT code; CC0-1.0 companion Dryad data,1,public_domain|permissive_code,named_licence
MIT code; NHS public-sector source data under OGL-3.0 and stated component rights.,1,attribution|permissive_code,named_licence
MIT code; Renfe CC BY 4.0 and AEMET source terms separate.,1,attribution|permissive_code,named_licence
"MIT code; USGS, Nepal government, OSM, OCHA and other input layers retain their own rights.",1,permissive_code,named_licence
MIT declared for the repository; underlying Invert/EE-Lab model-output rights are not separately established.,1,permissive_code,named_licence
MIT for AWH Python code; CC-BY-4.0 for EnergyPlus models and outputs (Zenodo description),1,attribution|permissive_code,named_licence
MIT for code and software archive; processed NHS England data retain original-source terms.,1,permissive_code,named_licence
MIT for code in Zenodo and repository; repository labels included data CC-BY-4.0,1,attribution|permissive_code,named_licence
MIT for code; CC-BY-4.0 documentation; CC-BY-SA-4.0 OpenCellID input; ODbL OpenStreetMap boundaries,1,share_alike|attribution|permissive_code,named_licence
"MIT for code; CC-BY-4.0 for configuration, inputs and results (Zenodo description)",1,attribution|permissive_code,named_licence
MIT for code; CC-BY-4.0 for data,1,attribution|permissive_code,named_licence
MIT for code; CC-BY-4.0 for data and documentation,1,attribution|permissive_code,named_licence
MIT for code; CC-BY-4.0 for processed data; source-specific input terms,1,attribution|permissive_code,named_licence
MIT for code; CC-BY-4.0 for stated EPA example data,1,attribution|permissive_code,named_licence
MIT for code; EAGLE-I raw outage redistribution may be restricted.,1,permissive_code,named_licence
MIT for code; Project PLATEAU and derived city bundles are CC BY 4.0 with attribution.,1,attribution|permissive_code,named_licence
MIT for directory repository; linked datasets retain their own terms.,1,permissive_code,named_licence
MIT for extractor code; Google and Microsoft building data terms separate.,1,permissive_code,named_licence
MIT for generator code; EnergyPlus and weather inputs retain separate terms.,1,permissive_code,named_licence
MIT for original code; third-party data retain provider terms documented in DATA_SOURCES.md,1,permissive_code,named_licence
MIT for pipeline code; Busitalia Veneto feeds are described as IODL 2.0 by the README.,1,permissive_code,named_licence
MIT for project code; BfEE PfA and sEEnergies input-data rights remain separate.,1,permissive_code,named_licence
MIT for project code; Gurobi has separate licensing,1,permissive_code,named_licence
MIT for project files; bundled components retain separate licences including BSD terms,1,permissive_code,named_licence
MIT for project software; Copernicus and other source imagery retain their own terms.,1,permissive_code,named_licence
MIT for project-authored software; external measured datasets retain their own rights.,1,permissive_code,named_licence
MIT for repository code and extracted database; original public construction documents retain their own terms.,1,permissive_code,named_licence
MIT for repository code and published results; external dependencies and input data have separate terms.,1,permissive_code,named_licence
"MIT for repository code; ADEME, RNB, BDNB, AQC and other source data retain their own terms.",1,permissive_code,named_licence
"MIT for repository code; OSM, Copernicus, ICNF and other input layers keep their source terms.",1,permissive_code,named_licence
MIT for repository code; OSM/Geofabrik road-data rights remain separate.,1,permissive_code,named_licence
"MIT for repository code; scraped commercial facility data, geocoded coordinates and third-party infrastructure layers retain separate unverified rights.",1,permissive_code,named_licence
MIT for repository code; the upstream CMS data terms are separate.,1,permissive_code,named_licence
MIT for repository dataset; original TeSiP/SIRF guideline rights not independently checked.,1,permissive_code,named_licence
MIT for repository notebook; underlying IEEE and rail assumptions are documented separately in the README.,1,permissive_code,named_licence
MIT for repository scripts and documentation; ArcGIS Pro runtime requires separate access.,1,permissive_code,named_licence
MIT for software; CC-BY-4.0 for experiment data (Zenodo description),1,attribution|permissive_code,named_licence
MIT for software; source road-map data rights are not documented in the README.,1,permissive_code,named_licence
MIT for the City of Chicago repository release.,1,permissive_code,named_licence
MIT for the ODT catalogue; feeds keep their operators' terms,1,permissive_code,named_licence
"MIT for the curated list repository; every linked data, model, tool and paper has its own terms.",1,permissive_code,named_licence
"MIT for the processing scripts, CC-BY for the website text; data packages keep the licences of their original sources",1,attribution|permissive_code,named_licence
MIT for the repository; Hong Kong geospatial inputs have separate terms.,1,permissive_code,named_licence
MIT for tool; input datasets have separate licences,1,permissive_code,named_licence
MIT in Figshare archive metadata; EPL-2.0 in current GitHub repository,1,copyleft_code|permissive_code,named_licence
MIT in GitHub repository metadata; embedded City Energy Analyst software and third-party weather/database contents retain separately unverified terms.,1,permissive_code,named_licence
MIT in deposited LICENSE and README; CC-BY-4.0 in Zenodo metadata,1,attribution|permissive_code,named_licence
MIT in included LICENSE; Zenodo metadata state CC-BY-4.0,1,attribution|permissive_code,named_licence
MIT in linked GitHub repository; Zenodo metadata says Other Open,1,permissive_code,named_licence
MIT in linked repository LICENSE; Zenodo labels release Other Open,1,permissive_code,named_licence
MIT in linked repository; Other Open in Zenodo metadata,1,permissive_code,named_licence
MIT in linked source repository; Zenodo release says Other Open,1,permissive_code,named_licence
MIT only in General/LICENSE for sample code; rights to country scripts and source registries are not expressly established.,1,permissive_code,named_licence
MIT project repository; separate image rights not explicitly stated.,1,permissive_code,named_licence
MIT repository licence; rights of any original benchmark inputs were not separately documented.,1,permissive_code,named_licence
MIT repository; OpenStreetMap-derived data subject to ODbL,1,share_alike|permissive_code,named_licence
MIT source; CC-BY-4.0 wind-correction data,1,attribution|permissive_code,named_licence
MIT stated in README; GitHub licence metadata is empty and no LICENSE file appears in the tree.,1,permissive_code,named_licence
MIT stated in README; upstream data terms separate,1,permissive_code,named_licence
MIT with EPA disclaimer,1,permissive_code,named_licence
MIT with an added attribution clause (LicenseRef-AequilibraE),1,permissive_code,named_licence
MIT-0,1,permissive_code,named_licence
MIT; MPL-2.0,1,copyleft_code|permissive_code,named_licence
"MIT; README also mentions Revised BSD, unresolved wording conflict",1,permissive_code,named_licence
MIT; changelog records relicensing in 2015,1,permissive_code,named_licence
"MITRE ATT&CK terms of use (royalty-free for research, development and commercial use with copyright notice)",1,non_commercial,keyword
MITRE software licence for US domestic use,1,provider_terms,keyword
MLIT site policy,1,provider_terms,keyword
MLIT website terms of use (not read on this page),1,not_stated,not_stated
MOENV website open data declaration (linked from the page; its text sat behind a bot check and was not read),1,not_stated,not_stated
MPL-2.0 (GPL-3.0 for versions before 9.0),1,copyleft_code,named_licence
MPL-2.0 (pyincore),1,copyleft_code,named_licence
MPL-2.0 (pyincore); no LICENSE file in the incore-docs repository holding the testbed notebooks,1,copyleft_code,named_licence
MPL-2.0 code; CC-BY-4.0 documentation,1,attribution|copyleft_code,named_licence
"MRC data use licence by account type: none for the public, a licence for research users, a commercial data use licence for commercial users",1,proprietary,keyword
MVR terms of use (no open licence named),1,not_stated,not_stated
Maa- ja Ruumiamet open data licence (attribution),1,attribution,keyword
Maa- ja Ruumiamet open data terms (attribution),1,provider_terms,keyword
MathWorks commercial licence,1,proprietary,keyword
Meridian Project data policy (page not read),1,not_stated,not_stated
Met Office terms of use (data not quality checked),1,provider_terms,keyword
MeteoSwiss Open Data terms (free use with source citation 'Source: MeteoSwiss'),1,attribution,keyword
Miami-Dade County open data terms (custom),1,provider_terms,keyword
Microsoft copyright; free to read,1,not_stated,keyword
Ministerio de Sanidad terms (reuse of public sector information),1,provider_terms,keyword
Ministry of the Environment website terms (no licence named on the pages read); also published on e-Stat,1,not_stated,not_stated
Mixed (source TSO terms; CC-BY-4.0 for Fingrid data; MIT for scripts),1,attribution|permissive_code,named_licence
"Mixed open licences per source dataset (CC BY, CC BY-SA, CC0, ODbL)",1,share_alike|public_domain|attribution,named_licence
"Mixed per dataset (CC BY, CC BY-IGO or HDX Other)",1,attribution,named_licence
"Mixed per dataset (CC BY, CC0 or HDX Other)",1,public_domain|attribution,named_licence
Mixed: GEM default CC-BY-4.0; Plumes tab CC-BY-NC-SA-4.0 and Carbon Mapper terms,1,non_commercial|attribution,named_licence
Mixed: source datasets keep their own licences (for example a modified CC BY-SA 4.0 for Carbon Mapper plumes),1,share_alike,named_licence
Model code not published; scenario data downloadable (licence not stated on the pages read),1,not_stated,not_stated
Model not published; reports and tables free to download (licence not stated),1,not_stated,not_stated
Modelica License 1.1,1,provider_terms,keyword
Modellicentie voor gratis hergebruik (Flemish free reuse licence) or CC BY-SA 4.0 for texts,1,share_alike,named_licence
"Modified BSD licence, as stated in the repository",1,permissive_code,named_licence
Modified BSD with advertising acknowledgement and attribution clauses in v1.0 LICENSE.txt; CC-BY-4.0 companion input/output archive,1,attribution|permissive_code,named_licence
Modified BSD-3-Clause (repository licence),1,permissive_code,named_licence
Modified BSD-style licence with enhancements grant and U.S. DOE government clauses,1,permissive_code,named_licence
NAO copyright (reproduction for non-commercial use under the NAO copyright statement; commercial use needs permission),1,non_commercial,keyword
NASA EOSDIS open data use and citation guidance; no SPDX licence stated,1,provider_terms,keyword
NASA full and open data policy (acknowledgement requested),1,provider_terms,keyword
NASA open science data policy (open data),1,provider_terms,keyword
NASA public content,1,public_domain,manual
NASA public data (no restriction stated; acknowledgement of SPDF and data providers requested),1,provider_terms,keyword
NASA public data (open; acknowledgement requested),1,provider_terms,keyword
"NATO STO publication (distribution statement on back cover, not read)",1,not_stated,not_stated
NCSA,1,permissive_code,keyword
NEA Open Data Licence (linked from the page),1,attribution,keyword
NEA copyright (contents owned by or licensed to NEA),1,provider_terms,keyword
NEEP terms of use (not an open licence),1,attribution,keyword
NEMSIS terms of use for the public-release research dataset,1,provider_terms,keyword
"NERC publication, free to read",1,not_stated,keyword
NFZ terms (no licence named on the page),1,not_stated,not_stated
NGFS Scenario Explorer licence (research and commercial use; substantial redistribution restricted),1,proprietary,keyword
"NGMN copyright, all rights reserved; public document provided as is",1,not_stated,keyword
NHS England terms (the ODS service pages on digital.nhs.uk were blocked from this environment and not read),1,not_stated,not_stated
"NIC.br; free to view, no licence stated",1,not_stated,not_stated
NICT website terms,1,provider_terms,keyword
"NIST data licence (https://www.nist.gov/open/license, cited in the repository record)",1,provider_terms,keyword
NIST open licence,1,attribution,keyword
NIST open licence (public domain in the US),1,public_domain,named_licence
NIST public-service software notice; third-party components retain their licences,1,provider_terms,keyword
NIST publication (US Government work); other documents all rights reserved,1,public_domain,named_licence
"NIST publication, U.S. federal government work (public domain inferred); Cal OES report has no licence stated",1,public_domain,named_licence
"NIST software disclaimer (public-domain-style use, copy and modification with notice kept)",1,public_domain,keyword
NIST software licence (see repository),1,provider_terms,keyword
"NIST software, public domain in the US (as-is)",1,public_domain,named_licence
"NJDEP Data Distribution Agreement (as-is, no warranty, user responsible for accuracy limits)",1,provider_terms,keyword
NLOD,1,attribution,named_licence
NLOD (Norwegian Licence for Open Government Data),1,attribution,named_licence
"NLOD (Norwegian Licence for Open Government Data), compatible with CC BY 3.0 Norway",1,attribution,named_licence
"NLOD (Norwegian Licence for Open Government Data), with Riksantikvaren conditions on resale and redistribution",1,attribution,named_licence
NLOD (open component),1,attribution,named_licence
NOAA open data (no restrictions),1,attribution,open_or_free
NORA open access deposit,1,other,fallback_other
NParks terms of use (not stated on the home page),1,not_stated,not_stated
"NRFA click-through licence: non-exclusive, royalty-free, commercial and non-commercial use with acknowledgement ('Data from the UK National River Flow Archive'); no redistribution for download without agreement",1,proprietary,keyword
NS API terms (per product),1,varies,keyword
"NSI licence for use of statistical information (free reuse, including commercial)",1,attribution,keyword
NSTA Open User Licence,1,attribution,keyword
NSW Government terms (per dataset in the Spatial Collaboration Portal),1,varies,keyword
"NTPF website re-use terms: free use in any format with source and copyright acknowledgement, accurate reproduction, no misleading use, and no use primarily for product advertising.",1,attribution,keyword
NTRS marks the report as public use permitted (US government work),1,public_domain,named_licence
NVD terms of use (US government data; not checked in detail),1,public_domain,named_licence
NVIDIA Software License Agreement (proprietary),1,proprietary,keyword
NYC Open Data terms of use (no licence field set),1,provider_terms,keyword
NYC Open Data terms of use (no licence named in the metadata),1,not_stated,not_stated
NYC Open Data terms of use (no licence named on the dataset),1,not_stated,not_stated
NYC Open Data terms of use (no licence named),1,not_stated,not_stated
NYCBS Data Use Policy,1,provider_terms,keyword
NYS DEC terms: credit DEC in derived products; secondary distribution not allowed; documentation is integral to the data,1,provider_terms,keyword
National Academies Press copyright; PDF free to download,1,provider_terms,keyword
National Laboratory of the Rockies data licence,1,provider_terms,keyword
National Land Numerical Information terms; this layer is marked non-commercial (非商用),1,non_commercial,keyword
National Rail data feed terms,1,provider_terms,keyword
Nationwide dataset under AdV fee directive and terms; most state datasets are open data / high value data,1,proprietary,keyword
Natural Hazards Portal Terms of Use; third-party data keep their own licences (some non-commercial only),1,varies,keyword
NetMob 2026 Data Challenge terms and conditions with a non-disclosure agreement,1,proprietary,keyword
Network Rail terms and conditions; BPLAN under OGL,1,attribution,named_licence
"News and company pages, all rights reserved; EASA bulletin free",1,proprietary,keyword
No blanket data licence; original per-row source terms apply. Map code MIT.,1,permissive_code,named_licence
No copyright asserted in PxWeb table metadata,1,public_domain,keyword
No licence (Alberta open government portal),1,not_stated,not_stated
No licence file found,1,not_stated,not_stated
No licence file found in the repository root (check terms before reuse),1,not_stated,not_stated
No licence file in the repository (LICENSE not found),1,not_stated,not_stated
No licence file in the repository (paper CC BY 4.0),1,not_stated,not_stated
No licence file in the repository (terms unclear),1,not_stated,not_stated
No licence stated (California state publication),1,not_stated,not_stated
No licence stated (Oregon state public record),1,not_stated,not_stated
No licence stated (copyright Combustion Science & Engineering),1,not_stated,not_stated
No licence stated (public assessment web page),1,not_stated,not_stated
No licence stated; NIFC disclaimer of liability (US federal interagency data),1,not_stated,not_stated
No licence stated; users are asked to cite the named papers,1,not_stated,not_stated
No licence stated; users are asked to email the dataset author on download,1,not_stated,not_stated
No open licence stated in the document (City of New York publication),1,not_stated,not_stated
No restriction on use (as stated for the API on the public data portal),1,public_domain,keyword
No restrictions on distribution (report documentation page),1,public_domain,keyword
No se especificó la licencia,1,other,fallback_other
No use limitations and no access conditions (Nationaal Georegister metadata); IHW data policy applies,1,provider_terms,keyword
Non-Commercial Government Licence for public sector information,1,non_commercial,keyword
Non-Commercial Government Licence v2.0,1,non_commercial,keyword
"Non-Free Software, as stated by the JRC model inventory",1,proprietary,keyword
Non-commercial research dataset; repository code has Apache-2.0 licence,1,permissive_code,named_licence
Non-commercial use (非商用) under the National Land Numerical Information terms,1,non_commercial,keyword
Non-commercial volunteer project; free login,1,non_commercial,keyword
Noncommercial research only for dataset; MIT parent repository does not override folder terms,1,permissive_code,named_licence
"Noncommercial research only, as stated by provider",1,non_commercial,keyword
None. This dataset is approved for public distribution. Personally identifiable applicant contact information from the source Adopt-A-Highway database is removed during processing.,1,other,fallback_other
Norfolk Southern copyright (no open licence stated),1,not_stated,not_stated
Norge digitalt licence (limited access),1,provider_terms,keyword
Norge digitalt licence; restricted to entitled parties,1,proprietary,keyword
Northern Powergrid Open Data Licence v1.0,1,attribution,keyword
"Norwegian Licence for Open Government Data (NLOD), with third-party exceptions",1,attribution,named_licence
Norwegian Licence for Open Government Data 1.0 (stated on the data.norge.no description),1,attribution,named_licence
"Norwegian Licence for Open Government Data 1.0, as linked on the portal listing (http://inspire.ec.europa.eu/metadata-codelist/ConditionsApplyingToAccessAndUse/noConditionsApply), Creative Commons Attribution 3.0 Unported",1,attribution,named_licence
Norwegian public sector information; free to read,1,not_stated,keyword
Not clearly stated,1,not_stated,not_stated
Not open data (purchase terms); available to road authorities on request,1,proprietary,keyword
Not read (GPSS pages returned 403),1,not_stated,not_stated
Not read (download pages unreachable here),1,not_stated,not_stated
Not readable (download page needs JavaScript),1,not_stated,not_stated
Not restricted; cite CMAP as the source,1,proprietary,keyword
Not stated (Antennekaart.nl has its own terms of use),1,not_stated,not_stated
"Not stated (CEC public report, free to download)",1,not_stated,not_stated
Not stated (Cal OES provides the data as is and disclaims warranties),1,not_stated,not_stated
Not stated (City of New York publication),1,not_stated,not_stated
Not stated (City of New York website terms),1,not_stated,not_stated
Not stated (ESRI copyright),1,not_stated,not_stated
Not stated (FEPC invites use of the data book),1,not_stated,not_stated
"Not stated (KFF copyright, free to read)",1,not_stated,not_stated
Not stated (Kaggle lists the licence as unknown),1,not_stated,not_stated
Not stated (NBER working paper),1,not_stated,not_stated
Not stated (NCDEQ liability disclaimer),1,not_stated,not_stated
Not stated (NIFC disclaimer on use and accuracy),1,not_stated,not_stated
"Not stated (NRC Publications Archive, Government of Canada terms)",1,not_stated,not_stated
Not stated (National Academies Press publication),1,not_stated,not_stated
Not stated (SSRN preprint free to read),1,not_stated,not_stated
Not stated (TRB online publication),1,not_stated,not_stated
Not stated (Texas House of Representatives publication),1,not_stated,not_stated
Not stated (US DOT University Transportation Centers publication),1,not_stated,not_stated
Not stated (US federal website),1,not_stated,not_stated
Not stated (US federal work),1,not_stated,not_stated
Not stated (Washington State government report),1,not_stated,not_stated
Not stated (academic use; all rights reserved notice on the site),1,not_stated,not_stated
"Not stated (arXiv, free to read)",1,not_stated,not_stated
Not stated (article in PubMed Central),1,not_stated,not_stated
Not stated (copyright Space Environment Prediction Center),1,not_stated,not_stated
Not stated (data on request),1,not_stated,not_stated
Not stated (fees and access constraints left blank in the service metadata),1,not_stated,not_stated
Not stated (free public archive),1,not_stated,not_stated
Not stated (free to read on the journal website),1,not_stated,not_stated
Not stated (free watermarked download; premium version offered),1,not_stated,not_stated
"Not stated (government laboratory model, not released)",1,not_stated,not_stated
Not stated (government news release),1,not_stated,not_stated
Not stated (government publication),1,not_stated,not_stated
Not stated (government technical note),1,not_stated,not_stated
Not stated (links to agency documents),1,not_stated,not_stated
Not stated (list); each feed has its own licence,1,not_stated,not_stated
Not stated (model run by TU Wien EEG),1,not_stated,not_stated
Not stated (no licence file found),1,not_stated,not_stated
Not stated (no licence file in the repository),1,not_stated,not_stated
Not stated (no licence file),1,not_stated,not_stated
Not stated (no licence file); MTC disclaimer applies,1,not_stated,not_stated
Not stated (open access journal),1,not_stated,not_stated
Not stated (paper CC-BY-4.0),1,not_stated,not_stated
Not stated (posted on a US government archive),1,not_stated,not_stated
Not stated (public EU FP7 deliverable),1,not_stated,not_stated
Not stated (public operator information),1,not_stated,not_stated
Not stated (public registry statistics),1,not_stated,not_stated
Not stated (public reports),1,not_stated,not_stated
Not stated (site copyright Pakistan Railways),1,not_stated,not_stated
Not stated (site notice: all rights reserved),1,not_stated,not_stated
Not stated (state agency report),1,not_stated,not_stated
Not stated (vendor web page),1,not_stated,not_stated
Not stated as an SPDX licence on the pages read (Python client copyright R.S. Weigel),1,not_stated,not_stated
Not stated as an open licence (site footer: all rights reserved),1,not_stated,not_stated
Not stated for the data (arXiv non-exclusive licence for the paper),1,not_stated,not_stated
Not stated for the data (paper on arXiv under CC-BY-4.0),1,not_stated,not_stated
Not stated in DataCite metadata (DesignSafe published data),1,not_stated,not_stated
Not stated in the DataCite record,1,not_stated,not_stated
Not stated in the README text (a licence badge links to a file that could not be read),1,not_stated,not_stated
Not stated in the abstract (stated as openly released),1,not_stated,not_stated
Not stated in the catalogue metadata read,1,not_stated,not_stated
Not stated in the dataset metadata (Open Data NY terms of use apply),1,not_stated,not_stated
Not stated in the layer metadata; copyright City of Charles Sturt,1,not_stated,not_stated
Not stated in the metadata read (USGS data release),1,not_stated,not_stated
Not stated in the pages read (California state agency publication),1,not_stated,not_stated
Not stated in the paper,1,not_stated,not_stated
Not stated in the part of the page read,1,not_stated,not_stated
Not stated in the portal metadata read,1,not_stated,not_stated
Not stated in the report; funded by US DOT and Caltrans grants,1,not_stated,not_stated
Not stated in the reports read,1,not_stated,not_stated
Not stated in the repository; the article is behind the SAGE text and data mining policy,1,not_stated,not_stated
Not stated in the workbook's read-me,1,not_stated,not_stated
Not stated on public pages (terms behind the portal login),1,not_stated,not_stated
Not stated on the PQR page,1,not_stated,not_stated
Not stated on the application page,1,not_stated,not_stated
Not stated on the data page,1,not_stated,not_stated
Not stated on the data page; cite the source papers,1,not_stated,not_stated
Not stated on the dataset card (paper CC BY 4.0),1,not_stated,not_stated
Not stated on the homepage,1,not_stated,not_stated
Not stated on the overview page,1,not_stated,not_stated
Not stated on the overview page read; data described as free for everyone,1,not_stated,not_stated
Not stated on the page (NASA code; no public download offered),1,not_stated,not_stated
Not stated on the page (U.S. government website),1,not_stated,not_stated
Not stated on the page read (BIS website terms),1,not_stated,not_stated
Not stated on the page read (Bank of England website terms),1,not_stated,not_stated
Not stated on the page read (DOE PAGES public access record),1,not_stated,not_stated
Not stated on the page read (EEB disclaimer on data accuracy),1,not_stated,not_stated
Not stated on the page read (GeoJSON and API offered free),1,not_stated,not_stated
Not stated on the page read (NYC government publication),1,not_stated,not_stated
Not stated on the page read (RBA copyright and disclaimer apply),1,not_stated,not_stated
Not stated on the page read (US Government programme),1,not_stated,not_stated
Not stated on the page read (USGS-authored journal article),1,not_stated,not_stated
Not stated on the page read (World Bank terms of use apply),1,not_stated,not_stated
Not stated on the page read (data from the definitive source keep their own terms),1,not_stated,not_stated
Not stated on the page read (described as open access),1,not_stated,not_stated
Not stated on the page read (news article excerpt),1,not_stated,not_stated
Not stated on the page read (site copyright CDRI),1,not_stated,not_stated
Not stated on the page read (software developed openly),1,not_stated,not_stated
Not stated on the page read; Landscape Architecture Foundation content,1,not_stated,not_stated
Not stated on the page read; citation requested as EPPO (year) EPPO Global Database,1,not_stated,not_stated
Not stated on the page read; files are unofficial research compilations,1,not_stated,not_stated
Not stated on the page; data supplied by manufacturers,1,not_stated,not_stated
Not stated on the pages read (ACEEE site terms),1,not_stated,not_stated
Not stated on the pages read (EU agency publication),1,not_stated,not_stated
Not stated on the pages read (EUROCONTROL guidelines for the general public),1,not_stated,not_stated
"Not stated on the pages read (U.S. federal data, publicly downloadable)",1,not_stated,not_stated
Not stated on the pages read (company website),1,not_stated,not_stated
Not stated on the pages read (no public code release found),1,not_stated,not_stated
Not stated on the pages read (open access article under CC-BY-4.0),1,not_stated,not_stated
Not stated on the pages read (open access journal),1,not_stated,not_stated
Not stated on the pages read (state research report),1,not_stated,not_stated
Not stated on the pages read; cite Paulik et al. (2023),1,not_stated,not_stated
Not stated on the pages read; some contributors restrict distribution,1,not_stated,not_stated
Not stated on the portal record,1,not_stated,not_stated
Not stated on the project page,1,not_stated,not_stated
Not stated on the provider page (U.S. federal open data),1,not_stated,not_stated
Not stated on the repository README or Hugging Face pages read,1,not_stated,not_stated
Not stated site-wide; cite the providing institution (per the geoportal notice); datos.gob.cl mirrors CC-BY,1,not_stated,not_stated
Not stated; access to the tool and base forecast is requested from Trafikverket,1,not_stated,not_stated
"Not stated; built from public records, with a no-warranty disclaimer",1,not_stated,not_stated
"Not stated; marked for official use only, published without personal information",1,not_stated,not_stated
Not stated; no code release was found,1,not_stated,not_stated
Not stated; paper after free registration,1,not_stated,not_stated
Not stated; rights held by ORGI (catalogue entries); free download,1,not_stated,not_stated
Not stated; the report opens with a Deloitte hold harmless agreement for third-party readers,1,not_stated,not_stated
Not stated; the repository has no LICENSE file,1,not_stated,not_stated
O-UDA-1.0 (Open Use of Data Agreement),1,attribution,keyword
"OASIS IPR Policy, RF on RAND terms; copyright OASIS Open and HL7 2019",1,provider_terms,keyword
OASIS IPR Policy; copyright OASIS,1,provider_terms,keyword
ODBL 1.0,1,share_alike,named_licence
ODC-BY (as tagged in the list),1,attribution,named_licence
ODC-BY 1.0 (as recorded in the DesignSafe DataCite metadata),1,attribution,named_licence
ODC-By-1.0 (DesignSafe); CC-BY-4.0 (Zenodo),1,attribution,named_licence
ODC-By-1.0 (updated first round); CC-BY-NC-SA-4.0 (2025 deposit),1,non_commercial|attribution,named_licence
ODbL (as given on the registry page),1,share_alike,named_licence
ODbL (reproduced from ODbL-licensed sources),1,share_alike,named_licence
ODbL 1.0 (OpenStreetMap data),1,share_alike,named_licence
ODbL 1.0 for the redistributed collection as stated by repository attribution; underlying source-layer terms require separate check.,1,share_alike,named_licence
ODbL database; component contents retain source-specific licences,1,share_alike,named_licence
ODbL for most datasets,1,share_alike,named_licence
"ODbL-1.0 (GBA.ODbLPolygon); CC-BY-NC-4.0 (GBA.Polygon, GBA.LoD1, GBA.Height)",1,non_commercial|share_alike,named_licence
ODbL-1.0 (OpenStreetMap contributors),1,share_alike,named_licence
ODbL-1.0 (OpenStreetMap data),1,share_alike,named_licence
ODbL-1.0 (OpenStreetMap data); CC-BY-4.0 (map design and analysis); BSD-3-Clause (code),1,attribution|share_alike|permissive_code,named_licence
ODbL-1.0 (OpenStreetMap extracts); CC-BY-4.0 (ENTSO-E extract); MIT (code),1,attribution|share_alike|permissive_code,named_licence
"ODbL-1.0 (Prague sources CC-BY-SA, Abruzzo CC-BY-NC)",1,non_commercial|share_alike,named_licence
ODbL-1.0 (as given in the list),1,share_alike,named_licence
"ODbL-1.0 (attributes, edit history, verification); DataCite lists CC-BY-SA-2.0",1,share_alike,named_licence
ODbL-1.0 (data after 12 September 2012; earlier planet files CC BY-SA 2.0),1,share_alike,named_licence
"ODbL-1.0 (data), MIT (code)",1,share_alike|permissive_code,named_licence
ODbL-1.0 (database content); CC-BY-4.0 (documentation); MIT (scripts),1,attribution|share_alike|permissive_code,named_licence
"ODbL-1.0 (database), DbCL-1.0 (contents)",1,share_alike,named_licence
ODbL-1.0 (database); DbCL-1.0 (contents),1,share_alike,named_licence
ODbL-1.0 (database); contents keep the licences of their sources,1,share_alike,named_licence
ODbL-1.0 (database); package code under a BSD-style licence,1,share_alike|permissive_code,named_licence
ODbL-1.0 (dataset distribution); Commission rights under CC BY 4.0 per the copyright notice,1,attribution|share_alike,named_licence
ODbL-1.0 database; DBCL-1.0 individual contents,1,share_alike,named_licence
ODbL-1.0 for most infrastructure sets; varies by dataset,1,share_alike,named_licence
ODbL-1.0 for most sets; CC-BY-4.0 for the mapathon sets; other terms per dataset,1,attribution|share_alike,named_licence
ODbL-1.0 for route data; API under the CycleStreets usage policy,1,share_alike,named_licence
"ODbL-1.0, as explicitly stated in the government catalogue metadata.",1,share_alike,named_licence
ODbL-1.0; DbCL-1.0 for upstream contents,1,share_alike,named_licence
"OECD copyright notice: content may be copied, downloaded or printed for own use and excerpts included in documents, presentations, blogs, websites and teaching materials with acknowledgement of the OECD as source; public or commercial use and translation need permission",1,proprietary,keyword
OECD terms and conditions (CC BY 4.0 for OECD data),1,attribution,named_licence
OECD terms and conditions (CC BY 4.0 for most data),1,attribution,named_licence
OECD terms and conditions (not read),1,not_stated,not_stated
OGC document licence (free to download and implement),1,provider_terms,keyword
"OGC standards, free to download",1,attribution,open_or_free
"OGL (Isle of Man Government Open Government Licence, site-wide)",1,attribution,named_licence
OGL-3.0 (Crown copyright),1,attribution,named_licence
OGL-Ontario-1.0,1,attribution,named_licence
OGL-UK-3.0 (BODS site: all content under OGL v3.0 except where otherwise stated),1,attribution,named_licence
OGL-UK-3.0 (GIAS site: all content under OGL v3.0 except where otherwise stated),1,attribution,named_licence
OGL-UK-3.0 (ONS: all content under the Open Government Licence v3.0 unless otherwise stated),1,attribution,named_licence
OGL-UK-3.0 (attribution statement requested),1,attribution,named_licence
OGL-UK-3.0 (© Environment Agency copyright and/or database right 2025),1,attribution,named_licence
OGL-UK-3.0 for Crown copyright material (Ofgem copyright page),1,attribution,named_licence
OGL-UK-3.0 for most datasets (varies by dataset),1,attribution,named_licence
OGL-UK-3.0 for non-address fields; address fields under Ordnance Survey and Royal Mail terms for permitted purposes,1,attribution,named_licence
"OPC Foundation licences and terms portal; some resources are offered free with no obligations, others under member licences (terms not detailed on the page read)",1,provider_terms,keyword
OPEN ACCESS (as tagged in the list),1,not_stated,keyword
OPEN DATA COMMONS OPEN DATABASE LICENSE (ODBL),1,share_alike,named_licence
OPENACCESS,1,other,fallback_other
"OPW terms and conditions (worldwide, royalty-free, non-exclusive licence)",1,provider_terms,keyword
ORFEUS EIDA Data Policy: free use; unaltered commercial reuse prohibited,1,attribution,keyword
OS OpenData Plan terms (no licence text on the page read),1,provider_terms,keyword
"OS OpenData, free to use for everyone",1,attribution,open_or_free
OS licence (Public Sector Geospatial Agreement),1,provider_terms,keyword
OS licence (free under the Public Sector Geospatial Agreement),1,provider_terms,keyword
OS licence: free to PSGA members; otherwise premium product via OS partners,1,provider_terms,keyword
OSMC Public License (OSMC-PL 1.8),1,provider_terms,keyword
OTHER,1,other,fallback_other
OTHER-CLOSED,1,proprietary,keyword
OTL (shown on the routes dataset),1,other,fallback_other
Ofcom copyright; UK public sector information,1,provider_terms,keyword
Ofcom copyright; free to read,1,not_stated,keyword
Ofcom terms of use,1,provider_terms,keyword
Oman Government Open Licence (linked from the open data pages),1,attribution,keyword
Open (as listed on the Spatial Hub),1,attribution,open_or_free
"Open (usable without restriction, per the portal)",1,public_domain,keyword
Open Calgary Open Data Terms,1,provider_terms,keyword
Open Data Commons Attribution License (ODC-By) in this repository; underlying Namma BMTC app rights are not separately verified.,1,attribution,named_licence
Open Data Commons Attribution License (stated on the portal page),1,attribution,named_licence
Open Data Commons Attribution in deposit metadata; source imagery described as CC-BY-NC-4.0,1,non_commercial|attribution,named_licence
Open Data Commons Open Database License (ODbL) (http://dcat-ap.de/def/licenses/odbl),1,share_alike,named_licence
"Open Data Commons Open Database License (ODbL), as stated in the datos.gob.do dataset metadata; the sns.gob.do page states none",1,share_alike,named_licence
"Open Data Commons Open Database License v1.0, CC-BY-4.0",1,attribution|share_alike,named_licence
Open Data Commons Public Domain Dedication and Licence (PDDL),1,public_domain,named_licence
Open Data Commons Public Domain Dedication and License (PDDL 1.0),1,public_domain,named_licence
Open Data Policy (M 13-13) (https://digital.gov/open-data-policy-m-13-13/),1,provider_terms,keyword
Open Data; no restrictions on use,1,public_domain,keyword
Open Database Licence and Database Contents Licence (registry labels; versions not stated).,1,share_alike,named_licence
Open Database License,1,share_alike,named_licence
Open Database License (as listed in the World Bank Data Catalog),1,share_alike,named_licence
"Open Government Data License, version 1.0 (政府資料開放授權條款-第1版)",1,attribution,keyword
Open Government Licence (GOV.UK publications),1,attribution,named_licence
Open Government Licence (Scottish Government official statistics),1,attribution,named_licence
Open Government Licence - Toronto (open-government-licence-toronto),1,attribution,named_licence
Open Government Licence Canada,1,attribution,named_licence
Open Government Licence for most open data; some data charged for preparation,1,attribution,keyword
"Open Government Licence v2, Open Data Commons Open Database License (ODbL)",1,share_alike|attribution,named_licence
"Open Government Licence v3, public domain (as labelled on the portal)",1,attribution,named_licence
Open Government Licence v3.0 (GOV.UK content),1,attribution,named_licence
"Open Government Licence v3.0 (GOV.UK content, unless stated)",1,attribution,named_licence
Open Government Licence v3.0 (all 222 datasets),1,attribution,named_licence
Open Government Licence v3.0 (separate conditions for the UPRN and INSPIRE ID look-up tables),1,attribution,named_licence
Open Government Licence v3.0 except where otherwise stated (from the PDF front matter),1,attribution,named_licence
Open Government Licence v3.0 with HM Land Registry and Ordnance Survey attribution statements,1,attribution,named_licence
Open Government Licence – Newfoundland and Labrador,1,attribution,named_licence
Open Government Licence – Ontario – Metrolinx,1,attribution,named_licence
Open Government Licence; version unspecified; NERC acknowledgement,1,attribution,named_licence
Open License v2.0,1,attribution,named_licence
Open Source release stated by NASA; exact licence not established,1,not_stated,not_stated
Open Supply Hub Terms of Service (no open data licence stated on the page read),1,attribution,keyword
Open Transit Data Terms and Conditions,1,provider_terms,keyword
Open access (WHO terms of use; attribution required),1,not_stated,keyword
"Open access (licence terms on the dataset page, not read)",1,not_stated,not_stated
Open access (repository record),1,not_stated,keyword
Open access article (PLOS),1,not_stated,keyword
"Open access article (publisher statement: The Authors, Elsevier)",1,not_stated,keyword
Open access chapter (licence shown on the chapter page; not recorded),1,not_stated,not_stated
Open access on ScienceDirect (licence as stated by the publisher),1,not_stated,keyword
Open access on the publisher site (licence not stated),1,not_stated,not_stated
"Open access; each publication carries its own licence, and users accept the DDR Data Usage Agreement",1,not_stated,keyword
Open data (World Bank Microdata Library; licence details on each catalogue entry),1,varies,keyword
Open data (as stated),1,attribution,open_or_free
Open data (licence name not stated on the pages read),1,not_stated,not_stated
Open data (licence not read),1,not_stated,not_stated
Open data (per feed),1,attribution,open_or_free
Open data (policies page not read),1,not_stated,not_stated
Open data (routes marked Open Data in the API documentation); module source code under MIT,1,permissive_code,named_licence
Open data (terms not detailed on the pages read); platform code MIT,1,permissive_code,named_licence
Open data version available; licence terms not stated on the page read,1,not_stated,not_stated
Open data via the G-Spatial Information Center (terms not read on the day),1,not_stated,not_stated
Open data where marked open; per-episode terms,1,provider_terms,keyword
"Open data, no conditions on use (Geonorge metadata)",1,provider_terms,keyword
Open dataset on Zenodo (licence shown on the record); gcamfaostat under BSD-2-Clause,1,permissive_code,named_licence
Open for non-commercial use per the repository; commercial use requires a licence agreement with GEM,1,non_commercial,keyword
Open for use across the health sector without restrictions (as stated on the catalogue page),1,public_domain,keyword
Open government data published under the OPEN Government Data Act; no specific licence named on the pages read,1,provider_terms,keyword
Open licence (Brazilian open data portal),1,attribution,keyword
Open licence (Zenodo 'other-open'; see repository),1,attribution,keyword
Open licence (https://www.etalab.gouv.fr/wp-content/uploads/2018/11/open-licence.pdf),1,attribution,named_licence
"Open licence (other, as stated on Zenodo)",1,attribution,keyword
Open source (licence linked from the user guide),1,provider_terms,keyword
Open source (licence not confirmed); article CC-BY-NC-ND-4.0,1,non_commercial,named_licence
Open source (licence not named on the page read),1,not_stated,not_stated
Open source (licence not stated on the CMCC page),1,not_stated,not_stated
Open source (licence not stated on the page read),1,not_stated,not_stated
Open source (licence not stated on the pages read),1,not_stated,not_stated
Open source (licence stated in the repository),1,not_stated,keyword
Open source (stated for WE-UQ; licences per application),1,attribution,open_or_free
Open specification,1,attribution,open_or_free
Open standard (licence not stated on the page read),1,not_stated,not_stated
Open standard (licence of the specification text not stated on the pages read),1,not_stated,not_stated
"Open standard, freely licensed (as described by the FSB); XBRL International legal terms apply",1,provider_terms,keyword
Open standard; ISO 16739-1:2024 text sold by ISO; buildingSMART documentation free online,1,proprietary,keyword
"Open use, must provide the source (opendata.swiss terms)",1,attribution,keyword
Open-source initiative; anonymised data for registered users (terms on the platform),1,provider_terms,keyword
Open-source licences per package on GitHub (not each checked),1,attribution,open_or_free
Open-source module (licence not stated in the abstract); article published by Elsevier,1,not_stated,not_stated
"Open-source modules (licence named in the repositories, not on the pages read)",1,provider_terms,keyword
Open-source solver (per kaemco); CitySim Pro under kaemco terms,1,provider_terms,keyword
OpenCelliD data under CC BY-SA 4.0 as stated in the dataset description; the portal's own licence field is empty,1,share_alike,named_licence
OpenGeodata.NRW open data (dataset licence not read),1,not_stated,not_stated
OpenSky Network terms of use (non-profit research and education; commercial licence required),1,proprietary,keyword
Openly shared without restriction under the DOE Public Access Plan (HydroSource data use policy); citation requested,1,public_domain,keyword
Openly shared without restriction under the EOSDIS Data Use and Citation Guidance,1,public_domain,keyword
"Operator web page, all rights reserved",1,not_stated,keyword
Oppla terms of use (contributors retain ownership; no automated collection),1,provider_terms,keyword
Ordnance Survey premium data licence; free sample data and a Data Exploration Licence are offered,1,provider_terms,keyword
"Original analysis scripts and tabular diagnostics © Esam M. Aboudoumat, 2026. Third-party geospatial components retain their upstream rights and attribution terms; see the README and source manifests inside the archive. No blanket license is asserted for the combined package.",1,provider_terms,keyword
"Other (Non-Commercial), as described by the depositor; IPCC permission required for other uses; previous CC BY label withdrawn",1,attribution,named_licence
Other (Open) for Zenodo archive; MIT in current GitHub repository,1,permissive_code,named_licence
"Other (Open), as stated by Zenodo; exact code licence is not identified in the linked GitHub repository",1,not_stated,not_stated
Other (as listed on HDX),1,other,fallback_other
"Other (attribution), per Zenodo",1,attribution,keyword
Other Open (Zenodo classification; specific licence text not identified),1,not_stated,not_stated
Other Open on Zenodo; CC0-1.0 in the current GitHub repository,1,public_domain,named_licence
Other open licence (Zenodo metadata); specific software terms not identified,1,not_stated,not_stated
Other(Open),1,attribution,open_or_free
"Other, unspecified in dataset card; NVE source permits unchanged attributed reuse",1,not_stated,not_stated
Otra (Abierta),1,other,fallback_other
Otra (Open),1,attribution,open_or_free
Otvorena dozvola (Croatian open licence),1,attribution,keyword
Outra (Aberta),1,other,fallback_other
PARETO custom BSD-style licence,1,permissive_code,named_licence
PCH copyright; free to read,1,not_stated,keyword
PDDL-1.0 (DataSF default),1,public_domain,named_licence
"PJM Data Miner 2 terms of use: internal business or commercial use permitted, including publishing and derivatives, under the PJM data licence agreement",1,proprietary,keyword
PKP PLK API terms of use,1,provider_terms,keyword
PSF-2.0,1,permissive_code,keyword
Paper CC BY-NC-ND 4.0; dataset terms not read,1,non_commercial,named_licence
Paper CC-BY-4.0; data set licence not read,1,attribution,named_licence
Paper CC-BY-4.0; model code not released,1,attribution,named_licence
Paper CC-BY-4.0; platform access by credentials,1,attribution,named_licence
Paper CC-BY-NC-ND-4.0; software licence not stated in the abstract read,1,non_commercial,named_licence
Paper CC-BY-NC-SA-4.0; SOLWEIG-GPU open source on GitHub,1,non_commercial,named_licence
Paper copyright Association for European Transport and contributors; model owned by Rijkswaterstaat,1,provider_terms,keyword
Paper on arXiv; platform not released,1,not_stated,keyword
Paper on arXiv; software licence not stated,1,not_stated,not_stated
Paper under arXiv non-exclusive licence; no code release stated,1,not_stated,keyword
Parliamentary copyright (Open Parliament Licence); news articles all rights reserved,1,proprietary,keyword
PeeringDB Acceptable Use Policy (free; no commercial use of the data),1,non_commercial,keyword
Per data set (US federal open data for most; not read),1,not_stated,not_stated
"Per dataset (CC BY, CC BY-IGO, CC BY-SA, ODbL, ODC-BY, PDDL, CC0 or other)",1,share_alike|public_domain|attribution,named_licence
Per dataset (hub terms),1,varies,keyword
"Per dataset; mostly dl-de/zero-2-0, some dl-de/by-2-0 and CC BY",1,public_domain,named_licence
Per dataset; those marked on the page are CC BY-NC 4.0 (non-commercial use only),1,non_commercial,named_licence
"Per directory: IETF Trust (Note Well), EPL for OpenDaylight, IEEE and Broadband Forum terms, vendor terms",1,copyleft_code,named_licence
Per national source as listed in the metadata (several marked TBD); Eurostat GISCO terms,1,provider_terms,keyword
Per source (mostly attribution-only open licences); repository code BSD-style,1,permissive_code,named_licence
Permission page on the site (terms not stated on the page read),1,not_stated,not_stated
Personal hobby use only; business or government use requires a licence from the author,1,provider_terms,keyword
Pew Research Center terms of use,1,provider_terms,keyword
Planet NICFI participant licence agreement,1,provider_terms,keyword
Please refer to the U.S. Department of Transportation website for information on the National Address Database (NAD) Disclaimer .,1,provider_terms,keyword
PolyForm-Noncommercial-1.0.0,1,non_commercial,keyword
Port of Rotterdam website terms (no open licence stated),1,not_stated,not_stated
Portal content free; the standards themselves are sold by national standards bodies,1,proprietary,keyword
Portal rules: free general access under the 2008 Polish act on environmental information; attribution of source and date required,1,provider_terms,keyword
Portal terms (no open licence stated),1,not_stated,not_stated
Portal-content licence not stated; associated HydroShare dataset CC-BY-4.0,1,attribution,named_licence
Postdata terms of use: free access to public data without restriction (no named licence),1,public_domain,keyword
PostgreSQL License (code); CC BY-SA 3.0 (documentation),1,share_alike,named_licence
Preprint CC-BY (article licence not read),1,attribution,named_licence
Preprint CC-BY-NC-4.0; journal article CC-BY-4.0,1,non_commercial|attribution,named_licence
"Press articles, all rights reserved",1,proprietary,keyword
Private,1,other,fallback_other
ProcessModel End-user licence agreement (commercial),1,proprietary,keyword
Project publications and web tool (terms on the EPISCOPE site),1,provider_terms,keyword
Project-page reuse licence not stated; linked calibration data CC0-1.0,1,public_domain,named_licence
Proprietary (AASHTOWare),1,proprietary,keyword
Proprietary (Drewry terms),1,proprietary,keyword
Proprietary (Esri ArcGIS Pro based); demonstrations for transportation agencies on request,1,proprietary,keyword
Proprietary (Esri licence),1,proprietary,keyword
Proprietary (FieldView terms of service),1,proprietary,keyword
Proprietary (Freightos terms),1,proprietary,keyword
Proprietary (ICOLD); terms not published on the register page,1,not_stated,not_stated
Proprietary (Ookla); paid licence for historical data and API,1,proprietary,keyword
Proprietary (Uptime Institute),1,proprietary,keyword
Proprietary (annual subscription),1,proprietary,keyword
Proprietary (commercial API; data licensing terms on the provider site),1,proprietary,keyword
Proprietary (commercial licence; academic licence programme),1,proprietary,keyword
Proprietary (commercial software; free account tier offered),1,proprietary,keyword
Proprietary (commercial subscription),1,proprietary,keyword
"Proprietary (commercial, 30-day trial licence)",1,proprietary,keyword
Proprietary (owned by Rijkswaterstaat),1,proprietary,keyword
Proprietary (pricing and licensing via McTrans),1,proprietary,keyword
Proprietary (term licence; read-only evaluation version free),1,proprietary,keyword
Proprietary Autodesk Revit subscription licence; a named-user Autodesk account is required for use.,1,proprietary,keyword
Proprietary FAA licence (paid seats),1,proprietary,keyword
Proprietary agency licence (unlimited workstations within the licensing agency; SaaS available),1,proprietary,keyword
Proprietary commercial data (Descartes terms of use),1,proprietary,keyword
Proprietary commercial data (terms not stated on the page read),1,not_stated,not_stated
Proprietary commercial data licence,1,proprietary,keyword
Proprietary commercial data service,1,proprietary,keyword
Proprietary commercial licence (free student versions offered),1,proprietary,keyword
Proprietary commercial licences,1,proprietary,keyword
Proprietary commercial licences (bundles on the 3DEXPERIENCE platform),1,proprietary,keyword
Proprietary commercial licences in several versions; free trial version,1,proprietary,keyword
Proprietary commercial licences through the Deswik client portal,1,proprietary,keyword
Proprietary commercial platform,1,proprietary,keyword
Proprietary commercial product; exact terms on request,1,proprietary,keyword
Proprietary commercial software and data,1,proprietary,keyword
Proprietary commercial software with role-based licensing,1,proprietary,keyword
Proprietary commercial terms,1,proprietary,keyword
Proprietary database (reports free to read),1,not_stated,keyword
"Proprietary freeware (USACE distribution policy; use not restricted, no charge)",1,proprietary,keyword
Proprietary membership terms (WAGRI terms of use),1,proprietary,keyword
Proprietary publication (purchase),1,proprietary,keyword
Proprietary service; customers own their readings,1,proprietary,keyword
Proprietary subscription service,1,proprietary,keyword
Proprietary subscription software,1,proprietary,keyword
"Proprietary, subscription licence",1,proprietary,keyword
"Proprietary, subscription terms of S&P Global",1,proprietary,keyword
"Proprietary, subscription-based commercial licences",1,proprietary,keyword
"Proprietary, subscription-based role bundles",1,proprietary,keyword
Proprietary: 12-month named or shared subscription licences; enterprise licences on contact,1,proprietary,keyword
Proprietary: ICA Data Hub disclaimer (non-commercial use with attribution to the ICA; commercial exploitation not permitted; all rights reserved),1,non_commercial,keyword
"Proprietary: direct purchase, subscription and academic licences",1,proprietary,keyword
Proprietary: free Mine Design module after sign-up; paid subscription modules,1,proprietary,keyword
Proprietary: member data under the IFA Data License Agreement; items marked for public distribution are open to all,1,proprietary,keyword
"Proprietary: subscription licences, education licences and free trials",1,proprietary,keyword
Proprietary: subscription licensing,1,proprietary,keyword
"Proprietary; free read-only view of selected codes, Premium subscription for full features",1,proprietary,keyword
"Proprietary; free to browse, paid exports",1,proprietary,keyword
Proprietary; licensed by purchase,1,proprietary,keyword
Proprietary; results only for participating companies,1,proprietary,keyword
Proprietary; terms by agreement with RTI,1,proprietary,keyword
Provided as-is for research use (hub terms),1,provider_terms,keyword
Provider licence; academic licences free; commercial offers on request,1,proprietary,keyword
Provider permits duplication and redistribution with source acknowledgement,1,provider_terms,keyword
"Provider reuse conditions: acknowledge model and EU source, label user results and modifications, avoid implying endorsement; see provider page",1,provider_terms,keyword
Provider terms permit non-commercial use subject to material-specific restrictions,1,non_commercial,keyword
Provider terms; commercial service access and component source-code licences must be distinguished.,1,proprietary,keyword
Provider-distributed product; full licence terms not inspected,1,not_stated,not_stated
Public,1,not_stated,keyword
Public . Please do not redistribute this dataset. Refer requestors back to Caltrans.,1,not_stated,keyword
Public Data License 1.0 (Japan) for editions from 2020; free commercial use with attribution for earlier editions,1,not_stated,keyword
"Public Data License 1.0 (Japan), compatible with CC-BY-4.0",1,attribution,named_licence
Public Data License version 1.0 (PDL1.0),1,not_stated,keyword
"Public Data Portal terms: free of charge, use permission range stated as limitless",1,not_stated,keyword
Public Domain (US Government); WastewaterSCAN rows CC BY-NC 4.0,1,non_commercial|public_domain,named_licence
Public Domain Dedication (as given on the wiki page),1,public_domain,keyword
Public Domain Mark 1.0,1,public_domain,keyword
Public Domain U.S. Government (City of Austin Open Data Terms of Use),1,public_domain,named_licence
Public Transportation Open Data Challenge Limited License and specific terms,1,not_stated,keyword
Public data (IBGE: all files on the server are public),1,not_stated,keyword
Public data (no licence stated),1,not_stated,not_stated
Public document that may be shared (licence not stated),1,not_stated,not_stated
Public document; may be shared,1,not_stated,keyword
Public domain (Caltrans website: information presented is in the public domain unless otherwise indicated),1,public_domain,keyword
Public domain (City of Austin open data terms),1,public_domain,keyword
Public domain (EIA: public domain and use of EIA content),1,public_domain,named_licence
"Public domain (EPA software, as the EPA page describes it)",1,public_domain,named_licence
"Public domain (Geomag 7.0 software, US Government work)",1,public_domain,named_licence
Public domain (HDX 'other-pd-nr'),1,public_domain,keyword
Public domain (HRSA data use notice),1,public_domain,keyword
"Public domain (NIST, 17 U.S.C. 105)",1,public_domain,named_licence
Public domain (NPS: website materials generally in the public domain unless indicated),1,public_domain,keyword
Public domain (NWS: information on NWS web pages is in the public domain unless noted otherwise),1,not_stated,keyword
Public domain (Natural Earth terms of use),1,public_domain,keyword
Public domain (U.S. Government public domain label in the DataCite rights),1,public_domain,named_licence
Public domain (U.S. federal government data),1,public_domain,named_licence
Public domain (US Government report; no restrictions),1,public_domain,named_licence
Public domain (US Government work; citation requested),1,public_domain,named_licence
Public domain (US federal regulation),1,public_domain,named_licence
Public domain (US government data),1,public_domain,named_licence
Public domain (US government work); linked reports keep their own terms,1,public_domain,named_licence
Public domain (US public domain mark),1,public_domain,named_licence
Public domain (USGS information product; may contain copyrighted material as noted in the text),1,public_domain,named_licence
Public domain (USGS information product; may contain noted copyrighted material),1,public_domain,named_licence
Public domain (USGS software),1,public_domain,named_licence
Public domain (USGS-authored data),1,public_domain,named_licence
"Public domain (USGS; some commercial uses may be restricted, as stated)",1,public_domain,named_licence
Public domain (United States government work; Kaggle source registry also identifies U.S. Government Works).,1,public_domain,named_licence
"Public domain (article free of all copyright, CC0 statement)",1,public_domain,named_licence
Public domain (as given on the registry page),1,public_domain,keyword
Public domain (dados.gov.br licence label: Outra (Domínio Público)),1,public_domain,keyword
Public domain (free copy marked public domain by OpenAlex),1,public_domain,keyword
Public domain (provider README statement; source-layer terms not individually checked),1,public_domain,keyword
Public domain (stated in the feed's copyright element),1,public_domain,keyword
Public domain (stated in the feed's rights element),1,public_domain,keyword
Public domain (stated in the report),1,public_domain,keyword
Public domain (stated on the raw data page),1,public_domain,keyword
"Public domain / public use, varying by layer",1,varies,keyword
Public domain as labelled by Zenodo (other-pd),1,public_domain,keyword
Public domain dedication (provider user agreement),1,public_domain,keyword
Public domain for most resources (per GeoNode metadata); a few not specified,1,not_stated,not_stated
Public domain in the US (NIST software disclaimer of copyright),1,public_domain,named_licence
Public domain with explicit worldwide dedication and unrestricted reuse terms,1,public_domain,keyword
Public information from NIST (US government work),1,public_domain,named_licence
Public information of the Dutch government,1,not_stated,keyword
Public level A data may be used without restriction,1,not_stated,keyword
Public municipal document,1,not_stated,keyword
Public programme information; free to read,1,not_stated,keyword
Public records under EPCRA (no licence; location information can be withheld from public disclosure),1,not_stated,keyword
Public regulatory documents (Arcep site terms),1,not_stated,keyword
Public release (stated in the document),1,not_stated,keyword
Public report,1,not_stated,keyword
"Public report, no distribution restrictions",1,not_stated,keyword
Public reports; HDX tables under CC BY,1,attribution,named_licence
Public search free to use; bulk directory data under a separate AHRI Directory licence,1,not_stated,keyword
Public testimony document,1,not_stated,keyword
Public use data sets (licence not stated on the page read),1,not_stated,not_stated
"Public use files of the World Bank Microdata Library; the dataset must be cited with the survey title, reference number, source and download date; (c) 2018 The World Bank",1,not_stated,keyword
Public version: view-only non-commercial licence (Crown copyright); detailed data under data sharing agreements,1,not_stated,keyword
Public web page (Scottish Ambulance Service),1,not_stated,keyword
Public web page of a U.S. federal website (reuse terms not stated on the page),1,not_stated,not_stated
Public – data could be made publicly available without restrictions.,1,not_stated,keyword
Public. Please do not redistribute this dataset. Refer requestors back to Caltrans.,1,not_stated,keyword
Publicly available LBNL software (licence page linked from the tools page),1,provider_terms,keyword
Publisher copyright (ASCE; not open access),1,proprietary,keyword
"Publisher copyright (CRC Press, Taylor and Francis)",1,proprietary,keyword
Publisher copyright (SAGE; not open access),1,proprietary,keyword
Publisher copyright (abstract free),1,proprietary,keyword
Publisher copyright (book chapter),1,proprietary,keyword
Publisher copyright (closed access),1,proprietary,keyword
Publisher copyright (conference paper),1,proprietary,keyword
Publisher copyright (free-to-read abstract),1,proprietary,keyword
Publisher copyright for the paper; software licence not confirmed,1,not_stated,not_stated
Publisher copyright; PMC copy available for text mining and fair use,1,proprietary,keyword
Publisher copyright; accepted manuscript on OSTI (terms not read),1,not_stated,not_stated
Publisher copyright; author copy free for personal research in the Huddersfield repository,1,proprietary,keyword
Publisher copyright; free to read,1,not_stated,keyword
Publisher licence (free to read),1,not_stated,keyword
"Publisher open access terms (Springer, free to read)",1,not_stated,keyword
Publisher terms (Wiley),1,provider_terms,keyword
"Publisher terms (free to read, Wiley)",1,not_stated,keyword
"RAJAR copyright; topline free, detail by subscription",1,proprietary,keyword
RAND copyright with permission to share (terms not read in full),1,not_stated,not_stated
RAND copyright; free to download,1,provider_terms,keyword
RAND permissions (limited print and electronic distribution; not read),1,not_stated,not_stated
"RBA copyright; not to be reproduced, sold or distributed without consent",1,proprietary,keyword
"RBA copyright; not to be reproduced, sold or distributed without the Bank's consent",1,proprietary,keyword
RFNSA Terms and Conditions (updated 15 Jan 2025) govern use; reuse terms not read,1,not_stated,not_stated
RINF terms of use (ERA),1,provider_terms,keyword
RIPE Atlas terms and conditions; public measurement results openly available,1,provider_terms,keyword
RIPE NCC Terms of Service (free use),1,attribution,keyword
RTE Data Portal general terms and conditions of use,1,provider_terms,keyword
"Radiance Software License, Version 2.0",1,provider_terms,keyword
Rebuild by Design website content (all rights reserved),1,not_stated,keyword
Region of Waterloo Open Data Licence v1.0,1,attribution,keyword
Register terms of use,1,provider_terms,keyword
"Released as Traffic Light Protocol White, which may be distributed without restriction subject to copyright controls",1,public_domain,keyword
Released open source (repository licence not checked),1,not_stated,not_stated
Repository: no licence file; frozen replication files CC-BY-4.0,1,attribution,named_licence
Reproduction authorised with source acknowledged (CEWEP copyright notice),1,provider_terms,keyword
Research agreement required by NII/LIFULL; not an unrestricted open-data licence.,1,proprietary,keyword
Research use with citation (no formal licence stated),1,provider_terms,keyword
"Research-only, strictly non-commercial custom licence",1,non_commercial,keyword
Restricted government system under the E-Plan acceptable use policy,1,proprietary,keyword
Restricted to closed user group members,1,proprietary,keyword
Restricted; microdata are accessed on site at the INSEED national data centre after an approved request,1,proprietary,keyword
Restrictive (as given on the wiki page),1,other,fallback_other
Restrictive Licence,1,provider_terms,keyword
"Reuse of content allowed with attribution to LIWO, Watermanagementcentrum Nederland (copyright reserved by WMCN; no open licence named)",1,not_stated,not_stated
Reuse of public sector information under the Polish Open Data Act 2021 with mandatory attribution to IMGW-PIB (and a note when data are processed),1,attribution,open_or_free
Revised BSD / three-clause BSD with LBNL enhancements clause,1,permissive_code,named_licence
Revised BSD-3-Clause with additional contributed-enhancements paragraph,1,permissive_code,named_licence
Revised BSD-3-Clause with additional enhancement-grant paragraph,1,permissive_code,named_licence
RiverWare commercial licence,1,proprietary,keyword
Russian government open data (standard 3.0; no licence named in the passport),1,not_stated,not_stated
Russian open data standard terms of use,1,provider_terms,keyword
SAICE copyright; reproduction allowed with clear reference,1,attribution,keyword
SBB open data licence (data.sbb.ch/page/licence),1,attribution,keyword
SDG&E License (https://sdge.sdsc.edu/SDGE-LICENSE),1,provider_terms,keyword
SEAI terms and conditions for the BER Research Tool,1,provider_terms,keyword
SEDAC data terms (not read),1,not_stated,not_stated
"SFDA open data (free use without technical, financial or legal restrictions, as stated on the page)",1,attribution,keyword
SIA terms (commercial resale by contract); data.gouv.fr copy under Licence Ouverte 2.0,1,attribution,named_licence
SIDC data policy and terms of use,1,provider_terms,keyword
SP ENW Shared Licence,1,provider_terms,keyword
SP ENW Shared Licence (https://electricitynorthwest.opendatasoft.com/explore/dataset/enwl-shared-data-licence/table/),1,provider_terms,keyword
"SPENVIS terms and conditions (free of charge, registration)",1,provider_terms,keyword
SPTrans terms of use,1,provider_terms,keyword
SZPI website terms (no licence named on the page),1,not_stated,not_stated
Sandia National Laboratory Terms of Use (https://gesdb.sandia.gov/terms-of-use.html),1,provider_terms,keyword
"Scientific use only, for accredited users",1,non_commercial,keyword
Scraper code MIT; no data licence stated (data come from the Länder sources listed),1,permissive_code,named_licence
Se conformer aux recommandations du producteur,1,other,fallback_other
Secretaría de Economía terms (no licence named on the pages read),1,not_stated,not_stated
See DesignSafe project page,1,not_stated,not_stated
See Terms of Use (City of Chicago Data Portal),1,not_stated,not_stated
See repository record,1,not_stated,not_stated
See the portal's terms of use (no named licence),1,not_stated,not_stated
Separate non-commercial research/education and commercial licence options; exact terms require provider confirmation,1,non_commercial,keyword
Serbian open data licence (sodl),1,attribution,keyword
SiReNT terms and conditions (no open licence stated),1,not_stated,not_stated
Sikt access terms (not stated in DataCite),1,not_stated,not_stated
"SimMobility Version Control License (MIT, non-commercial use)",1,permissive_code,named_licence
Singapore Open Data Licence (data.gov.sg),1,attribution,keyword
Singapore Open Data Licence (data.gov.sg); IMDA website terms for the PDFs,1,attribution,keyword
"Singapore Open Data Licence (worldwide, royalty-free, commercial and non-commercial use)",1,attribution,keyword
Sirius licence (as named in the DataCite rights),1,provider_terms,keyword
Site conditions of use for report data; platform software under mySociety licensing (copyright UK Citizens Online Democracy),1,provider_terms,keyword
Sociedade Ponto Verde website terms (no licence named),1,not_stated,not_stated
Sofar Ocean software subscription and data licence agreements,1,proprietary,keyword
Sofiaplan terms of use for materials,1,provider_terms,keyword
Software Apache-2.0; data terms set by national custodians,1,permissive_code,named_licence
"Source-specific terms, including ODbL, CC BY and CC BY-SA; repository documentation CC-BY-4.0",1,share_alike|attribution,named_licence
"Southern Regional Science Association copyright, 2024 (free PDF)",1,provider_terms,keyword
Space-Track.org user agreement (free account; redistribution terms set in the agreement),1,provider_terms,keyword
Spanish public sector information; reuse terms not stated for the viewer,1,not_stated,not_stated
Spanish public sector reuse terms (not stated on the page read),1,not_stated,not_stated
St Kitts and Nevis Department of Statistics Open Licence Agreement,1,attribution,keyword
State agency report (no licence stated),1,not_stated,not_stated
State of California conditions of use (no open licence named),1,not_stated,not_stated
"State of California work, free to use (no licence stated)",1,not_stated,not_stated
Statistics Canada Open Licence (tables); Data Liberation Initiative licence (microdata),1,attribution,keyword
Strava Metro partnership terms,1,provider_terms,keyword
Style: BSD-3-Clause with some Apache-2.0 parts; map data ODbL (OpenStreetMap); tiles under a fair-use policy,1,share_alike|permissive_code,named_licence
"SuperMAG rules of the road (fair use, no redistribution, acknowledgement and citation required)",1,provider_terms,keyword
Supplementary data CC-BY-4.0; article open access on SciELO,1,attribution,named_licence
Swiss federal administration terms (no licence named on the page),1,not_stated,not_stated
Swiss federal administration terms of use,1,provider_terms,keyword
Swiss federal publication; free to read,1,not_stated,keyword
Syctom open data (no licence named on the page),1,not_stated,not_stated
TDengine TSDB-OSS open source; commercial editions under paid licences (licence names not stated on the page read),1,not_stated,not_stated
TGE website terms of use (rules for using quotation information),1,provider_terms,keyword
"TIA copyright; standard sold, TIF guide free",1,proprietary,keyword
"TLP:CLEAR: may be distributed without restriction, reproduction authorised if the source is acknowledged",1,public_domain,keyword
TM Forum copyright; member licence,1,provider_terms,keyword
"TNC terms of use: single copy for personal, non-commercial use",1,non_commercial,keyword
TNO noncommercial data-use conditions,1,non_commercial,keyword
TRA open data use licence,1,provider_terms,keyword
TRCA website terms (all rights reserved),1,proprietary,keyword
Telraam terms of use (no open licence named),1,not_stated,not_stated
Terms of use (non-commercial free); archive CC-BY-NC-ND-4.0; commercial licence paid,1,non_commercial,named_licence
Terms of use (利用約款) not read,1,not_stated,not_stated
Terms of use of each district or city (the data are municipal property); no open licence stated,1,not_stated,not_stated
"Terms shown on the Get Microdata page allow copying, distribution and adaptation for commercial and non-commercial use at no cost, with attribution",1,proprietary,keyword
TfL Transport Data Service licence,1,provider_terms,keyword
TfL transport data terms and conditions,1,provider_terms,keyword
The Green Grid copyright; free to read,1,not_stated,keyword
The data provided in this product represents the best available data from FEMA’s Mitigation Planning Portal (MPP) and does not contain Personally Identifiable Information (PII).,1,other,fallback_other
This application is available to the public.,1,other,fallback_other
"This framework has been implemented in some softwares (e.g. WinPQ), which is not open source, but directly downloadable.",1,proprietary,keyword
This material is licensed under Creative Commons Attribution 4.0 International licence (CC BY 4.0)&#x0D;&#x0D;Gladstone Area Water Board requests attribution in the following manner:&#x0D;&amp;copy Gladstone Area Water Board (GAWB) 2024,1,attribution,named_licence
This resource is shared under the Creative Commons Attribution-NoCommercial CC BY-NC.,1,non_commercial|attribution,named_licence
This resource is shared under the Creative Commons Attribution-ShareAlike CC BY-SA.,1,share_alike,named_licence
"This work is licensed under the Creative Commons Attribution 4.0 International License (https://creativecommons.org/licenses/by/4.0). Users are free to use, copy, distribute, transmit, and adapt the work for commercial and non-commercial purposes, without restriction, as long as clear attribution of the source is provided.",1,attribution,named_licence
Tiered distribution; some datasets restricted,1,proprietary,keyword
Time-limited commercial licence; free non-commercial research and education licences,1,non_commercial,keyword
Trafikverket API licence (accepted at registration),1,provider_terms,keyword
"Transitional, do not use - Creative Commons Attribution 4.0",1,attribution,named_licence
Trimble terms of use; free,1,provider_terms,keyword
Trust for Public Land terms (not read; tpl.org blocked automated access),1,not_stated,not_stated
"Términos de Libre Uso de la Información del INEGI (free use, including commercial, with attribution)",1,attribution,keyword
U-AInSPECT Project,1,other,fallback_other
U.S. Census Bureau public data (terms not stated on the page read),1,not_stated,not_stated
U.S. Government Purpose Release,1,other,fallback_other
U.S. Government Works (catalog.data.gov licence: usa.gov/government-works),1,public_domain,named_licence
U.S. Government Works (public domain),1,public_domain,named_licence
U.S. Government data release (no licence stated on the item),1,public_domain,named_licence
U.S. Government public data (no licence stated on the service),1,not_stated,not_stated
U.S. Government public data (no licence stated),1,not_stated,not_stated
U.S. federal data (no restrictions stated; Forest Service disclaimer applies),1,public_domain,named_licence
U.S. federal data (no restrictions stated; NOAA disclaimer and citation requested),1,public_domain,named_licence
U.S. federal government publication (terms not stated on the page read),1,not_stated,not_stated
U.S. federal government statistics (public domain),1,public_domain,named_licence
U.S. federal government work (no licence stated in the catalogue; public domain inferred),1,public_domain,named_licence
U.S. federal government work (no licence stated; public domain inferred for the public map data),1,public_domain,named_licence
U.S. federal government work (public-use files; public domain inferred),1,public_domain,named_licence
U.S. federal government work (the catalogue's licence field is empty; public domain inferred),1,public_domain,named_licence
"U.S. federal government work, free of charge (no licence stated; public domain inferred)",1,public_domain,named_licence
U.S. federal website content (linked resources keep their own terms),1,not_stated,keyword
U.S. government information,1,public_domain,named_licence
"U.S. government public domain for EIA data, with source acknowledgement requested; check any separately credited third-party material.",1,public_domain,named_licence
U.S. government report (no licence stated),1,not_stated,not_stated
U.S. government statistical data (BLS); IPUMS terms of use for extracts,1,provider_terms,keyword
U.S. government website (no licence stated),1,not_stated,not_stated
UBOS copyright and disclaimer page; no open licence found,1,not_stated,not_stated
"UC Regents licence: free for educational, research and non-profit non-commercial use; internal use by others",1,non_commercial,keyword
"UC Regents terms: free for research, education and non-profit non-commercial use; internal use by others; commercial redistribution requires a separate licence",1,non_commercial,keyword
UK Data Service End User Licence (microdata); published tables on gov.scot,1,proprietary,keyword
UK Data Service End User Licence (microdata); reports and live tables on GOV.UK,1,proprietary,keyword
UK Data Service Special Licence,1,provider_terms,keyword
UK Data Service terms (no commercial use),1,non_commercial,keyword
UK Open Government Licence,1,attribution,named_licence
UK Open Government Licence (London Datastore default),1,attribution,named_licence
UK Open Government Licence v3 (http://www.nationalarchives.gov.uk/doc/open-government-licence/version/3/),1,attribution,named_licence
UK Power Networks Shared Data Licence - Common Information Model (https://ukpowernetworks.sharepoint.com/:b:/s/OpenDataPortalLibrary/IQBOc_U7vx1GQqIOIMlkBAzhAW7sqW9vVvcm1twzb7lIy_Y?e=BG45N3),1,provider_terms,keyword
UKCEH click-through licence,1,provider_terms,keyword
ULI website terms (not read),1,not_stated,not_stated
UN Comtrade policy on use and re-dissemination,1,provider_terms,keyword
UN publication terms,1,provider_terms,keyword
UN terms of use,1,provider_terms,keyword
"UN terms of use: personal, non-commercial use (no separate open licence found on the SDG portal)",1,non_commercial,keyword
"UN terms of use: personal, non-commercial use (the WPP site gives no separate open licence)",1,non_commercial,keyword
"UN terms of use: personal, non-commercial use only, no redistribution or derivative works without permission",1,non_commercial,keyword
UNCTAD terms of use (no open licence stated),1,not_stated,not_stated
UNICEF terms of use; free,1,provider_terms,keyword
UNIDO terms of use (education and research only),1,non_commercial,keyword
UNOOSA terms of use; texts as submitted by States,1,provider_terms,keyword
"UNSD terms of use: data and metadata may be copied freely, duplicated and further distributed provided UNSD is cited as the source",1,provider_terms,keyword
UNaLab website content (all rights reserved); deliverables as published,1,not_stated,keyword
UNdata terms of use (free reuse with citation),1,attribution,keyword
UQ General Usage Terms and Conditions for data publishing in eSpace,1,provider_terms,keyword
URA terms of use; not read,1,not_stated,not_stated
US Government data (no licence terms stated),1,public_domain,named_licence
US Government distribution; individual model terms vary (not stated on the page read),1,not_stated,not_stated
US Government funded data usable without additional permissions or fees (citation requested),1,proprietary,keyword
US Government funded report; free to use,1,attribution,open_or_free
US Government product (no licence statement on the page read),1,not_stated,not_stated
US Government public domain (NOAA),1,public_domain,named_licence
US Government public domain (Public Domain Mark 1.0),1,public_domain,named_licence
US Government public domain (model output); code not distributed by NOAA,1,public_domain,named_licence
US Government public information,1,public_domain,named_licence
"US Government public release, Distribution A (distribution unlimited); licence file in the package",1,provider_terms,keyword
US Government public-use data (no licence stated),1,not_stated,not_stated
US Government service; free,1,attribution,open_or_free
US Government work (DOE laboratory data),1,public_domain,named_licence
US Government work (EPA ScienceHub licence for the 2019 extract),1,public_domain,named_licence
US Government work (ORNL release),1,public_domain,named_licence
US Government work (no licence stated),1,public_domain,named_licence
US Government work (public domain in the US),1,public_domain,named_licence
US Government work (public domain in the US) with NTIA software disclaimer,1,public_domain,named_licence
"US Government work (public domain, except copyrighted material noted in the text)",1,public_domain,named_licence
"US Government work, no copyright (17 U.S.C. 101); some layers CC BY 3.0 US",1,attribution|public_domain,named_licence
"US Government work, public domain (EIA copyright and reuse page)",1,public_domain,named_licence
"US Government work, public use (provided as is)",1,public_domain,named_licence
US Government work; Census Bureau data are public (no licence statement on the page read),1,public_domain,named_licence
US Government work; chart data only where the Council has permission from data suppliers,1,public_domain,named_licence
US Government work; free to read,1,public_domain,named_licence
US Government-funded dataset (licence not stated on the page read),1,not_stated,not_stated
US Government-funded report (free to use with citation),1,attribution,open_or_free
US Government-sponsored report (no licence statement; standard government disclaimer),1,not_stated,not_stated
US federal data (public),1,public_domain,named_licence
US federal government data,1,public_domain,named_licence
US federal government data (public domain in the United States; not stated on the page),1,public_domain,named_licence
US federal government data (public domain),1,public_domain,named_licence
US federal government data (public domain; citation requested),1,public_domain,named_licence
US federal government information,1,public_domain,named_licence
US federal government page; some listed resources are restricted,1,proprietary,keyword
US federal government publication (public domain status not stated in the report),1,public_domain,named_licence
US federal government software; terms not stated on the page read,1,not_stated,not_stated
US federal government work (no copyright stated),1,public_domain,named_licence
US federal government work (public domain in the US),1,public_domain,named_licence
US federal government work (public domain in the US; not stated on the page),1,public_domain,named_licence
US federal government work (public domain in the United States),1,public_domain,named_licence
US federal government work; full datasets restricted,1,public_domain,named_licence
US federal public records,1,public_domain,named_licence
US federal report (public),1,public_domain,manual
US government data (terms not stated); API code MIT,1,permissive_code|public_domain,named_licence
"US government data, free of charge (EIA copyright and reuse policy)",1,public_domain,named_licence
"US government data, free to use; some licensed source variables carry conditions noted in the documentation",1,public_domain,named_licence
"US government information (public domain), with HRSA usage disclaimer",1,public_domain,named_licence
US government public data (no licence stated),1,not_stated,not_stated
US government public data (no licence stated; citation requested),1,not_stated,not_stated
US government public data (snapshot CC0 1.0),1,public_domain,named_licence
US government purpose license (NASA),1,provider_terms,keyword
US government service; model licences vary,1,varies,keyword
"US government tool, free to use (no licence stated)",1,not_stated,not_stated
US government web page (no licence stated),1,not_stated,not_stated
US government work (EIA copyright and reuse policy: public domain with attribution requested),1,public_domain,named_licence
US government work (public domain in the United States),1,public_domain,named_licence
"US government work (public domain), photo rights reserved",1,public_domain,named_licence
US government work; no licence stated,1,public_domain,named_licence
US public domain (EPA ScienceHub licence),1,public_domain,named_licence
US public domain and CC0-1.0 worldwide,1,public_domain,named_licence
US public domain and CC0-1.0 worldwide dedication,1,public_domain,named_licence
"USC ANRG licence (LICENSE.md in the GitHub repository): free use and redistribution with citation, no commercial use",1,non_commercial,keyword
USFWS data disclaimer (no licence named),1,not_stated,not_stated
"UT-Battelle ExaGO v2 permissive open-source licence; notice, modification attribution and acknowledgement conditions",1,provider_terms,keyword
UT-Battelle custom permissive open-source licence,1,provider_terms,keyword
UT-Battelle open-source licence (BSD-style; see repository),1,permissive_code,named_licence
UTD19 conditions of use (accepted at sign-up),1,provider_terms,keyword
United Nations terms of use; free,1,provider_terms,keyword
United Nations; free to read,1,not_stated,keyword
United States Government Public Domain License,1,public_domain,named_licence
United States Government publication (no licence terms stated),1,not_stated,not_stated
University of Illinois/NCSA Open Source License,1,permissive_code,keyword
University of New Hampshire licence (commercial licensing via Regrow),1,proprietary,keyword
University of Vienna thesis terms,1,provider_terms,keyword
Unknown: Zenodo record has no licence metadata,1,not_stated,not_stated
Unlicense (current GitHub repository),1,public_domain,named_licence
Unlicense for repository content per GitHub metadata; original city report rights not independently stated.,1,public_domain,named_licence
"Unlicense for repository data and code, as reported by GitHub metadata.",1,public_domain,named_licence
Upon accessing the Licensed Data you will be deemed to have accepted the terms of the Public Sector End User Licence - INSPIRE (https://www.ordnancesurvey.co.uk/documents/licensing/inspire-end-user-licence.pdf),1,proprietary,keyword
Usage policy: cite the dataset DOI (no named licence on the page read),1,provider_terms,keyword
Use of these data is covered by the following licence: http://www.nationalarchives.gov.uk/doc/open-government-licence/version/3/ . When using these data you must cite them correctly using the citation given on the CEDA Data Catalogue record.,1,provider_terms,keyword
"Use permitted without restrictions, as stated by the national metadata page",1,public_domain,keyword
Users should be aware that the IENCs reflect best available information at the time the data was collected. These data products are subject to change.,1,other,fallback_other
VERA licence (ORNL licence page),1,provider_terms,keyword
"VIIRS Nightfire Data Use License (academic no-cost, commercial paid, non-profit licence)",1,proprietary,keyword
VTTI Data Use License,1,provider_terms,keyword
Varies by dataset (many U.S. government works or CC BY),1,attribution|public_domain,named_licence
Varies by item and contributing collection,1,varies,keyword
Varies by project (DesignSafe published data),1,varies,keyword
"Various open data licences, set per dataset",1,varies,keyword
Vegagerðin terms of use for data services,1,provider_terms,keyword
Vendor web page (copyright Simul8); free to read,1,not_stated,keyword
Vendor web page (no licence stated),1,not_stated,not_stated
"Vendor web page, all rights reserved",1,not_stated,keyword
Vendor-distributed product; full licence terms not established,1,not_stated,not_stated
Vendor-distributed software; exact terms not established,1,not_stated,not_stated
Version 3 part 1 CC-BY-4.0; part 2 CC-BY-NC-4.0; provider-specific terms for current versions,1,non_commercial|attribution,named_licence
VesselFinder terms of use (no open licence),1,not_stated,not_stated
Vietnamese government document (no licence stated),1,not_stated,not_stated
"Virginia state publication, free to read",1,not_stated,keyword
Volpe Center End User License Agreement (RDR),1,proprietary,keyword
WDPA terms and conditions (no commercial use without written permission from UNEP-WCMC),1,non_commercial,keyword
"WHO Datasets terms and conditions (royalty-free use for public health purposes, attribution, no commercial promotion)",1,non_commercial,keyword
WHO terms of use (tools and manuals under WHO copyright),1,provider_terms,keyword
WHO terms of use; tools free to download,1,provider_terms,keyword
WMO website terms (no open licence stated),1,not_stated,not_stated
"WRI use constraints: not for use in litigation, no warranty (no open licence stated)",1,not_stated,not_stated
"WSDOT terms, for planning use only",1,provider_terms,keyword
WSL Data Policy,1,provider_terms,keyword
"WWF Risk Filter Suite terms of use: free of charge with an account; content protected, copying for other uses prohibited",1,proprietary,keyword
"Waste Atlas legal notice (free, non-commercial use; no open licence named)",1,not_stated,not_stated
Water Action Hub terms of use (no open licence stated),1,not_stated,not_stated
"Waterways Ireland terms, for information and public reference",1,provider_terms,keyword
Web page; listed datasets have their own licences,1,not_stated,keyword
Website and CORDIS terms (not read); deliverables' licences unknown,1,not_stated,not_stated
Website content,1,not_stated,keyword
Website terms of DE-CIX,1,provider_terms,keyword
Wiley terms (2005 paper); CC-BY-4.0 (2022 follow-up),1,attribution,named_licence
WindEurope legal notice: site content may be reproduced if data integrity is kept and WindEurope copyright is indicated,1,provider_terms,keyword
Wisconsin public records,1,not_stated,keyword
"Working paper, free download (licence not stated)",1,not_stated,not_stated
World Bank Microdata Library open access terms,1,provider_terms,keyword
"World Bank Microdata Library terms of use (research use, no redistribution)",1,provider_terms,keyword
"World Bank copyright, 2020 (rights statement in the report)",1,provider_terms,keyword
World Bank copyright; non-commercial reuse with attribution,1,non_commercial,keyword
World Bank dataset terms of use; CC BY 4.0 in the World Bank data catalogue,1,attribution,named_licence
World Bank document (disclosed; no licence statement in the pages read),1,not_stated,not_stated
World Bank terms of use (licence not stated on the pages read),1,not_stated,not_stated
World Bank terms of use (no open licence stated),1,not_stated,not_stated
World Bank terms of use; source data from UN Comtrade and UNCTAD TRAINS keep their own terms (not stated on the page read),1,not_stated,not_stated
World Bank: report reproducible for noncommercial purposes with full attribution; tool provided as is,1,non_commercial,keyword
World Nuclear Association content licence (copy and distribute under its terms),1,provider_terms,keyword
"XDI report, all rights reserved",1,proprietary,keyword
"Zenodo metadata and README: CC-BY-4.0; page description also says ODbL-1.0, unresolved",1,attribution|share_alike,named_licence
Zenodo nosl3.0; public LICENSE.txt names NPOSL-3.0; upstream RTE terms separate,1,provider_terms,keyword
Zenodo registry classifies the release as other-open; no detailed redistribution licence is displayed. The GitHub repository has no declared licence; README asks users to cite the paper.,1,provider_terms,keyword
[TRR228DB] Data policy agreement,1,provider_terms,keyword
a licence or disclaimer text is given on the hub listing (Functional Classification is made available to the public solely for informational purposes. Information provided is acc ...); terms not read in full,1,not_stated,not_stated
"a licence or disclaimer text is given on the hub listing (Nodes may represent physical entities such as river confluences, ports/facilities, and intermodal terminals, US Army Cor ...); terms not read in full",1,not_stated,not_stated
a licence or disclaimer text is given on the hub listing (Postmiles is made available to the public solely for informational purposes. Information provided is accurate to the bes ...); terms not read in full,1,not_stated,not_stated
a licence or disclaimer text is given on the hub listing (StateHighways is made available to the public solely for informational purposes. Information provided is accurate to the ...); terms not read in full,1,not_stated,not_stated
a licence or disclaimer text is given on the hub listing (The CA 2020 Adjusted Urban Area boundaries is made available to the public solely for informational purposes. Informatio ...); terms not read in full,1,not_stated,not_stated
a licence or disclaimer text is given on the hub listing (The TIGER/Line Shapefile products are not copyrighted however TIGER/Line and Census TIGER are registered trademarks of t ...); terms not read in full,1,not_stated,not_stated
"a licence or disclaimer text is given on the hub listing (This geographic data set was developed by CPUC and Caltrans. As such, CPUC and Caltrans make no representation about the ...); terms not read in full",1,not_stated,not_stated
a licence or disclaimer text is given on the hub listing (This layer is made available to the public solely for informational purposes. Information provided is accurate to the be ...); terms not read in full,1,not_stated,not_stated
"a licence or disclaimer text is given on the hub listing (This map can be shared via Social Networks, email, and embedded in websites using the share button. Attribution to the E ...); terms not read in full",1,not_stated,not_stated
a licence or disclaimer text is given on the hub listing (he TIGER/Line Shapefile products are not copyrighted however TIGER/Line and Census TIGER are registered trademarks of th ...); terms not read in full,1,not_stated,not_stated
academic research use after signing a copyright form,1,provider_terms,keyword
academic research use only,1,non_commercial,keyword
all rights reserved (Fundación CONAMA grants no licence on its site content),1,proprietary,keyword
all rights reserved (IPA terms: no reproduction without prior written consent),1,proprietary,keyword
all rights reserved (Tree Register); DATA.GOV.HK terms and conditions (open datasets),1,proprietary,keyword
"all rights reserved (no use without written permission, per the site terms)",1,proprietary,keyword
all rights reserved (site footer),1,proprietary,keyword
"all rights reserved by LVGL; viewing free, other use under paid contract",1,proprietary,keyword
all rights reserved by MTA and AFAD; written permission is needed to reproduce or distribute,1,proprietary,keyword
"all rights reserved by SGM; attribution required, reproduction for profit needs written permission",1,attribution,keyword
all rights reserved to SUEN (stated in the report),1,proprietary,keyword
all rights reserved; data sharing agreement and data guidelines apply,1,proprietary,keyword
all rights reserved; educational and scientific use allowed with citation,1,attribution,keyword
all rights reserved; reuse and placing content in any database need the provider's prior written permission (Jogi nyilatkozat),1,proprietary,keyword
any use allowed with attribution to Eusko Jaurlaritza / Gobierno Vasco,1,attribution,keyword
aopdata MIT; project code GPL-3.0-or-later or MIT; data terms on the Ipea site,1,copyleft_code|permissive_code,named_licence
arXiv licence (not read),1,not_stated,not_stated
arXiv non-exclusive distribution licence (journal article under ASCE copyright),1,provider_terms,keyword
arXiv non-exclusive distribution licence (not stated on the abstract page read),1,not_stated,not_stated
arXiv preprint (licence as listed on arXiv),1,provider_terms,keyword
arXiv.org perpetual non-exclusive licence (as shown on the HTML version); no data or code licence read,1,provider_terms,keyword
article open access on PMC; code and data availability not read,1,not_stated,not_stated
article under Elsevier licence; data CC-BY-4.0,1,attribution,named_licence
as linked on the portal listing (http://adelie.application.developpement-durable.gouv.fr/condition.do?convention=diffusion_public),1,other,fallback_other
as linked on the portal listing (http://creativecommons.org/licenses/by-nd/4.0/deed.nl),1,no_derivatives,named_licence
as linked on the portal listing (http://creativecommons.org/licenses/by-sa/4.0/deed.nl),1,share_alike,named_licence
as linked on the portal listing (http://creativecommons.org/licenses/by/3.0/no/),1,attribution,named_licence
"as linked on the portal listing (http://creativecommons.org/publicdomain/zero/1.0/deed.nl), as linked on the portal listing (http://geoh.conterra:8080/oai-pmh-geo-harvest/harvesters/None)",1,public_domain,named_licence
"as linked on the portal listing (http://creativecommons.org/publicdomain/zero/1.0/deed.nl), as linked on the portal listing (https://downloads.rijkswaterstaatdata.nl/pdf-documenten/Geogedeeld-licentie-rijkswaterstaat.pdf)",1,public_domain,named_licence
as linked on the portal listing (http://data.europa.eu/88u/.well-known/genid/81d5ed4e02f41ecc6cbd4ee682dbd152),1,other,fallback_other
"as linked on the portal listing (http://data.europa.eu/88u/.well-known/genid/89de35009625f923e446f920227679cd), as linked on the portal listing (http://data.europa.eu/88u/.well-known/genid/cd0825b5108df74261cc609cf4e8604e)",1,other,fallback_other
"as linked on the portal listing (http://data.europa.eu/88u/.well-known/genid/945052102d03ac0ef0c1bdc74130b308), as linked on the portal listing (http://data.europa.eu/88u/.well-known/genid/0c01c11f941ca549329aed4c1778d5f0)",1,other,fallback_other
as linked on the portal listing (http://data.europa.eu/88u/.well-known/genid/a53c34baec8e6153dcbbde27a2c7e2ec),1,other,fallback_other
as linked on the portal listing (http://data.gov.be/.well-known/genid/63236b7128d642e2a86d55d8b03caaf52-54021D28A9A813B1DB417201A5DA890F),1,other,fallback_other
as linked on the portal listing (http://data.gov.be/.well-known/genid/63236b7128d642e2a86d55d8b03caaf55-4F0950288003A114B44F086155D85AA8),1,other,fallback_other
as linked on the portal listing (http://data.gov.be/license/cbe/full),1,provider_terms,keyword
as linked on the portal listing (http://data.gov.be/license/cbe/open),1,provider_terms,keyword
as linked on the portal listing (http://data.jrc.ec.europa.eu/licence/not_available),1,provider_terms,keyword
"as linked on the portal listing (http://data.jrc.ec.europa.eu/licence/not_available), European Commission reuse notice, CC-BY-4.0",1,attribution,named_licence
as linked on the portal listing (http://datosabiertos.regiondemurcia.es/avisolegal),1,other,fallback_other
as linked on the portal listing (http://dcat-ap.de/def/licenses/cc-by/4.0),1,attribution,named_licence
as linked on the portal listing (http://dcat-ap.de/def/licenses/dl-by-de/2.0),1,attribution,named_licence
"as linked on the portal listing (http://dcat-ap.de/def/licenses/dl-zero-de/2.0), as linked on the portal listing (http://inspire.ec.europa.eu/metadata-codelist/ConditionsApplyingToAccessAndUse/noConditionsApply)",1,public_domain,named_licence
"as linked on the portal listing (http://dcat-ap.de/def/licenses/dl-zero-de/2.0), as linked on the portal listing (http://inspire.ec.europa.eu/metadata-codelist/ConditionsApplyingToAccessAndUse/noConditionsApply), as linked on the portal listing (https://www.govdata.de/dl-de/zero-2-0)",1,public_domain,named_licence
"as linked on the portal listing (http://dcat-ap.de/def/licenses/dl-zero-de/2.0), as linked on the portal listing (https://www.govdata.de/dl-de/zero-2-0)",1,public_domain,named_licence
"as linked on the portal listing (http://eplca.jrc.ec.europa.eu/ELCD3/templates/default/html/datasetLicense.html), CC-BY-4.0",1,attribution,named_licence
as linked on the portal listing (http://geoh.conterra:8080/oai-pmh-geo-harvest/harvesters/www.denkmalpflege-bw.de),1,other,fallback_other
as linked on the portal listing (http://inspire.ec.europa.eu/metadata-codelist/%20ConditionsApplyingToAccessAndUse/noConditionsApply),1,provider_terms,keyword
"as linked on the portal listing (http://inspire.ec.europa.eu/metadata-codelist/ConditionsApplyingToAccessAndUse/conditionsUnknown), Data licence Germany – attribution – Version 2.0",1,attribution,named_licence
"as linked on the portal listing (http://inspire.ec.europa.eu/metadata-codelist/ConditionsApplyingToAccessAndUse/conditionsUnknown), as linked on the portal listing (https://www.govdata.de/dl-de/zero-2-0)",1,public_domain,named_licence
"as linked on the portal listing (http://inspire.ec.europa.eu/metadata-codelist/ConditionsApplyingToAccessAndUse/noConditionsApply), CC-BY-4.0",1,attribution,named_licence
"as linked on the portal listing (http://inspire.ec.europa.eu/metadata-codelist/ConditionsApplyingToAccessAndUse/noConditionsApply), Data licence Germany – attribution – Version 2.0",1,attribution,named_licence
"as linked on the portal listing (http://inspire.ec.europa.eu/metadata-codelist/ConditionsApplyingToAccessAndUse/noConditionsApply), as linked on the portal listing (http://dcat-ap.de/def/licenses/dl-zero-de/2.0)",1,public_domain,named_licence
"as linked on the portal listing (http://inspire.ec.europa.eu/metadata-codelist/ConditionsApplyingToAccessAndUse/noConditionsApply), as linked on the portal listing (http://inspire.ec.europa.eu/metadata-codelist/ConditionsApplyingToAccessAndUse/conditionsUnknown)",1,not_stated,not_stated
"as linked on the portal listing (http://inspire.ec.europa.eu/metadata-codelist/ConditionsApplyingToAccessAndUse/noConditionsApply), as linked on the portal listing (https://creativecommons.org/licenses/by-nd/4.0//)",1,no_derivatives,named_licence
"as linked on the portal listing (http://inspire.ec.europa.eu/metadata-codelist/ConditionsApplyingToAccessAndUse/noConditionsApply), as linked on the portal listing (https://creativecommons.org/licenses/by/4.0/deed.sk)",1,attribution,named_licence
"as linked on the portal listing (http://inspire.ec.europa.eu/metadata-codelist/ConditionsApplyingToAccessAndUse/noConditionsApply), as linked on the portal listing (https://geoport.lk-vr.de/geoport/agnb)",1,provider_terms,keyword
"as linked on the portal listing (http://inspire.ec.europa.eu/metadata-codelist/ConditionsApplyingToAccessAndUse/noConditionsApply), as linked on the portal listing (https://www.kartverket.no/geodataarbeid/norge-digitalt/partsinformasjon/avtaler-og-vilkar/norge-digitalt-lisens)",1,provider_terms,keyword
"as linked on the portal listing (http://inspire.ec.europa.eu/metadata-codelist/ConditionsApplyingToAccessAndUse/noConditionsApply), as linked on the portal listing (https://www.kartverket.no/geodataarbeid/norge-digitalt/partsinformasjon/avtaler-og-vilkar/norge-digitalt-lisens), as linked on the portal listing (https://www.geonorge.no/Geodataarbeid/Norge-digitalt/Avtaler-og-maler/Norge-digitalt-lisens/)",1,provider_terms,keyword
as linked on the portal listing (http://inspire.ec.europa.eu/metadata-codelist/LimitationsOnPublicAccess/INSPIRE_Directive_Article13_1d),1,other,fallback_other
"as linked on the portal listing (http://opendatacommons.org/licenses/odbl/summary/), as linked on the portal listing (https://www.etalab.gouv.fr/licence-ouverte-open-licence), as linked on the portal listing (https://www.etalab.gouv.fr/wp-content/uploads/2014/05/Licence_Ouverte.pdf)",1,share_alike|attribution,named_licence
as linked on the portal listing (http://opingogn.is/pages/notkunarleidbeiningar),1,other,fallback_other
"as linked on the portal listing (http://resources.geodata.se/codelist/metadata/anvandningsrestriktioner.xml#CC01.0), as linked on the portal listing (http://inspire.ec.europa.eu/metadata-codelist/ConditionsApplyingToAccessAndUse/noConditionsApply)",1,public_domain,named_licence
as linked on the portal listing (http://www.aemet.es/es/nota_legal),1,other,fallback_other
as linked on the portal listing (http://www.mapama.gob.es/es/atencion-al-ciudadano/aviso-legal.aspx),1,other,fallback_other
"as linked on the portal listing (http://www.opendefinition.org/licenses/cc-zero), as linked on the portal listing (https://creativecommons.org/licenses/by/4.0/)",1,public_domain|attribution,named_licence
"as linked on the portal listing (http://www.opendefinition.org/licenses/odc-by), as linked on the portal listing (http://www.opendefinition.org/licenses/cc-by)",1,attribution,named_licence
as linked on the portal listing (http://www.puertogijon.es/index.asp?MP=27&MS=0&MN=1&TR=C&IDR=417),1,other,fallback_other
"as linked on the portal listing (https://administraciodigital.gencat.cat/ca/dades/dades-obertes/informacio-practica/llicencies/), as linked on the portal listing (http://governobert.gencat.cat/ca/dades_obertes/llicencia-oberta-informacio-catalunya/)",1,other,fallback_other
"as linked on the portal listing (https://administraciodigital.gencat.cat/ca/dades/dades-obertes/informacio-practica/llicencies/), as linked on the portal listing (https://web.gencat.cat/ca/generalitat/dades-indicadors/dades-obertes/llicencies)",1,other,fallback_other
as linked on the portal listing (https://creativecommons.org/licenses/by-nc-sa/3.0/deed.it),1,non_commercial,named_licence
as linked on the portal listing (https://creativecommons.org/licenses/by-nc/4.0/),1,non_commercial,named_licence
as linked on the portal listing (https://creativecommons.org/licenses/by-nd/4.0/),1,no_derivatives,named_licence
as linked on the portal listing (https://creativecommons.org/licenses/by-sa/4.0/deed.lt),1,share_alike,named_licence
as linked on the portal listing (https://creativecommons.org/licenses/by-sa/4.0/deed.sk),1,share_alike,named_licence
"as linked on the portal listing (https://creativecommons.org/licenses/by-sa/4.0/deed.sk), as linked on the portal listing (https://creativecommons.org/licenses/by-nc-sa/4.0/deed.sk)",1,non_commercial|share_alike,named_licence
as linked on the portal listing (https://creativecommons.org/licenses/by/3.0/es/),1,attribution,named_licence
as linked on the portal listing (https://creativecommons.org/licenses/by/3.0/legalcode.it),1,attribution,named_licence
"as linked on the portal listing (https://creativecommons.org/licenses/by/4.0), as linked on the portal listing (http://inspire.ec.europa.eu/metadata-codelist/ConditionsApplyingToAccessAndUse/noConditionsApply)",1,attribution,named_licence
"as linked on the portal listing (https://creativecommons.org/licenses/by/4.0), as linked on the portal listing (https://creativecommons.org/licenses/by-nc-nd/4.0)",1,non_commercial|attribution,named_licence
"as linked on the portal listing (https://creativecommons.org/licenses/by/4.0/), as linked on the portal listing (http://www.opendefinition.org/licenses/cc-by-sa)",1,share_alike|attribution,named_licence
"as linked on the portal listing (https://creativecommons.org/licenses/by/4.0/), as linked on the portal listing (https://creativecommons.org/licenses/by-sa/3.0/)",1,share_alike|attribution,named_licence
"as linked on the portal listing (https://creativecommons.org/licenses/by/4.0/), as linked on the portal listing (https://creativecommons.org/licenses/by-sa/3.0/), as linked on the portal listing (https://opendatacommons.org/licenses/by/)",1,share_alike|attribution,named_licence
"as linked on the portal listing (https://creativecommons.org/licenses/by/4.0/deed.ca), as linked on the portal listing (https://www.icgc.cat/condicions)",1,attribution,named_licence
"as linked on the portal listing (https://creativecommons.org/licenses/by/4.0/deed.de), as linked on the portal listing (http://inspire.ec.europa.eu/metadata-codelist/ConditionsApplyingToAccessAndUse/conditionsUnknown)",1,attribution,named_licence
"as linked on the portal listing (https://creativecommons.org/licenses/by/4.0/deed.de), cc-by",1,attribution,named_licence
"as linked on the portal listing (https://creativecommons.org/licenses/by/4.0/deed.es_ES), as linked on the portal listing (http://creativecommons.org/licenses/by/3.0/es/)",1,attribution,named_licence
"as linked on the portal listing (https://creativecommons.org/licenses/by/4.0/legalcode.de), as linked on the portal listing (http://inspire.ec.europa.eu/metadata-codelist/ConditionsApplyingToAccessAndUse/noConditionsApply)",1,attribution,named_licence
"as linked on the portal listing (https://creativecommons.org/licenses/by/4.0/legalcode.es), as linked on the portal listing (https://mobilitylabs.emtmadrid.es/sip/terms-of-use)",1,attribution,named_licence
"as linked on the portal listing (https://data.cnmc.es/condiciones-de-uso), as linked on the portal listing (http://data.cnmc.es/datagraph/jsp/nota-legal.jsp)",1,other,fallback_other
"as linked on the portal listing (https://data.gov.cz/zdroj/datové-sady/00003352/1467541327/distribuce/fabd2ebb9953735415a0b445798cf7c8/podmínky-užití), as linked on the portal listing (https://data.gov.cz/zdroj/datové-sady/00003352/1467540066/distribuce/2488782e00bcb84e652e7dd000078e02/podmínky-užití), as linked on the portal listing (https://data.gov.cz/zdroj/datové-sady/00003352/1467546079/distribuce/6cc47cf2568b173461122da6227ba152/podmínky-užití)",1,other,fallback_other
"as linked on the portal listing (https://data.gov.cz/zdroj/datové-sady/00006947/17e5105150367f71c6448c65998d9c13/distribuce/6e76a7580a3c6ae0c9a209bb2af58a06/podmínky-užití), as linked on the portal listing (https://data.gov.cz/zdroj/datové-sady/00006947/2b9e41b24bbcd49bc692642fea328d9f/distribuce/0a9fbc7710c94c0a1c5dbc4c76a00e96/podmínky-užití), as linked on the portal listing (https://data.gov.cz/zdroj/datové-sady/00006947/ea6c2914bfc3ebfa41a708b67ba00fc9/distribuce/616924e837b281e5f6bf0ecae04b4f2a/podmínky-užití)",1,other,fallback_other
"as linked on the portal listing (https://data.gov.cz/zdroj/datové-sady/00006947/471129ecc20674522bc62a109ae2187e/distribuce/062b8bd8e38cea769aae710f3613c172/podmínky-užití), as linked on the portal listing (https://data.gov.cz/zdroj/datové-sady/00006947/5540dfe83a7854cf15395ef38639374e/distribuce/941e8bfd4af817a290b10d519d7b3696/podmínky-užití), as linked on the portal listing (https://data.gov.cz/zdroj/datové-sady/00006947/858ffa941db0abda6fc40e68739452e3/distribuce/96bc2c088ef17613978fe925ebd76348/podmínky-užití)",1,other,fallback_other
as linked on the portal listing (https://data.gov.cz/zdroj/datové-sady/00006947/86d71dd7220d91a6428a2ca26ce3602b/distribuce/f7dff0436a697de6c66f648a57bb6d89/podmínky-užití),1,other,fallback_other
as linked on the portal listing (https://data.gov.cz/zdroj/datové-sady/00007064/98442/distribuce/b72bf3285e37d434ce4a3316d5d6a597/podmínky-užití),1,other,fallback_other
"as linked on the portal listing (https://data.gov.cz/zdroj/datové-sady/00020478/373a2d65e166ee1e30a599f6604af022/distribuce/e7c21581863e8623f3ad3c68574f23b6/podmínky-užití), as linked on the portal listing (https://data.gov.cz/zdroj/datové-sady/00020478/b364ebf42dc8db1048d0037fdf844e7b/distribuce/26b822c0bdf8d13db6d1de3e46736c95/podmínky-užití), as linked on the portal listing (https://data.gov.cz/zdroj/datové-sady/00020478/14ae0e97eb9a6f9de72957440a031758/distribuce/a31e487c81cada4eda602e05866b2b47/podmínky-užití)",1,other,fallback_other
"as linked on the portal listing (https://data.gov.cz/zdroj/datové-sady/00020478/5bc201cfaeb94e49eabbc18df2e14677/distribuce/3dc9bbfa28e2fcf604ceeb400d3ce89d/podmínky-užití), as linked on the portal listing (https://data.gov.cz/zdroj/datové-sady/00020478/e250b943c7a19487974381d408584d21/distribuce/e862035bcf9cdd027903c9e264130cce/podmínky-užití), as linked on the portal listing (https://data.gov.cz/zdroj/datové-sady/00020478/d41252e2141f70a767348be363c952e7/distribuce/5e6c6d0d9867ed7d693d33c9e4cb2f09/podmínky-užití)",1,other,fallback_other
as linked on the portal listing (https://data.gov.cz/zdroj/datové-sady/00020478/cb778e63831a70a31eebb0f9fb7fca41/distribuce/bf6f3ef02cc2b65477f31ae7bbe20da0/podmínky-užití),1,other,fallback_other
"as linked on the portal listing (https://data.gov.cz/zdroj/datové-sady/00020699/819662ae2e51123f936bd2f2ddf267cf/distribuce/2e68a8860bbfdb37f7d60301c123e662/podmínky-užití), as linked on the portal listing (https://data.gov.cz/zdroj/datové-sady/00020699/501721083afbc1448f5c22c38ee23e80/distribuce/6566825ddf69e3d6cdee4187516f8cb4/podmínky-užití), as linked on the portal listing (https://data.gov.cz/zdroj/datové-sady/00020699/be56a5c472d98190066fa312942bb0eb/distribuce/4faf795acb1c0e3aea174a378cf919db/podmínky-užití)",1,other,fallback_other
"as linked on the portal listing (https://data.gov.cz/zdroj/datové-sady/00020699/98872ef8731713af62b83d453f425d06/distribuce/fcb58dfe33962f916fb21efd19607967/podmínky-užití), as linked on the portal listing (https://data.gov.cz/zdroj/datové-sady/00020699/9b596d03dd10af94988212afbb552efc/distribuce/89932ac432d4989722a96510d5ccc77a/podmínky-užití), as linked on the portal listing (https://data.gov.cz/zdroj/datové-sady/00020699/c9ca577ef3cde76e1dae847633127bd6/distribuce/16278d996f2476df6def6e295ad25515/podmínky-užití)",1,other,fallback_other
"as linked on the portal listing (https://data.gov.cz/zdroj/datové-sady/00020699/9b83ff253ddd0b699ee23f1ac2c0be3f/distribuce/b50ff87dd560763d636c845d61f343b4/podmínky-užití), as linked on the portal listing (https://data.gov.cz/zdroj/datové-sady/00020699/4f414d6880682416a9c33a04f3f25b02/distribuce/eb7d4c4b997553c812ae0dbfe9f8a90f/podmínky-užití), as linked on the portal listing (https://data.gov.cz/zdroj/datové-sady/00020699/524c419af2f37f3ed240cf2e51126450/distribuce/f0a03938eeb2b19c63eaa1b08f7ec9ac/podmínky-užití)",1,other,fallback_other
as linked on the portal listing (https://data.gov.cz/zdroj/datové-sady/00020711/44df80c89b568d03def2ab953ceb023d/distribuce/5fa4a1d39831e56559f4d576525b8072/podmínky-užití),1,other,fallback_other
"as linked on the portal listing (https://data.gov.cz/zdroj/datové-sady/00020711/645c19635fce959059d27a8f6c784bce/distribuce/8998b63ec2b499dcf033de0dbc095b8e/podmínky-užití), as linked on the portal listing (https://data.gov.cz/zdroj/datové-sady/00020711/4b1accb2671ee1daa176914efe7678a3/distribuce/d4113148fff149a18d5d0bf72d2ea0a3/podmínky-užití), as linked on the portal listing (https://data.gov.cz/zdroj/datové-sady/00020711/29a28ed79368c6ce87a0b5bfef453c59/distribuce/ac8d68499b8cd0254eb2b9326853ccc1/podmínky-užití)",1,other,fallback_other
as linked on the portal listing (https://data.gov.cz/zdroj/datové-sady/00024341/1f43e925279ada069c036a1f0f95478d/distribuce/a857979201e7b34660cec4fe23de16dd/podmínky-užití),1,other,fallback_other
as linked on the portal listing (https://data.gov.cz/zdroj/datové-sady/00025593/0e8668552e05bff1045273e948519b1c/distribuce/9be561e44c2ec5dd38e9a2b9e760645a/podmínky-užití),1,other,fallback_other
as linked on the portal listing (https://data.gov.cz/zdroj/datové-sady/00025593/17f49a0a88004d68063b1caa2ad8bae4/distribuce/540b2854d8c9dd362c141e06c92ff111/podmínky-užití),1,other,fallback_other
"as linked on the portal listing (https://data.gov.cz/zdroj/datové-sady/00025593/393afa2cb0256334a5c2e975d83f9e0f/distribuce/605b334b9949f1894aadda34288ba00c/podmínky-užití), as linked on the portal listing (https://data.gov.cz/zdroj/datové-sady/00025593/b772c405df08bac8d5bb48dfc1af22ef/distribuce/118f4eaa9499639ee3f89570ce6e61d8/podmínky-užití), as linked on the portal listing (https://data.gov.cz/zdroj/datové-sady/00025593/1b8bcaed7e56dbc25484bc6130b00e1d/distribuce/971ff5570b73f7557a0053213a3cb1e2/podmínky-užití)",1,other,fallback_other
as linked on the portal listing (https://data.gov.cz/zdroj/datové-sady/00025593/66a01ddae70ccd0809134744c60ce3f8/distribuce/7ca694c894256d3c050d06694ab9fc4a/podmínky-užití),1,other,fallback_other
as linked on the portal listing (https://data.gov.cz/zdroj/datové-sady/00025593/9e3ea11a727beec9039cd49c61a9b324/distribuce/0b7bc5585ceb6c5061d82418346a7b1f/podmínky-užití),1,other,fallback_other
as linked on the portal listing (https://data.gov.cz/zdroj/datové-sady/00025593/b5805a0aa7cb30ca5c0a43a20b397c15/distribuce/47d0cc4bbd5cbdf96d6dcd0f3139ee1e/podmínky-užití),1,other,fallback_other
"as linked on the portal listing (https://data.gov.cz/zdroj/datové-sady/00025593/c08bb75be3900034e138266ffa44d964/distribuce/7e0908727a6bbd467f7521008745f91a/podmínky-užití), as linked on the portal listing (https://data.gov.cz/zdroj/datové-sady/00025593/4a1a63810638ce66e67735be8836d52c/distribuce/a0d54d653136386a9c03924d3aa0b2e3/podmínky-užití), as linked on the portal listing (https://data.gov.cz/zdroj/datové-sady/00025593/13004c2da2cb994b5090f6764f16fc71/distribuce/5b4bea669956dadf78c3f0f846179ac0/podmínky-užití)",1,other,fallback_other
"as linked on the portal listing (https://data.gov.cz/zdroj/datové-sady/00025712/7956d1508528e7350c421dc4a5d7a831/distribuce/1405cd3c0d19ba3c5970981b3e8e3445/podmínky-užití), as linked on the portal listing (https://data.gov.cz/zdroj/datové-sady/00025712/766ce20dec77c763b5de49b4d442af22/distribuce/085c8892670af2ff67c7817b565d0118/podmínky-užití), as linked on the portal listing (https://data.gov.cz/zdroj/datové-sady/00025712/281421718b2828ac4f99a8cd75132655/distribuce/b5b8c64387ee7c8f6a323e5894e8e08d/podmínky-užití)",1,other,fallback_other
"as linked on the portal listing (https://data.gov.cz/zdroj/datové-sady/00025712/efa9396b2cbf78d05baad5167c76e326/distribuce/89c222ab41a6b12e3482dbf35b17e2ad/podmínky-užití), as linked on the portal listing (https://data.gov.cz/zdroj/datové-sady/00025712/f46ada3491a6bb5a14e0249998783b8d/distribuce/19bb8198e636e2b0c0a17df7b882e1fd/podmínky-užití), as linked on the portal listing (https://data.gov.cz/zdroj/datové-sady/00025712/e8fe63da672cd776c9cf3bf2ba25e727/distribuce/c0e1d244b92647c9ba3c897f5f36ee4b/podmínky-užití)",1,other,fallback_other
as linked on the portal listing (https://data.gov.cz/zdroj/datové-sady/00025798/93fe704de97b37be797cdf531f602ed2/distribuce/582e7ca921ff466f300eac0d12ee160c/podmínky-užití),1,other,fallback_other
as linked on the portal listing (https://data.gov.cz/zdroj/datové-sady/00025798/d5b5b634ca6f7480c971ed82d6696b48/distribuce/08912492e0cb8ee20d9fdb404d1f0278/podmínky-užití),1,other,fallback_other
"as linked on the portal listing (https://data.gov.cz/zdroj/datové-sady/00075370/05cd91577a4b867c5ec9281d96d2e83f/distribuce/fccaf9bf6b05afc693666ffbc87730a6/podmínky-užití), as linked on the portal listing (https://data.gov.cz/zdroj/datové-sady/00075370/18cfeafd5a854f63cce3dd80576ea577/distribuce/939e51e054fc29c57460113479a8d83b/podmínky-užití), as linked on the portal listing (https://data.gov.cz/zdroj/datové-sady/00075370/915b65834d4a3aef22debc113018f2b4/distribuce/5ea6500e79564c3f3ff88332a22748e1/podmínky-užití)",1,other,fallback_other
as linked on the portal listing (https://data.gov.cz/zdroj/datové-sady/00075370/110678eccfe5166d1ecac0162480dfa0/distribuce/36b725e5a4d8ef5df3bf97fca0ecc5f9/podmínky-užití),1,other,fallback_other
as linked on the portal listing (https://data.gov.cz/zdroj/datové-sady/00075370/67d0584e6d4fc640975718d83f1314fc/distribuce/d55d451e09b78d0533724b46989aaf5b/podmínky-užití),1,other,fallback_other
as linked on the portal listing (https://data.gov.cz/zdroj/datové-sady/00075370/88ee74ab289e4ecec9fdc2f8fd37ee85/distribuce/14494b0f324ddb4aac4004b533c1e772/podmínky-užití),1,other,fallback_other
as linked on the portal listing (https://data.gov.cz/zdroj/datové-sady/00075370/aa9440be1d10513128f18de89cd28391/distribuce/5211f413160aae53d6926967e47c3c74/podmínky-užití),1,other,fallback_other
as linked on the portal listing (https://data.gov.cz/zdroj/datové-sady/00075370/cd09094e555d203b3ae11ba658f38baa/distribuce/fa361ba46a92d8820d7b6c6ecf21e5c3/podmínky-užití),1,other,fallback_other
"as linked on the portal listing (https://data.gov.cz/zdroj/datové-sady/00075370/e43c0b20c1a573a83d368e3e2098b1a0/distribuce/a312f2bfa11c61576bbb66f1d9ba8f27/podmínky-užití), as linked on the portal listing (https://data.gov.cz/zdroj/datové-sady/00075370/90efd238a53653872762fa4cd2f1db20/distribuce/7c4c03e1d07a14f39923e7e6dcd9938a/podmínky-užití), as linked on the portal listing (https://data.gov.cz/zdroj/datové-sady/00075370/669396148f94af7ffaca8d642856c07d/distribuce/1649b9ce7b2bec145f78576d405addf8/podmínky-užití)",1,other,fallback_other
as linked on the portal listing (https://data.gov.cz/zdroj/datové-sady/00075370/fe9f4154c8573c1c8a457ecbc0f7542b/distribuce/a7a608f5c2cb85b86971f43fdafa4395/podmínky-užití),1,other,fallback_other
as linked on the portal listing (https://data.gov.cz/zdroj/datové-sady/00164801/0ee8cde8f20b4dc1a5b3e5c01e9b0b8f/distribuce/a010acad36ed25e71be4dfb4746d7bd1/podmínky-užití),1,other,fallback_other
"as linked on the portal listing (https://data.gov.cz/zdroj/datové-sady/00164801/532bca6c020f5d4aa317dca9f6bab985/distribuce/118fb1347368f5da36cb7b96948cd6f9/podmínky-užití), as linked on the portal listing (https://data.gov.cz/zdroj/datové-sady/00164801/178f3321c1dcfe2ffef4ec8e68a9415c/distribuce/fab6b836d4e07ba02b9daec06bc73a72/podmínky-užití), as linked on the portal listing (https://data.gov.cz/zdroj/datové-sady/00164801/200ced426d8104b459dca99f2715732a/distribuce/b0425ca6e8aa7e2dd352bc60a6495255/podmínky-užití)",1,other,fallback_other
as linked on the portal listing (https://data.gov.cz/zdroj/datové-sady/00164801/84d9acd57406857e78ab1dd5a334745b/distribuce/aca44b3dd0f7793f303ee3db1ddbe7fb/podmínky-užití),1,other,fallback_other
as linked on the portal listing (https://data.gov.cz/zdroj/datové-sady/00164801/b12daed837172fa07a4cda0a25c54fa5/distribuce/8d8e93f6199f1e4648bebfe844ab85ba/podmínky-užití),1,other,fallback_other
"as linked on the portal listing (https://data.gov.cz/zdroj/datové-sady/00164801/fe4a204f1a61ff31e21dcbdc430e54e3/distribuce/5199eff4c2d550841149e21f1e2ef482/podmínky-užití), as linked on the portal listing (https://data.gov.cz/zdroj/datové-sady/00164801/1cd816d2d87f4289249143ee25881a12/distribuce/ec57c918e1ec797079cc52d242604875/podmínky-užití), as linked on the portal listing (https://data.gov.cz/zdroj/datové-sady/00164801/9886e5478f5915240969aa0eaa15baed/distribuce/270570ac5fc75347c019895eb699a5bd/podmínky-užití)",1,other,fallback_other
as linked on the portal listing (https://data.gov.cz/zdroj/datové-sady/00231151/73e855ea1d81b87ac451b423bc480afc/distribuce/4b794ef49ab6cdd6515d6b16dcfa65ba/podmínky-užití),1,other,fallback_other
as linked on the portal listing (https://data.gov.cz/zdroj/datové-sady/00261238/2d719f3f521cc95670084d5f8d347289/distribuce/a556c099abf5dfd404a721762a598447/podmínky-užití),1,other,fallback_other
as linked on the portal listing (https://data.gov.cz/zdroj/datové-sady/00261238/58b5642c63818c1ef22b0a25b8c1535d/distribuce/ef085b4173facea43c3ca2b8a5ed4191/podmínky-užití),1,other,fallback_other
"as linked on the portal listing (https://data.gov.cz/zdroj/datové-sady/00266094/834b71047b347599294f8fa168be8b3e/distribuce/54ebf54309935131f2f925882f17428d/podmínky-užití), as linked on the portal listing (https://data.gov.cz/zdroj/datové-sady/00266094/cb8e0f38c291f06df142f82d004c9c0e/distribuce/960e945558665cd3f3e8df0f2995ae06/podmínky-užití), as linked on the portal listing (https://data.gov.cz/zdroj/datové-sady/00266094/265e5d4e56331b38098232d00d7e0842/distribuce/173366fcb68ec7c3c270923a4fccf03e/podmínky-užití)",1,other,fallback_other
as linked on the portal listing (https://data.gov.cz/zdroj/datové-sady/00266094/b3620750d5d5d61a81b28fef788e8655/distribuce/12ab9854ce2e3004171cdeaf6515c062/podmínky-užití),1,other,fallback_other
as linked on the portal listing (https://data.gov.cz/zdroj/datové-sady/00266094/d1d2918299ad3c906f31caed3faffdbd/distribuce/550d0a278df883f564ba8265f484b31f/podmínky-užití),1,other,fallback_other
as linked on the portal listing (https://data.gov.cz/zdroj/datové-sady/00266094/de4ba6a0ef4db1d074a9d719a45332a0/distribuce/aea0f84ad30fe8add8f5ad8e80ab6d3a/podmínky-užití),1,other,fallback_other
"as linked on the portal listing (https://data.gov.cz/zdroj/datové-sady/00266094/f433402cf6413cf59e77f4a2a5ed56da/distribuce/6bf99af57b6393e230e14e2dedc09069/podmínky-užití), as linked on the portal listing (https://data.gov.cz/zdroj/datové-sady/00266094/cc18af56dbfab9b259bb88f149a275ee/distribuce/18ef13d258c07c801a06725d81e24264/podmínky-užití), as linked on the portal listing (https://data.gov.cz/zdroj/datové-sady/00266094/4b5e59e6d806cd093dca700daefc13bc/distribuce/fd316e5c4670f0437a734511a0f52e65/podmínky-užití)",1,other,fallback_other
"as linked on the portal listing (https://data.gov.cz/zdroj/datové-sady/00286010/46ebdf6ed0b1bc6b5cc62075e476b55c/distribuce/57a96bed8238e78ce56b4cb87d387eef/podmínky-užití), as linked on the portal listing (https://data.gov.cz/zdroj/datové-sady/00286010/e639a76bd86c19790bbf67bfa4547cb0/distribuce/fe7febe2714595338bf1c83efba5db60/podmínky-užití), as linked on the portal listing (https://data.gov.cz/zdroj/datové-sady/00286010/36405d9cd645b4bf6ecb798bc31523a2/distribuce/21fe7a48a318df31e2afe5bf89a31f38/podmínky-užití)",1,other,fallback_other
as linked on the portal listing (https://data.gov.cz/zdroj/datové-sady/00286010/88cb8fa85003d3451a7bb23e8e192355/distribuce/748b4b609a830352507a981cbd89b86f/podmínky-užití),1,other,fallback_other
as linked on the portal listing (https://data.gov.cz/zdroj/datové-sady/00286010/e20f2e099370e48ab31282898e8ad134/distribuce/d6b2d1d004b48bd24b4b62a234d64623/podmínky-užití),1,other,fallback_other
as linked on the portal listing (https://data.gov.cz/zdroj/datové-sady/00297569/3386358/distribuce/98d863604cb697fc4cf12cf295493d91/podmínky-užití),1,other,fallback_other
"as linked on the portal listing (https://data.gov.cz/zdroj/datové-sady/00845451/62f4a9929541e06cd1d4ce2bee9c53cf/distribuce/5e3ccfce9438baec49072e8a9f80be53/podmínky-užití), as linked on the portal listing (https://data.gov.cz/zdroj/datové-sady/00845451/54c06727152b2af5012a5aad17a061c8/distribuce/752bccab9e2d116700f6609b939bfd03/podmínky-užití), as linked on the portal listing (https://data.gov.cz/zdroj/datové-sady/00845451/ec7d5cd3e27edb284cee62ac593473d1/distribuce/7864aba45f274c8d2d65b4babd2d6608/podmínky-užití)",1,other,fallback_other
"as linked on the portal listing (https://data.gov.cz/zdroj/datové-sady/00845451/648a6ab259ed69305334475cc742bef1/distribuce/b5091339ed5675600fe6415d5f75d79a/podmínky-užití), as linked on the portal listing (https://data.gov.cz/zdroj/datové-sady/00845451/2fc31be622f07a30a7eda1dd9540cd32/distribuce/3e0af243c0f680a49be0d9b3ff002381/podmínky-užití), as linked on the portal listing (https://data.gov.cz/zdroj/datové-sady/00845451/451bc91949c020803e9908c5e2df815a/distribuce/4d3a1aabc6c68fcacd2d7960b1af812c/podmínky-užití)",1,other,fallback_other
as linked on the portal listing (https://data.gov.cz/zdroj/datové-sady/00845451/a6d69626bceefb9c2089445e2034ccc4/distribuce/fbcf6de8ac866f90f60653d308afe584/podmínky-užití),1,other,fallback_other
as linked on the portal listing (https://data.gov.cz/zdroj/datové-sady/00845451/d861c268589f220f99631f14ce1c6c03/distribuce/f8e2b377e26aba370cd0461b08ae3501/podmínky-užití),1,other,fallback_other
"as linked on the portal listing (https://data.gov.cz/zdroj/datové-sady/01312774/1012423364/distribuce/76c9566d968044d6fe4bd021a870f173/podmínky-užití), as linked on the portal listing (https://data.gov.cz/zdroj/datové-sady/01312774/1012455745/distribuce/216265a0796e5d69a5a60a54fd3e4434/podmínky-užití), as linked on the portal listing (https://data.gov.cz/zdroj/datové-sady/01312774/1012456012/distribuce/8e678ce4d0c70872c9825ac5fb127a18/podmínky-užití)",1,other,fallback_other
as linked on the portal listing (https://data.gov.cz/zdroj/datové-sady/02795281/aa0b890bebd82460f6dde1d21a0dcb45/distribuce/b77875b9586cd8a509b2c46ba2e8dcd7/podmínky-užití),1,other,fallback_other
as linked on the portal listing (https://data.gov.cz/zdroj/datové-sady/02795281/b1c05f312aa267592ae32d785002529f/distribuce/21ac28177024a5bebde0d6ee6e0ff361/podmínky-užití),1,other,fallback_other
as linked on the portal listing (https://data.gov.cz/zdroj/datové-sady/17651921/15d7eb43074e8821080aa849344084c2/distribuce/dbda014af4a1e3e65e36c33ba2de9fdd/podmínky-užití),1,other,fallback_other
as linked on the portal listing (https://data.gov.cz/zdroj/datové-sady/17651921/911a0faf12d4a02726dad49b3423cab8/distribuce/f593ed0c8e2000c516e9939e4ae9b22a/podmínky-užití),1,other,fallback_other
as linked on the portal listing (https://data.gov.cz/zdroj/datové-sady/17651921/9c5d32dc5824837f2175d43fba8d688b/distribuce/9e5b57e1d1a6098a236913bc23190de9/podmínky-užití),1,other,fallback_other
as linked on the portal listing (https://data.gov.cz/zdroj/datové-sady/17651921/c6f0f3d722fc4e66013e30806d50f1e2/distribuce/ddd938374e157919852ff1ed804115f3/podmínky-užití),1,other,fallback_other
as linked on the portal listing (https://data.gov.cz/zdroj/datové-sady/17651921/cec9281bffa89e89df25ded92941df62/distribuce/e870382b07b59fab60b26d3b84c224f5/podmínky-užití),1,other,fallback_other
as linked on the portal listing (https://data.gov.cz/zdroj/datové-sady/17651921/d049c59995cd9ecbdd5a529cbe7b0988/distribuce/24c43e9b5f16f791496d2b6aa4982808/podmínky-užití),1,other,fallback_other
as linked on the portal listing (https://data.gov.cz/zdroj/datové-sady/25656635/2d60e233a11b8d38a3fd97107e151b2f/distribuce/cddae237e72d40bbb82d26958475eece/podmínky-užití),1,other,fallback_other
as linked on the portal listing (https://data.gov.cz/zdroj/datové-sady/44992785/0d6f1518d017cc26385f1f9c4bc36342/distribuce/adf23f5c1db2a5df4a6b6107d8f537fd/podmínky-užití),1,other,fallback_other
as linked on the portal listing (https://data.gov.cz/zdroj/datové-sady/44992785/11a5534404705afaf48faf3c64217ed6/distribuce/ecd5c97bcc413ebc11ff936a94e2fb22/podmínky-užití),1,other,fallback_other
as linked on the portal listing (https://data.gov.cz/zdroj/datové-sady/44992785/684e1752b88146365775fba89408e191/distribuce/b4b8cdae469c9428a92d33c894bec2c2/podmínky-užití),1,other,fallback_other
"as linked on the portal listing (https://data.gov.cz/zdroj/datové-sady/44992785/a76b600bb6ec96ecf35262c4f8b3e237/distribuce/f83907f145ada35f81f9f28601883360/podmínky-užití), as linked on the portal listing (https://data.gov.cz/zdroj/datové-sady/44992785/cad950e439ae83e95c7c614a79cd1dce/distribuce/17ddc3dc04b4ab17882fba8221916546/podmínky-užití), as linked on the portal listing (https://data.gov.cz/zdroj/datové-sady/44992785/164662ee36643dcf6dd72e1ecb2e4eae/distribuce/28ff3d3d7868fcdfbb08b47f9b7c6c7b/podmínky-užití)",1,other,fallback_other
"as linked on the portal listing (https://data.gov.cz/zdroj/datové-sady/44992785/af97ea2dc1809cca2b9fee617cebaacb/distribuce/b19233ff2f734ac9a79f8256e95cd1e5/podmínky-užití), as linked on the portal listing (https://data.gov.cz/zdroj/datové-sady/44992785/1951a9f50a66d381d1fd380e25d5e381/distribuce/34b60bcf52534c677f525ca492fca170/podmínky-užití), as linked on the portal listing (https://data.gov.cz/zdroj/datové-sady/44992785/a0f91e291e42038c6d598fe2738222b6/distribuce/397cc5ab04a62d2dee975dbcc3ab3874/podmínky-užití)",1,other,fallback_other
as linked on the portal listing (https://data.gov.cz/zdroj/datové-sady/44992785/f3a3e419a7d4af3123ecee9eb7aa404b/distribuce/a14afc0b7483b8e3422c9e6f9aaeb86e/podmínky-užití),1,other,fallback_other
as linked on the portal listing (https://data.gov.cz/zdroj/datové-sady/45249130/006f5397bc56f8f83b65ed5c5a489e4d/distribuce/89e881b4ee9daaf8879cf6b5d65dfaca/podmínky-užití),1,other,fallback_other
as linked on the portal listing (https://data.gov.cz/zdroj/datové-sady/45249130/355a87a6fa0d4e2084c8faad77948452/distribuce/95a3129fc6db03b80d1e1f17f4c977f0/podmínky-užití),1,other,fallback_other
as linked on the portal listing (https://data.gov.cz/zdroj/datové-sady/45249130/86b5332110f9bb78088cf35de4f8b453/distribuce/0ae5539496b24f4f8303d9d738c6c752/podmínky-užití),1,other,fallback_other
as linked on the portal listing (https://data.gov.cz/zdroj/datové-sady/45249130/ad8d588563195f7e43e339dc995e50e2/distribuce/6281cd56e4c682ebd81f53bd504e7f89/podmínky-užití),1,other,fallback_other
as linked on the portal listing (https://data.gov.cz/zdroj/datové-sady/47609109/1771101940/distribuce/53f4b322415aa38a5eb43fefe476a1a6/podmínky-užití),1,other,fallback_other
as linked on the portal listing (https://data.gov.cz/zdroj/datové-sady/49370227/945151918/distribuce/2488bbd4235bda3bde4b5fafad0744d7/podmínky-užití),1,other,fallback_other
as linked on the portal listing (https://data.gov.cz/zdroj/datové-sady/49370227/945152271/distribuce/65737af8c3c87602cf68b1d18683d0f6/podmínky-užití),1,other,fallback_other
as linked on the portal listing (https://data.gov.cz/zdroj/datové-sady/60437359/b1cfab140bb42c068906fd5364113110/distribuce/d8243eaaacc6be75e3d88522aaec805b/podmínky-užití),1,other,fallback_other
"as linked on the portal listing (https://data.gov.cz/zdroj/datové-sady/60609460/2f45d1af07f3b3b6b2ecb3cc7e28855b/distribuce/c9787fa0f13393fc7ef5d8816c9724d0/podmínky-užití), as linked on the portal listing (https://data.gov.cz/zdroj/datové-sady/60609460/bc5b2ae368e826f00c09c01d6a58e0a7/distribuce/4835308c43da4860fb51d799bd4198fc/podmínky-užití), as linked on the portal listing (https://data.gov.cz/zdroj/datové-sady/60609460/0ea41e25d44f6080618224ce0af84517/distribuce/8adbdd64369d6d244de1064d2eee1d16/podmínky-užití)",1,other,fallback_other
as linked on the portal listing (https://data.gov.cz/zdroj/datové-sady/60609460/6ec86124435784f0b310e18599832e6d/distribuce/c608517c6b71098c21815afc50b51669/podmínky-užití),1,other,fallback_other
as linked on the portal listing (https://data.gov.cz/zdroj/datové-sady/60609460/f0a4cb88d6b6f524c4d76e18d4d641bd/distribuce/b007cde5d9735b5719290ca757ac0019/podmínky-užití),1,other,fallback_other
as linked on the portal listing (https://data.gov.cz/zdroj/datové-sady/65993390/1087749998/distribuce/00fb1ff96754614aafa24ec5e2f68bea/podmínky-užití),1,other,fallback_other
as linked on the portal listing (https://data.gov.cz/zdroj/datové-sady/66002222/f1be027eec446444e212951247d954a6/distribuce/a4bbb9c3e20036302770dadf0571b2a6/podmínky-užití),1,other,fallback_other
"as linked on the portal listing (https://data.gov.cz/zdroj/datové-sady/66003008/1224193761/distribuce/7d3d969131ea46102c7dff7440fdb94f/podmínky-užití), as linked on the portal listing (https://data.gov.cz/zdroj/datové-sady/66003008/701563102/distribuce/637b6cddeb3582d314c0155c8f97c179/podmínky-užití), as linked on the portal listing (https://data.gov.cz/zdroj/datové-sady/66003008/701562974/distribuce/50ad252b2ea4ed175c5aaae6cf7243db/podmínky-užití)",1,other,fallback_other
"as linked on the portal listing (https://data.gov.cz/zdroj/datové-sady/66003008/1463646434/distribuce/9562558aa9e8103dff8810060d315661/podmínky-užití), as linked on the portal listing (https://data.gov.cz/zdroj/datové-sady/66003008/1463646398/distribuce/c2093d9c7946147e718b1b7b3207f42b/podmínky-užití), as linked on the portal listing (https://data.gov.cz/zdroj/datové-sady/66003008/1224193757/distribuce/4fee330f66e73568211a0d37290ea987/podmínky-užití)",1,other,fallback_other
as linked on the portal listing (https://data.gov.cz/zdroj/datové-sady/70106975/42d1bdd90436d3cb1c1a2289608f2537/distribuce/6bfb66450d2474b99506ba1afbdd5393/podmínky-užití),1,other,fallback_other
"as linked on the portal listing (https://data.gov.cz/zdroj/datové-sady/70106975/530c60fd7322cdcd72704fa30405b237/distribuce/3bb9d35053ee780b95e74227fd9a4508/podmínky-užití), as linked on the portal listing (https://data.gov.cz/zdroj/datové-sady/70106975/06c671977881b5eba75b204216025c50/distribuce/2ec23c7bf12ed0df03cf1bf3faebd77c/podmínky-užití), as linked on the portal listing (https://data.gov.cz/zdroj/datové-sady/70106975/c8257717fdf179deab7fa169dd742800/distribuce/fd2280f79e30fa3ba8bb7f74c4ddf72c/podmínky-užití)",1,other,fallback_other
"as linked on the portal listing (https://data.gov.cz/zdroj/datové-sady/70106975/adf21f2641511898f6fb7e6e80bcf91f/distribuce/45d294f8a0f57b133f676b95585db138/podmínky-užití), as linked on the portal listing (https://data.gov.cz/zdroj/datové-sady/70106975/e5454e33fed346135b126a6a571091e9/distribuce/569c3c14346bf9881636aec04404711a/podmínky-užití), as linked on the portal listing (https://data.gov.cz/zdroj/datové-sady/70106975/f16e1a17cc23e5d176aaa41e189e2788/distribuce/6aa5b738987a461660828712cb5fa5ef/podmínky-užití)",1,other,fallback_other
"as linked on the portal listing (https://data.gov.cz/zdroj/datové-sady/70856508/1684867170/distribuce/0967ac9c2c105f6dee2a2892b15be0c9/podmínky-užití), as linked on the portal listing (https://data.gov.cz/zdroj/datové-sady/70856508/1684866998/distribuce/cdbc3650398e5b3c87a41d9c2d2d7e4a/podmínky-užití), as linked on the portal listing (https://data.gov.cz/zdroj/datové-sady/70856508/1617983839/distribuce/7e70a230a290e9f2792abfa5eae8dd20/podmínky-užití)",1,other,fallback_other
"as linked on the portal listing (https://data.gov.cz/zdroj/datové-sady/70883858/51b5ec96d0e0c9845419e84ce895f557/distribuce/a3329c68a34d360ef3312ed9b7c626f5/podmínky-užití), as linked on the portal listing (https://data.gov.cz/zdroj/datové-sady/70883858/0ec3e7cd0666c24dcb874662c4ba2102/distribuce/87208a25049f7e040aaf5aa263ab769a/podmínky-užití), as linked on the portal listing (https://data.gov.cz/zdroj/datové-sady/70883858/f6259323d72849ca95885336c9ea116b/distribuce/5abf4f0a22cc343cb0ec39bdf5f6ab80/podmínky-užití)",1,other,fallback_other
"as linked on the portal listing (https://data.gov.cz/zdroj/datové-sady/70883858/9a8782843c2607f837f4567e47b37413/distribuce/68b4934adb8132f78d2d9a18cdfded5a/podmínky-užití), as linked on the portal listing (https://data.gov.cz/zdroj/datové-sady/70883858/61eb1c6d7efebe0eac91340c5e22e6d8/distribuce/418797e80ec8eeba02c3c90c950fecac/podmínky-užití), as linked on the portal listing (https://data.gov.cz/zdroj/datové-sady/70883858/9352b87581e1979fa15a949ba3523599/distribuce/cabb8bee97317650e392ddc7bf1ce84c/podmínky-užití)",1,other,fallback_other
as linked on the portal listing (https://data.gov.cz/zdroj/datové-sady/70888337/678042801/distribuce/b664a16647b6877c99a7131b64974727/podmínky-užití),1,other,fallback_other
as linked on the portal listing (https://data.gov.cz/zdroj/datové-sady/70888337/678042803/distribuce/8b8d5d342d3156fd0f41e15458230347/podmínky-užití),1,other,fallback_other
as linked on the portal listing (https://data.gov.cz/zdroj/datové-sady/70888337/678046544/distribuce/32da936ac91240ffc925a5a91ab1ce79/podmínky-užití),1,other,fallback_other
"as linked on the portal listing (https://data.gov.cz/zdroj/datové-sady/70889546/03939ef65c016d2aa5a7564bec7b6abb/distribuce/d695d38485fefee54ff800d55614e127/podmínky-užití), as linked on the portal listing (https://data.gov.cz/zdroj/datové-sady/70889546/5d77da5661da83142c577b45e9500869/distribuce/697bed732ee2439375d96a0599f55c96/podmínky-užití), as linked on the portal listing (https://data.gov.cz/zdroj/datové-sady/70889546/f79b4f667befe89cb89757cba23e9948/distribuce/8672e965c95b4518c367c35e59933120/podmínky-užití)",1,other,fallback_other
as linked on the portal listing (https://data.gov.cz/zdroj/datové-sady/70889546/05c03b1b313579b165a33bdf5844a6ca/distribuce/416d5053b703d22b33037f04249b7411/podmínky-užití),1,other,fallback_other
"as linked on the portal listing (https://data.gov.cz/zdroj/datové-sady/70889546/44390a4a338c2aa536d87678109ae5ec/distribuce/966b055fd9f28c35c46990ad9777c661/podmínky-užití), as linked on the portal listing (https://data.gov.cz/zdroj/datové-sady/70889546/030a2cf82a942ecdee8ca5d0ee9e4db3/distribuce/dc0f20b7077650f762936dfd55b6b994/podmínky-užití), as linked on the portal listing (https://data.gov.cz/zdroj/datové-sady/70889546/f699c90746cb3c0ae7ca754a1f48b7c3/distribuce/d3b9a3d65f222073a26daa41e4c156ca/podmínky-užití)",1,other,fallback_other
as linked on the portal listing (https://data.gov.cz/zdroj/datové-sady/70889546/6d065bf0aad09b7430e55705b3249aeb/distribuce/86f0fabc91809605c8cf0b750e696da4/podmínky-užití),1,other,fallback_other
"as linked on the portal listing (https://data.gov.cz/zdroj/datové-sady/70889546/c1e9b761a60d66f11ad10147db373dd0/distribuce/355b71017d9780bab8beae6adc4923ea/podmínky-užití), as linked on the portal listing (https://data.gov.cz/zdroj/datové-sady/70889546/fd433e2ded5c585e2402bc57546ed990/distribuce/3a2af6c737a79c08ffbf3043fc468502/podmínky-užití), as linked on the portal listing (https://data.gov.cz/zdroj/datové-sady/70889546/864672f446a3390910c25d5f080cb3cc/distribuce/3a38c2906fe918a2ea7fe0bde4180b17/podmínky-užití)",1,other,fallback_other
"as linked on the portal listing (https://data.gov.cz/zdroj/datové-sady/70889546/ff43fb256a859b839e8e2407b38e2bb8/distribuce/68c1ea62ea118e7f57d4ae46efc84e34/podmínky-užití), as linked on the portal listing (https://data.gov.cz/zdroj/datové-sady/70889546/0aaba0af2c16c7124b7626be43d580da/distribuce/d023a05c5951f1977de019b335b390af/podmínky-užití), as linked on the portal listing (https://data.gov.cz/zdroj/datové-sady/70889546/aca99a565e69dd32c7cbe58ff5614a5b/distribuce/d84530da87ad2cc4cfe70e0def19b158/podmínky-užití)",1,other,fallback_other
as linked on the portal listing (https://data.gov.cz/zdroj/datové-sady/70890366/682179464/distribuce/7707f354153543cded27bc48dedf4a2d/podmínky-užití),1,other,fallback_other
as linked on the portal listing (https://data.gov.cz/zdroj/datové-sady/70890650/227359046/distribuce/28315173cdd1ea983b0c3ef0d7ba9773/podmínky-užití),1,other,fallback_other
"as linked on the portal listing (https://data.gov.cz/zdroj/datové-sady/70890650/b87ee627321ebbe3afe19ca8ad47916c/distribuce/bd157441b82ea8eec80c6c4c6fc1729b/podmínky-užití), as linked on the portal listing (https://data.gov.cz/zdroj/datové-sady/70890650/3336800cdde7b6a6b362fa38affe1387/distribuce/e76f87a304d7826f8d38521fb9876bf1/podmínky-užití), as linked on the portal listing (https://data.gov.cz/zdroj/datové-sady/70890650/b1923f6dfc0c8f50f7ee9bf1f27c7679/distribuce/60e53b2b2e6968c590de1a6c30ca6797/podmínky-užití)",1,other,fallback_other
"as linked on the portal listing (https://data.gov.cz/zdroj/datové-sady/70890650/ee2cb18a14b85644c7718aad8eb057ba/distribuce/b1face78055acafea6b0f20b5b65c221/podmínky-užití), as linked on the portal listing (https://data.gov.cz/zdroj/datové-sady/70890650/e3bed18b9c2f4e6115e060a17c73eaaa/distribuce/2ddca76b9c39fba4d49f69c07e6cd691/podmínky-užití), as linked on the portal listing (https://data.gov.cz/zdroj/datové-sady/70890650/279eeb67b431235657ecdf398b0ec2c5/distribuce/f6da2262967fb825941fc243bd416df8/podmínky-užití)",1,other,fallback_other
"as linked on the portal listing (https://data.gov.cz/zdroj/datové-sady/70890692/13a9d4115f56cd383bac48e36dbcc2a1/distribuce/37ef507971ac1099b25c33f7546fe832/podmínky-užití), as linked on the portal listing (https://data.gov.cz/zdroj/datové-sady/70890692/b6fe725f789d8667444a9ed817c3a839/distribuce/b8793ada88476133689b34bbf8ae1c25/podmínky-užití), as linked on the portal listing (https://data.gov.cz/zdroj/datové-sady/70890692/44a91195a41aaf50c09c4a255284edbb/distribuce/72ada3fa834b5923a74ef98ec5c9b374/podmínky-užití)",1,other,fallback_other
"as linked on the portal listing (https://data.gov.cz/zdroj/datové-sady/70890749/558766caa54d153a04dd463e815c5d5b/distribuce/3d9ab1194a3dc9097dd1fa0915b36269/podmínky-užití), as linked on the portal listing (https://data.gov.cz/zdroj/datové-sady/70890749/da3911d9bd4c7796201c6f4795c097d4/distribuce/ee934a022e6166e37625991e7ec1f031/podmínky-užití), as linked on the portal listing (https://data.gov.cz/zdroj/datové-sady/70890749/57487bd94a0de3653f6034ea06d5f9f8/distribuce/08533bbd505c9df54424a6e848f537a8/podmínky-užití)",1,other,fallback_other
"as linked on the portal listing (https://data.gov.cz/zdroj/datové-sady/70890749/da34451d0c18f07493770c3bf9085e58/distribuce/17c816a99760dbba7551ae9a8796c8b6/podmínky-užití), as linked on the portal listing (https://data.gov.cz/zdroj/datové-sady/70890749/cf00b4d6ef6dda8b560809b4910026bc/distribuce/a98870905b418274fa0807eab7b462c8/podmínky-užití), as linked on the portal listing (https://data.gov.cz/zdroj/datové-sady/70890749/4b33fd5b455ce51426d69c628db90031/distribuce/ed49bb3fb1347e2b44f888ea64b73574/podmínky-užití)",1,other,fallback_other
"as linked on the portal listing (https://data.gov.cz/zdroj/datové-sady/70890749/da5b87d99e5dcc4e29371ac8e3266556/distribuce/e3dec31a2f46573f138b3589fd6f2e11/podmínky-užití), as linked on the portal listing (https://data.gov.cz/zdroj/datové-sady/70890749/dea3bbf790b891d2a95b9a9ddb94ada5/distribuce/0d61f5d3eb9ec4f43f35dfeeabc7355d/podmínky-užití), as linked on the portal listing (https://data.gov.cz/zdroj/datové-sady/70890749/669b37df14c28a9a0c47d1e7bba9b7c9/distribuce/b941ed64ea643f933f3521aad5b411bd/podmínky-užití)",1,other,fallback_other
as linked on the portal listing (https://data.gov.cz/zdroj/datové-sady/70891095/1739251932/distribuce/a96977781ac5a0fcb730afd7c032feb4/podmínky-užití),1,other,fallback_other
as linked on the portal listing (https://data.gov.cz/zdroj/datové-sady/70891168/d55f9e857d4be6eacec750c2771596c0/distribuce/f7ca1ce808ee8473647157b4868356ad/podmínky-užití),1,other,fallback_other
as linked on the portal listing (https://data.gov.cz/zdroj/datové-sady/70891168/d8a1809eda2ad961cd7cb9cbae0c87e4/distribuce/6fbcd6c5fb748c1e265f0a178119519a/podmínky-užití),1,other,fallback_other
"as linked on the portal listing (https://data.gov.cz/zdroj/datové-sady/70891508/7c52b8e0c60b660d206d719f83e3eb43/distribuce/fa979454f13cd60b4b2685246fe27a73/podmínky-užití), as linked on the portal listing (https://data.gov.cz/zdroj/datové-sady/70891508/1d1873d5745d73c99be009f705c1130f/distribuce/2e37e380251a55cde04decfeb3099768/podmínky-užití), as linked on the portal listing (https://data.gov.cz/zdroj/datové-sady/70891508/0ff6f76bc5ed82003c67223c359f7c76/distribuce/4df1a894efc4fd530a60a06e15ecfb71/podmínky-užití)",1,other,fallback_other
"as linked on the portal listing (https://data.gov.cz/zdroj/datové-sady/70891508/f1a2e9c101d97e8538fedabeedf310c4/distribuce/b177b9f8c2ae2f61f9d3e795775041e6/podmínky-užití), as linked on the portal listing (https://data.gov.cz/zdroj/datové-sady/70891508/77ab080b935ba74dda4f9cefc1a29e33/distribuce/b0b80bf5ab516bd56b4f3f9031bf97d7/podmínky-užití), as linked on the portal listing (https://data.gov.cz/zdroj/datové-sady/70891508/651d1ecf37ece9ac4d6abfaf6a3ce65a/distribuce/efc529c89b03f191c503f198d427fa9c/podmínky-užití)",1,other,fallback_other
as linked on the portal listing (https://data.gov.cz/zdroj/datové-sady/70892156/1fdd8e72bedfc2cf53c322f799937ef3/distribuce/774363d4facde16c554f97b586a83819/podmínky-užití),1,other,fallback_other
as linked on the portal listing (https://data.gov.cz/zdroj/datové-sady/70892156/4baf610f16b0b64976a0ffdd34a9880e/distribuce/d12c56bdf39bc0c1564a282db5ed68f1/podmínky-užití),1,other,fallback_other
"as linked on the portal listing (https://data.gov.cz/zdroj/datové-sady/70894451/1713221783/distribuce/616c9ca2e4e48767f07f795732cb0ef2/podmínky-užití), as linked on the portal listing (https://data.gov.cz/zdroj/datové-sady/70894451/1713221781/distribuce/26315ee27ef8e9c56094434f263c410c/podmínky-užití), as linked on the portal listing (https://data.gov.cz/zdroj/datové-sady/70894451/1713221860/distribuce/ec82afee3a647162b9f5b472b2fb4f43/podmínky-užití)",1,other,fallback_other
as linked on the portal listing (https://data.gov.cz/zdroj/datové-sady/inventární-seznam/agendy/A1181/subjekty-a-objekty-údajů/1181-1/distribuce/1/podmínky-užití),1,other,fallback_other
"as linked on the portal listing (https://data.gov.cz/zdroj/datové-sady/inventární-seznam/agendy/A1181/subjekty-a-objekty-údajů/1181-10/distribuce/1/podmínky-užití), as linked on the portal listing (https://data.gov.cz/zdroj/datové-sady/inventární-seznam/agendy/A1042/subjekty-a-objekty-údajů/1042-1/distribuce/1/podmínky-užití), as linked on the portal listing (https://data.gov.cz/zdroj/datové-sady/inventární-seznam/agendy/A1042/subjekty-a-objekty-údajů/1042-11/distribuce/1/podmínky-užití)",1,other,fallback_other
as linked on the portal listing (https://data.gov.cz/zdroj/datové-sady/inventární-seznam/agendy/A1181/subjekty-a-objekty-údajů/1181-16/distribuce/1/podmínky-užití),1,other,fallback_other
as linked on the portal listing (https://data.gov.cz/zdroj/datové-sady/inventární-seznam/agendy/A124/subjekty-a-objekty-údajů/124-15/distribuce/1/podmínky-užití),1,other,fallback_other
"as linked on the portal listing (https://data.gov.cz/zdroj/datové-sady/inventární-seznam/agendy/A684/subjekty-a-objekty-údajů/684-102/distribuce/1/podmínky-užití), as linked on the portal listing (https://data.gov.cz/zdroj/datové-sady/inventární-seznam/agendy/A684/subjekty-a-objekty-údajů/684-124/distribuce/1/podmínky-užití), as linked on the portal listing (https://data.gov.cz/zdroj/datové-sady/inventární-seznam/agendy/A684/subjekty-a-objekty-údajů/684-150/distribuce/1/podmínky-užití)",1,other,fallback_other
"as linked on the portal listing (https://data.gov.cz/zdroj/datové-sady/inventární-seznam/agendy/A684/subjekty-a-objekty-údajů/684-153/distribuce/1/podmínky-užití), as linked on the portal listing (https://data.gov.cz/zdroj/datové-sady/inventární-seznam/agendy/A1181/subjekty-a-objekty-údajů/1181-11/distribuce/1/podmínky-užití), as linked on the portal listing (https://data.gov.cz/zdroj/datové-sady/inventární-seznam/agendy/A684/subjekty-a-objekty-údajů/684-117/distribuce/1/podmínky-užití)",1,other,fallback_other
as linked on the portal listing (https://data.gov.cz/zdroj/datové-sady/inventární-seznam/agendy/A684/subjekty-a-objekty-údajů/684-87/distribuce/1/podmínky-užití),1,other,fallback_other
"as linked on the portal listing (https://data.norge.no/nlod/no), Norwegian Licence for Open Government Data (NLOD) 2.0, Norwegian Licence for Open Government Data 1.0",1,attribution,named_licence
as linked on the portal listing (https://data.norge.no/nlod/no/2.0),1,attribution,named_licence
"as linked on the portal listing (https://datos.gob.es/avisolegal), as linked on the portal listing (http://www.opendefinition.org/licenses/cc-by)",1,attribution,named_licence
as linked on the portal listing (https://datos.gob.es/es/aviso-legal),1,other,fallback_other
as linked on the portal listing (https://datos.lorca.es/avisolegal),1,other,fallback_other
as linked on the portal listing (https://downloads.rijkswaterstaatdata.nl/pdf-documenten/Geogedeeld-licentie-rijkswaterstaat.pdf),1,other,fallback_other
as linked on the portal listing (https://geoportal.cuzk.gov.cz/Dokumenty/Podminky.pdf),1,other,fallback_other
"as linked on the portal listing (https://mobilitylabs.emtmadrid.es/sip/terms-of-use), as linked on the portal listing (https://creativecommons.org/licenses/by/4.0/legalcode.es)",1,attribution,named_licence
as linked on the portal listing (https://publications.europa.eu/resource/authority/licence/MIT),1,permissive_code,named_licence
as linked on the portal listing (https://resources.geodata.se/codelist/metadata/anvandningsrestriktioner.xml#CC01.0),1,public_domain,named_licence
as linked on the portal listing (https://sede.serviciosmin.gob.es/es-ES/Paginas/aviso.aspx#Reutilizacion),1,other,fallback_other
as linked on the portal listing (https://services.cuzk.gov.cz/registry/codelist/ConditionsApplyingToAccessAndUse/copyright),1,provider_terms,keyword
"as linked on the portal listing (https://www.apmotril.com/aviso-legal-datos-abiertos), as linked on the portal listing (http://www.apmotril.com/aviso-legal-datos-abiertos)",1,other,fallback_other
"as linked on the portal listing (https://www.crtm.es/licencia-de-uso), as linked on the portal listing (https://creativecommons.org/licenses/by/4.0/legalcode.es)",1,attribution,named_licence
"as linked on the portal listing (https://www.etalab.gouv.fr/wp-content/uploads/2014/05/Licence_Ouverte.pdf), as linked on the portal listing (http://opendatacommons.org/licenses/by/summary/)",1,attribution,named_licence
as linked on the portal listing (https://www.geonorge.no/Geodataarbeid/Norge-digitalt/Avtaler-og-maler/Norge-digitalt-lisens/),1,other,fallback_other
"as linked on the portal listing (https://www.geonorge.no/Geodataarbeid/Norge-digitalt/Avtaler-og-maler/Norge-digitalt-lisens/), as linked on the portal listing (http://inspire.ec.europa.eu/metadata-codelist/ConditionsApplyingToAccessAndUse/noConditionsApply)",1,provider_terms,keyword
"as linked on the portal listing (https://www.geonorge.no/Geodataarbeid/Norge-digitalt/Avtaler-og-maler/Norge-digitalt-lisens/), as linked on the portal listing (https://www.kartverket.no/geodataarbeid/norge-digitalt/partsinformasjon/avtaler-og-vilkar/norge-digitalt-lisens)",1,other,fallback_other
"as linked on the portal listing (https://www.geonorge.no/Geodataarbeid/geografisk-infrastruktur/Norge-digitalt/Avtaler-og-maler/Norge-digitalt-lisens/), as linked on the portal listing (https://www.kartverket.no/geodataarbeid/norge-digitalt/partsinformasjon/avtaler-og-vilkar/norge-digitalt-lisens)",1,other,fallback_other
as linked on the portal listing (https://www.gesetze-im-internet.de/geonutzv),1,other,fallback_other
"as linked on the portal listing (https://www.govdata.de/dl-de/zero-2-0), as linked on the portal listing (http://inspire.ec.europa.eu/metadata-codelist/ConditionsApplyingToAccessAndUse/noConditionsApply)",1,public_domain,named_licence
as linked on the portal listing (https://www.jcyl.es/licencia-IGCYL-NC),1,other,fallback_other
as linked on the portal listing (https://www.mapa.gob.es/en/atencion-al-ciudadano/aviso-legal.aspx),1,other,fallback_other
as linked on the portal listing (https://www.meteo.cat/wpweb/avis-legal),1,other,fallback_other
as linked on the portal listing (https://www.norsar.no/getfile.php/139126-1585254232/norsar.no/Services/NORSAR-brukervilk%C3%A5r-soneringskart.pdf),1,other,fallback_other
as linked on the portal listing (https://www.puertodemelilla.es/index.php/autoridad-portuaria/aviso-legal),1,other,fallback_other
as linked on the portal listing (https://www.trafiklab.se/api/gtfs-sverige-2/licens),1,other,fallback_other
"as linked on the portal listing (https://www.trafiklab.se/api/sl-hallplatser-och-linjer-2/licens), as linked on the portal listing (https://www.trafiklab.se/api/sl-narliggande-hallplatser/licens), as linked on the portal listing (https://www.trafiklab.se/api/sl-narliggande-hallplatser-2/licens)",1,other,fallback_other
as linked on the portal listing (https://www.trafiklab.se/api/sl-trafiklaget-2/licens),1,other,fallback_other
bespoke UKCEH licence negotiated on order,1,provider_terms,keyword
cantonal terms of use apply; no licence type named on the page,1,not_stated,not_stated
cc-at-3,1,other,fallback_other
"cc-by, as linked on the portal listing (https://creativecommons.org/licenses/by/4.0/deed.de)",1,attribution,named_licence
"cc-zero, cc-by",1,public_domain|attribution,named_licence
"cc-zero, notspecified",1,public_domain,named_licence
cc_by,1,attribution,named_licence
cc_zero_1,1,other,fallback_other
cite NCDR (no licence named on the pages read),1,not_stated,not_stated
closed (per GovData listing),1,proprietary,keyword
closed licence (Andere geschlossene Lizenz),1,proprietary,keyword
closed source; user request and licence form,1,proprietary,keyword
code BSD-3-Clause (sup3r repository); data licence not stated on the pages read,1,permissive_code,named_licence
commercial (subscription and perpetual licences),1,proprietary,keyword
commercial EULA (EnviroSim; paid licence),1,proprietary,keyword
commercial consulting service,1,proprietary,keyword
commercial data products; licence terms not stated on the page read,1,not_stated,not_stated
commercial dataset; licence terms not stated on the page read,1,not_stated,not_stated
commercial licence (ANDRITZ IDEAS),1,proprietary,keyword
commercial licence (ARC; licence models on request),1,proprietary,keyword
commercial licence (Astrodynamics Workbench License Agreement),1,proprietary,keyword
commercial licence (CloudRF; self-hosted version licensed separately),1,proprietary,keyword
commercial licence (Collins Bartholomew),1,proprietary,keyword
commercial licence (Dassault Systèmes GEOVIA),1,proprietary,keyword
commercial licence (Dassault Systèmes SIMULIA),1,proprietary,keyword
commercial licence (Dynamita SUMO),1,proprietary,keyword
commercial licence (Electrisim; per-seat commercial-use licence on paid plans),1,proprietary,keyword
commercial licence (ExtendSim),1,proprietary,keyword
commercial licence (Fluid Network Studio subscription),1,proprietary,keyword
commercial licence (GoldSim),1,proprietary,keyword
commercial licence (INOSIM),1,proprietary,keyword
commercial licence (Metso HSC Chemistry),1,proprietary,keyword
commercial licence (MineTwin; licence on request),1,proprietary,keyword
commercial licence (MiningMath; perpetual licence),1,proprietary,keyword
"commercial licence (MobilityStudio; annual licence, free trial)",1,proprietary,keyword
commercial licence (Muk3D),1,proprietary,keyword
commercial licence (PC-Progress HYDRUS),1,proprietary,keyword
commercial licence (ProSim),1,proprietary,keyword
commercial licence (SWAN Systems terms of service),1,proprietary,keyword
commercial licence (SYSTRA Paramics),1,proprietary,keyword
commercial licence (Seequent),1,proprietary,keyword
commercial licence (Siemens gPROMS),1,proprietary,keyword
commercial licence (SysCAD),1,proprietary,keyword
commercial licence (a.i. solutions),1,proprietary,keyword
commercial licence (end user licence agreement),1,proprietary,keyword
commercial licence (on request),1,proprietary,keyword
commercial licence (paid),1,proprietary,keyword
commercial licence from CEPEL (licence acquisition on request),1,proprietary,keyword
commercial licence or subscription,1,proprietary,keyword
commercial licence sold by eWater (terms not on the page),1,proprietary,keyword
commercial licensing; exact terms require provider confirmation,1,proprietary,keyword
commercial module; exact terms not inspected,1,not_stated,not_stated
commercial or academic licence,1,proprietary,keyword
commercial platform; data terms not read,1,not_stated,not_stated
commercial product; terms not inspected,1,not_stated,not_stated
commercial report; terms not read,1,not_stated,not_stated
commercial service,1,proprietary,keyword
commercial software licence,1,proprietary,keyword
commercial software; terms not read,1,not_stated,not_stated
commercial subscription (S&P Global),1,proprietary,keyword
commercial subscription; terms not read,1,not_stated,not_stated
commercial terms (no downstream IP retention stated),1,proprietary,keyword
commercial user licences,1,proprietary,keyword
commercial vendor architecture; licence not stated,1,not_stated,not_stated
commercial vendor tool; licence terms not stated on the page read,1,not_stated,not_stated
confidential file under 49 CFR 1244 confidentiality agreements; Public Use File terms not stated on the page read,1,not_stated,not_stated
"conflicting repository text: LICENSE preamble says CC BY 4.0, but its embedded legal code is CC0 1.0; resolve before redistribution.",1,public_domain|attribution,named_licence
copyright AutomationML e.V. (legal notice: reproduction and distribution need prior permission),1,provider_terms,keyword
copyright C4ADS 2019,1,provider_terms,keyword
"copyright ITU, all rights reserved (freely available PDF)",1,proprietary,keyword
"copyright NDCC, all rights reserved",1,proprietary,keyword
copyright NWRM 2013-2024 (not an open licence),1,attribution,keyword
"copyright National Diet of Japan 2012, all rights reserved (from the PDF front matter); hosted copy, free to read",1,not_stated,keyword
copyright O-RAN ALLIANCE e.V.; specifications downloadable by the public under the O-RAN adopter terms,1,provider_terms,keyword
"copyright UKOPA, reproduction only with written approval",1,provider_terms,keyword
copyright Universidad de Costa Rica 2024,1,provider_terms,keyword
copyright WSD; release to other parties only with WSD's written agreement,1,provider_terms,keyword
copyright World Energy Council; reproduction only as allowed by its copyright notice,1,provider_terms,keyword
copyright held by the author; ACM ISBN and DOI printed on the paper; no data licence read,1,provider_terms,keyword
copyright inter 3 (no open licence),1,not_stated,not_stated
copyright of MOEW (no open licence named),1,not_stated,not_stated
copyright of the Taipei Water Department; reproduction of text and figures needs consent,1,provider_terms,keyword
copyrighted IEC standard (sold per user),1,proprietary,keyword
"copyrighted, all rights reserved (open access)",1,proprietary,keyword
custom licence (see the licence file in the repository),1,provider_terms,keyword
custom licence (see the reference link on the portal),1,provider_terms,keyword
custom terms (no redistribution outside the platform),1,provider_terms,keyword
custom terms specific to this dataset (Harvard Dataverse),1,provider_terms,keyword
data described as openly available without charge or restriction (2009 paper); per-survey data citations requested,1,public_domain,keyword
data free to use with attribution; winning code MIT,1,permissive_code,named_licence
data policy: official data and products freely available (licence name not stated on the page read),1,not_stated,not_stated
data.go.kr terms: no restriction on permitted use,1,provider_terms,keyword
"data.gov.il open licence (Other, open)",1,attribution,keyword
data.ny.gov terms of use (no licence named in the metadata),1,not_stated,not_stated
dataset-specific licences assigned in the repository (terms of use),1,varies,keyword
datasets under open licences chosen by contributors; site code marked CC0-1.0,1,public_domain,named_licence
described as open source on GitLab; licence not read,1,not_stated,not_stated
described as open source; licence text not found on pages read (2026-09-26),1,not_stated,not_stated
described on NIBIO licence and access page (not read),1,not_stated,not_stated
disclaimer page (not read); licence not stated,1,not_stated,not_stated
disclaimer terms on the portal (no licence named),1,not_stated,not_stated
dissertation copyright held by the author; reuse terms not stated on the page read,1,not_stated,not_stated
dl-by-de/2.0,1,attribution,named_licence
dl-de-by-2.0,1,attribution,named_licence
dl-de/zero-2-0,1,public_domain,named_licence
dl-zero-de/2.0,1,public_domain,named_licence
downloading from the site and its web map services is prohibited except for content expressly offered for download,1,proprietary,keyword
"dual CC BY-NC 4.0 or ODbL 1.0, at the user's choice",1,non_commercial|share_alike,named_licence
e-Stat terms of use; not read,1,not_stated,not_stated
eQUEST freeware; other DOE-2 products per developer terms,1,proprietary,keyword
ecoinvent end user licence agreement (commercial),1,proprietary,keyword
etalab 2.0,1,attribution,named_licence
etalab-2.0 (site texts); code open source,1,attribution,named_licence
eupl-1.1,1,copyleft_code,named_licence
free access according to the page; licence terms sit on a separate page that was not read,1,not_stated,not_stated
free and open access (usage conditions page),1,provider_terms,keyword
free basic data under an agreement with Boverket,1,provider_terms,keyword
free community service (terms of Team Cymru),1,provider_terms,keyword
free download from ICHARM (no licence named on the page),1,not_stated,not_stated
"free for academic research, commercial use by permission (page); CC BY 4.0 (DataCite)",1,attribution,named_licence
"free for commercial or non-commercial use (portal statement, conditions marked with an asterisk not read)",1,not_stated,not_stated
"free of charge, no use restrictions (German geodata access law, GeoZG)",1,public_domain,keyword
free proprietary licence (CNES),1,proprietary,keyword
free public service (no formal licence; attribution requested),1,proprietary,keyword
free reuse including commercial with SURS acknowledged as source (SURS copyright statement),1,attribution,keyword
free software under the Iber licence agreement (redistribution prohibited),1,proprietary,keyword
free tools; licence terms not stated on the home page,1,not_stated,not_stated
free under the terms for high-value datasets containing personal data,1,provider_terms,keyword
"free use for private and commercial purposes with source acknowledgement, according to the listing of the portal on the European data portal",1,attribution,keyword
"free use incl. commercial, attribution and share-alike (Liechtenstein geodata terms)",1,attribution,keyword
"free use including commercial, except production of forest statistics (terms on the site)",1,attribution,keyword
"free use under INE terms (no redistribution or sale of the microdata, cite INE; statistics law 16.616)",1,attribution,keyword
free use with attribution 'Breitbandatlas | Gigabit-Grundbuch' (Bundesnetzagentur terms),1,attribution,keyword
free use with attribution of the source (stated on some layers; others state none),1,attribution,keyword
free use with attribution; no redistribution without permission,1,attribution,keyword
free use with source attribution (metadata: geta þarf heimilda),1,attribution,keyword
"free use with source attribution requested (""Users are kindly requested to state the source"")",1,attribution,keyword
free use with the stated citation,1,attribution,keyword
free version described in the launch report; terms of use not read,1,not_stated,not_stated
free web tool provided by WHO (WHO terms of use),1,provider_terms,keyword
free web tool; terms not stated,1,not_stated,not_stated
free with citation of IGS (IGS terms of reference),1,provider_terms,keyword
"free, GURS general terms for geodetic data (attribution)",1,provider_terms,keyword
freeware,1,proprietary,keyword
freeware (registration required); no open-source licence stated,1,proprietary,keyword
"freeware, terms not read on the page",1,not_stated,not_stated
general conditions for the use of geodetic data apply; no licence type named on the page,1,not_stated,not_stated
general terms of service (no open licence stated),1,not_stated,not_stated
general terms of the SIGNAL network (no open licence stated),1,not_stated,not_stated
general terms of use on the page (no open licence stated),1,not_stated,not_stated
geoportal.lt copyright terms (not read),1,not_stated,not_stated
gov.ie content (reuse terms not read),1,not_stated,not_stated
gov.ie terms (not read),1,not_stated,not_stated
gub.uy terms of use (not read),1,not_stated,not_stated
http://creativecommons.org/publicdomain/zero/1.0,1,public_domain,named_licence
http://rightsstatements.org/page/InC-NC/1.0/,1,other,fallback_other
http_data_sbb_ch_page_licence (http_data_sbb_ch_page_licence),1,provider_terms,keyword
https://creativecommons.org/licenses/by-nc/4.0/,1,non_commercial,named_licence
https://creativecommons.org/publicdomain/zero/1.0,1,public_domain,named_licence
https://dataverse.geus.dk/api/datasets/:persistentId/versions/1.0/customlicense?persistentId=doi:10.22008/FK2/NLX5SX,1,provider_terms,keyword
https://github.com/ames-market/AMES-V5.0/blob/master/LICENSE.rst (as given in the list),1,provider_terms,keyword
https://opendatacommons.org/licenses/pddl/1-0/,1,public_domain,named_licence
https://www.digital.sncf.com/startup/API/conditions-generales-dutilisation-de-lapi-sncf,1,provider_terms,keyword
"iTrust terms of usage (as is, on request)",1,proprietary,keyword
licence file in the Code Ocean capsule (not named on the pages read),1,not_stated,not_stated
licence files per content folder in the repository (NIST-developed content),1,provider_terms,keyword
licence given by link only (http://developer.metro.net/the-basics/policies/terms-and-conditions/); licence given by link only (https://developer.metro.net/terms-conditions/),1,provider_terms,keyword
licence given by link only (http://developer.reittiopas.fi/pages/en/home.php),1,provider_terms,keyword
licence given by link only (http://developer.rideuta.com/TermsOfUse.aspx),1,provider_terms,keyword
licence given by link only (http://developer.trimet.org/terms_of_use.shtml),1,provider_terms,keyword
licence given by link only (http://gtfs.bigbluebus.com/); not stated in the Mobility Database listing (licence field empty),1,not_stated,not_stated
licence given by link only (http://sagestage.com/gtfs-data/),1,provider_terms,keyword
licence given by link only (http://sanjoaquinrtd.com/preview/terms-of-use/); licence given by link only (https://www.goswift.ly/api-license),1,provider_terms,keyword
licence given by link only (http://szegedimenetrend.hu/),1,provider_terms,keyword
licence given by link only (http://web.mta.info/developers/developer-data-terms.html),1,provider_terms,keyword
licence given by link only (http://web.mta.info/developers/developer-data-terms.html); licence given by link only (https://api.mta.info/#/DataFeedAgreement); not stated in the Mobility Database listing (licence field emp,1,not_stated,not_stated
licence given by link only (http://www.actransit.org/data-terms-and-conditions/); licence given by link only (https://www.actransit.org/data-terms-and-conditions/),1,provider_terms,keyword
licence given by link only (http://www.bart.gov/schedules/developers/developer-license-agreement); not stated in the Mobility Database listing (licence field empty),1,not_stated,not_stated
licence given by link only (http://www.cabq.gov/abq-data/abq-data-disclaimer-1); licence given by link only (https://www.goswift.ly/api-license),1,provider_terms,keyword
licence given by link only (http://www.cityofmadison.com/metro/Apps/developers.cfm); not stated in the Mobility Database listing (licence field empty),1,not_stated,not_stated
licence given by link only (http://www.cota.com/data),1,provider_terms,keyword
licence given by link only (http://www.crtm.es/licencia-de-uso),1,provider_terms,keyword
licence given by link only (http://www.greatersudbury.ca/inside-city-hall/open-government/open-data/open-data-apps/),1,provider_terms,keyword
licence given by link only (http://www.halifax.ca/opendata/OD_TermsOfUse.php); licence given by link only (http://www.halifax.ca/opendata/transit.php),1,provider_terms,keyword
licence given by link only (http://www.horariosdofunchal.pt/index.php?option=com_content&task=view&id=2022),1,provider_terms,keyword
licence given by link only (http://www.knoxvilletn.gov/government/opendata/knoxville_area_transit_kat_gtfs_feed),1,provider_terms,keyword
licence given by link only (http://www.massport.com/media/1651/massportdatalicenseagreement.pdf),1,provider_terms,keyword
licence given by link only (http://www.metlink.org.nz/customer-services/general-transit-feed-specification/); licence given by link only (https://opendata.metlink.org.nz/getting-started),1,provider_terms,keyword
licence given by link only (http://www.mississauga.ca/portal/miway/developerdownload); licence given by link only (https://www.mississauga.ca/miway-transit/developer-download/),1,provider_terms,keyword
licence given by link only (http://www.nicebus.com/NiceBus/media/NiceBus-Images/131030_Legal-Agreements.pdf); not stated in the Mobility Database listing (licence field empty),1,not_stated,not_stated
licence given by link only (http://www.oakville.ca/data/oakville-transit-route-information.html),1,provider_terms,keyword
licence given by link only (http://www.octa.net/News-and-Resources/Open-Data/Overview/),1,provider_terms,keyword
licence given by link only (http://www.opendefinition.org/licenses/odc-by),1,attribution,named_licence
licence given by link only (http://www.regionofwaterloo.ca/en/regionalGovernment/GRT_GTFSdata.asp),1,provider_terms,keyword
licence given by link only (http://www.riderta.com/developers),1,provider_terms,keyword
licence given by link only (http://www.sacrt.com/gtfs.stm),1,provider_terms,keyword
licence given by link only (http://www.simur.gov.co/gtfs),1,provider_terms,keyword
licence given by link only (http://www.votran.org/about-us/data.stml),1,provider_terms,keyword
licence given by link only (https://511.org/about/terms),1,provider_terms,keyword
licence given by link only (https://acikveri.bizizmir.com/dataset/toplu-ulasim-gtfs-verileri/resource/822f89be-48bf-4b36-8ed8-1912511032c4),1,provider_terms,keyword
licence given by link only (https://acikveri.bizizmir.com/dataset/toplu-ulasim-gtfs-verileri/resource/c2995cbe-2e89-451b-86e7-2cc2a4f4a94a),1,provider_terms,keyword
licence given by link only (https://api.mta.info/#/DataFeedAgreement),1,provider_terms,keyword
licence given by link only (https://bip.mazowieckie.com.pl/pl/ponowne-wykorzystywanie-informacji-sektora-publicznego),1,provider_terms,keyword
licence given by link only (https://bip.plk-sa.pl/ponowne-wykorzystywanie),1,provider_terms,keyword
licence given by link only (https://brampton.maps.arcgis.com/home/item.html?id=a355aabd5a8c490186bdce559c9c75fb),1,provider_terms,keyword
licence given by link only (https://c-tran.com/about-c-tran/business/c-tran-gtfs-data),1,provider_terms,keyword
licence given by link only (https://catalogue-moncton.opendata.arcgis.com/datasets/transit-files-gtfs),1,provider_terms,keyword
licence given by link only (https://catalogue-saintjohn.opendata.arcgis.com/datasets/d6f4783521364429a2e51a64c60ae234/about),1,provider_terms,keyword
licence given by link only (https://corporate.sunrail.com/about-sunrail/gtfs-data-download/),1,provider_terms,keyword
licence given by link only (https://dadesobertes.fgc.cat/explore/?q=gtfs_zip),1,provider_terms,keyword
licence given by link only (https://dadesobertes.gva.es/va/dataset/tra-hyr-atmv-horaris-i-rutes),1,provider_terms,keyword
licence given by link only (https://dados.gov.pt/pt/datasets/gtfs-carris-metropolitana/),1,provider_terms,keyword
licence given by link only (https://dados.gov.pt/pt/datasets/gtfs-estaticos-servicos-municipalizados-de-transportes-urbanos-de-coimbra/),1,provider_terms,keyword
licence given by link only (https://dados.pbh.gov.br/dataset/feed-gtfs-estatico-do-sistema-suplementar); licence given by link only (https://dados.pbh.gov.br/dataset/gtfs-estatico-do-sistema-convencional),1,provider_terms,keyword
licence given by link only (https://dadosabertos.cascais.pt/dataset/gtfs-mobicascais),1,provider_terms,keyword
licence given by link only (https://data.bus-data.dft.gov.uk/guidance/requirements/),1,provider_terms,keyword
licence given by link only (https://data.calgary.ca/stories/s/u45n-7awa/); not stated in the Mobility Database listing (licence field empty),1,not_stated,not_stated
licence given by link only (https://data.ctb.eus/en/pages/legal-notice),1,provider_terms,keyword
licence given by link only (https://data.essex.gov.uk/dataset/2ydj8/essex-bus-network-data),1,provider_terms,keyword
licence given by link only (https://data.gov.hk/en/terms-and-conditions),1,provider_terms,keyword
licence given by link only (https://data.gov.lv/dati/eng/dataset/iekszemes-dzelzcela-vilcienu-kustibas-saraksts-gtfs-formata),1,provider_terms,keyword
licence given by link only (https://data.gov.lv/dati/lv/dataset/marsrutu-saraksti-rigas-satiksme-sabiedriskajam-transportam),1,provider_terms,keyword
licence given by link only (https://data.gov.ro/base/images/logoinst/OGL-ROU-1.0.pdf),1,attribution,named_licence
licence given by link only (https://data.gov.rs/sr/datasets/prigradski-javni-prevoz-u-u-beogradu-gtfs/),1,provider_terms,keyword
licence given by link only (https://data.gov.rs/sr/terms/),1,provider_terms,keyword
licence given by link only (https://data.gov.sg/open-data-licence),1,provider_terms,keyword
licence given by link only (https://data.renfe.com/dataset/horarios-cercanias/resource/6f1523c6-a9e3-48e3-9ace-bb107a762be6); licence given by link only (https://data.renfe.com/dataset/horarios-viaje-cercanias); licence ,1,provider_terms,keyword
licence given by link only (https://data.strathcona.ca/Transportation/Transit-Bus-Schedule-GTFS-Data-Feed-Zip-File/2ek5-rxs5/data?no_mobile=true); licence given by link only (https://www.edmonton.ca/transportation/Web-ve,1,provider_terms,keyword
licence given by link only (https://data.whitehorse.ca/),1,provider_terms,keyword
licence given by link only (https://dati.comune.milano.it/dataset/ds929-orari-del-trasporto-pubblico-locale-nel-comune-di-milano-in-formato-gtfs),1,provider_terms,keyword
licence given by link only (https://dati.regione.calabria.it/catalogo/percorsi-linee-trasporto-pubblico/),1,provider_terms,keyword
licence given by link only (https://datos.emtmadrid.es/dataset/tiempo-real-para-autobuses-de-emt); not stated in the Mobility Database listing (licence field empty),1,not_stated,not_stated
licence given by link only (https://dev-portal.at.govt.nz/),1,provider_terms,keyword
licence given by link only (https://developer.entur.org/stops-and-timetable-data),1,provider_terms,keyword
licence given by link only (https://developer.odpt.org/terms/data_basic_license.html),1,provider_terms,keyword
licence given by link only (https://developer.scmetro.org/); licence given by link only (https://scmtd.com/en/riders-guide/google-transit/gtfs-dev-data),1,provider_terms,keyword
licence given by link only (https://developer.tmb.cat/),1,provider_terms,keyword
licence given by link only (https://developer.translink.ca/Home/TermsOfUse); licence given by link only (https://www.translink.ca/about-us/doing-business-with-translink/app-developer-resources/gtfs/gtfs-data),1,provider_terms,keyword
licence given by link only (https://developer.wmata.com/license),1,provider_terms,keyword
licence given by link only (https://dipl.nt.gov.au/data/bus-timetable-data-and-geographic-information),1,provider_terms,keyword
licence given by link only (https://discover-milton.hub.arcgis.com/pages/disclaimer-and-terms-of-use),1,provider_terms,keyword
licence given by link only (https://docs.carrismetropolitana.pt/covered-area),1,provider_terms,keyword
licence given by link only (https://etaelpaso.gov/privacy-policy/); not stated in the Mobility Database listing (licence field empty),1,not_stated,not_stated
licence given by link only (https://exo.quebec/fr/a-propos/donnees-ouvertes),1,provider_terms,keyword
licence given by link only (https://exo.quebec/fr/a-propos/donnees-ouvertes); licence given by link only (https://exo.quebec/fr/a-propos/donnees-ouvertes/FormulaireDemandeAcces),1,provider_terms,keyword
licence given by link only (https://explore.guelph.ca/pages/terms-of-use),1,provider_terms,keyword
licence given by link only (https://github.com/aruneko/DonanbusGTFS/tree/master),1,provider_terms,keyword
licence given by link only (https://github.com/carrismetropolitana/gtfs); not stated in the Mobility Database listing (licence field empty),1,not_stated,not_stated
licence given by link only (https://github.com/sakayph/p2p-gtfs/blob/master/README.md),1,provider_terms,keyword
licence given by link only (https://github.com/shubhamvelani/VapiGTFS/),1,provider_terms,keyword
licence given by link only (https://github.com/transcollines/GTFS-RT/blob/master/LICENCE.MD); licence given by link only (https://github.com/transcollines/GTFS?tab=License-1-ov-file#readme),1,provider_terms,keyword
licence given by link only (https://github.com/trufi-association/Trujillo-OMUS/blob/main/LICENSE),1,provider_terms,keyword
licence given by link only (https://gocitybus.com/terms-for-use),1,provider_terms,keyword
licence given by link only (https://gtfs.be/),1,provider_terms,keyword
licence given by link only (https://gtfs.be/); not stated in the Mobility Database listing (licence field empty),1,not_stated,not_stated
licence given by link only (https://gtfs.de/en/realtime/),1,provider_terms,keyword
licence given by link only (https://hmrl.co.in/open-data.html),1,provider_terms,keyword
licence given by link only (https://jbb.ghsq.de/kde/2024/02/25/Call-for-feeds-Make-your-region-available-in-our-open-transit-router.html),1,provider_terms,keyword
licence given by link only (https://keeptahoeblue.sharepoint.com/sites/LeaguetoSaveLakeTahoe-CommunityEngagement/_layouts/15/guestaccess.aspx?share=EdcHnLwMfdJLscvyGDDa8FwB_bLXkpj9XIuG5GFiKdlKJw&e=1yNB6c&download=1),1,provider_terms,keyword
licence given by link only (https://kingcounty.gov/depts/transportation/metro/travel-options/bus/app-center/developer-resources/terms-of-use.aspx); not stated in the Mobility Database listing (licence field empty),1,not_stated,not_stated
licence given by link only (https://metra.com/developers); licence given by link only (https://metra.com/gtfs-realtime-api-key-request-license-agreement),1,provider_terms,keyword
licence given by link only (https://metrobus.com/gtfs.asp),1,provider_terms,keyword
licence given by link only (https://mkuran.pl/gtfs/),1,provider_terms,keyword
licence given by link only (https://mst.org/about-mst/developer-resources/),1,provider_terms,keyword
licence given by link only (https://mvgo.org/developers/),1,provider_terms,keyword
licence given by link only (https://nap-portugal.imt-ip.pt/nap/multimodalsupplydetail/200),1,provider_terms,keyword
licence given by link only (https://nap.transportes.gob.es/licencia-datos); not stated in the Mobility Database listing (licence field empty),1,not_stated,not_stated
licence given by link only (https://old.datahub.io/dataset/gtfs-nl); not stated in the Mobility Database listing (licence field empty),1,not_stated,not_stated
licence given by link only (https://omr.gov.ua/ua/city/departments/dtks/open-data/),1,provider_terms,keyword
licence given by link only (https://open.regina.ca/pages/terms-of-use),1,provider_terms,keyword
licence given by link only (https://opendata.bkk.hu/data-sources); not stated in the Mobility Database listing (licence field empty),1,not_stated,not_stated
licence given by link only (https://opendata.burlington.ca/opendata-terms-of-use/City%20of%20Burlington%20-%20Open%20Data%20Terms%20of%20Use.pdf); not stated in the Mobility Database listing (licence field empty),1,not_stated,not_stated
licence given by link only (https://opendata.city-adm.lviv.ua/ne/dataset/lviv-public-transport-gtfs-real-time/resource/d45fd95a-ffc9-45b1-be05-52012707d51f?inner_span=True); licence given by link only (https://opendata.c,1,provider_terms,keyword
licence given by link only (https://opendata.comune.palermo.it/opendata-dataset.php?dataset=1303),1,provider_terms,keyword
licence given by link only (https://opendata.durham.ca/search?q=service%20alert); not stated in the Mobility Database listing (licence field empty),1,not_stated,not_stated
licence given by link only (https://opendata.lethbridge.ca/pages/open-data-license),1,provider_terms,keyword
licence given by link only (https://opendata.rnv-online.de/dataset/gtfs-general-transit-feed-specification),1,provider_terms,keyword
licence given by link only (https://opendata.transport.nsw.gov.au/dataset/timetables-complete-gtfs); not stated in the Mobility Database listing (licence field empty),1,not_stated,not_stated
licence given by link only (https://opendata.waltti.fi/docs); not stated in the Mobility Database listing (licence field empty),1,not_stated,not_stated
licence given by link only (https://opendefinition.org/licenses/cc-by/),1,attribution,named_licence
licence given by link only (https://opentransportdata.swiss/en/terms-of-use/#Definitions); not stated in the Mobility Database listing (licence field empty),1,not_stated,not_stated
licence given by link only (https://oregon-gtfs.trilliumtransit.com); licence given by link only (https://www.goswift.ly/api-license),1,provider_terms,keyword
licence given by link only (https://oregon-gtfs.trilliumtransit.com); licence given by link only (https://www.goswift.ly/api-license); not stated in the Mobility Database listing (licence field empty),1,not_stated,not_stated
licence given by link only (https://otwartedane.metropoliagzm.pl/en/dataset/rozklady-jazdy-i-lokalizacja-przystankow-gtfs-rt/resource/07aedb72-2464-4052-a380-0d45426fd83b?inner_span=True),1,provider_terms,keyword
licence given by link only (https://peatus.ee/content/teenusest),1,provider_terms,keyword
licence given by link only (https://pid.cz/o-systemu/opendata/); not stated in the Mobility Database listing (licence field empty),1,not_stated,not_stated
licence given by link only (https://rabaride.com/resources/about_raba/index.php#collapselinks-18-50b1); licence given by link only (https://www.goswift.ly/api-license),1,provider_terms,keyword
licence given by link only (https://romamobilita.it/it/tecnologie/open-data/dataset); not stated in the Mobility Database listing (licence field empty),1,not_stated,not_stated
licence given by link only (https://solweb.tper.it/web/tools/open-data/open-data.aspx),1,provider_terms,keyword
licence given by link only (https://spdx.org/licenses/CC-BY-4.0.html),1,attribution,named_licence
licence given by link only (https://stlaval.ca/a-propos/diffusion/donnees-ouvertes),1,provider_terms,keyword
licence given by link only (https://svc.metrotransit.org); not stated in the Mobility Database listing (licence field empty),1,not_stated,not_stated
licence given by link only (https://transit.torranceca.gov/home/showdocument?id=6052); not stated in the Mobility Database listing (licence field empty),1,not_stated,not_stated
licence given by link only (https://translink.com.au/about-translink/open-data); licence given by link only (https://www.data.qld.gov.au/dataset/general-transit-feed-specification-gtfs-qconnect/resource/9850f8e5-f572-4de,1,provider_terms,keyword
licence given by link only (https://translink.com.au/about-translink/open-data/gtfs-rt),1,provider_terms,keyword
licence given by link only (https://transport.data.gouv.fr/datasets/offres-de-services-bus-tram-et-scolaire-au-format-gtfs-gtfs-rt-siri-lite-1),1,provider_terms,keyword
licence given by link only (https://unghenitransport.md/index.php/retea-de-transport/open-data),1,provider_terms,keyword
licence given by link only (https://unitrans.ucdavis.edu/about/gtfs/),1,provider_terms,keyword
licence given by link only (https://vinetransit.com/open-data-portal/); licence given by link only (https://www.goswift.ly/api-license),1,provider_terms,keyword
licence given by link only (https://www.amb.cat/en/web/area-metropolitana/dades-obertes/cataleg/detall/-/dataset/gtfs-real-time-bus-service/6332347/11692); not stated in the Mobility Database listing (licence field empty,1,not_stated,not_stated
licence given by link only (https://www.arcgis.com/home/item.html?id=0bc9093b47c744fdb82af7e830ed8590),1,provider_terms,keyword
licence given by link only (https://www.arlingtontransit.com/riding-art/rider-tools/tools-for-developers/); not stated in the Mobility Database listing (licence field empty),1,not_stated,not_stated
licence given by link only (https://www.barrie.ca/services-payments/transportation-parking/barrie-transit/barrie-gtfs); not stated in the Mobility Database listing (licence field empty),1,not_stated,not_stated
licence given by link only (https://www.capitolcorridor.org/developer_resources/#terms),1,provider_terms,keyword
licence given by link only (https://www.capmetro.org/metrolabs/),1,provider_terms,keyword
licence given by link only (https://www.city.kakegawa.shizuoka.jp/gyosei/docs/383694.html),1,provider_terms,keyword
licence given by link only (https://www.cityofpasadena.net/pasadena-transit/real-time-applications/); not stated in the Mobility Database listing (licence field empty),1,not_stated,not_stated
licence given by link only (https://www.communitytransit.org/OpenData); licence given by link only (https://www.communitytransit.org/opendata); not stated in the Mobility Database listing (licence field empty),1,not_stated,not_stated
licence given by link only (https://www.cota.com/data/),1,provider_terms,keyword
licence given by link only (https://www.cttransit.com/about/developers/terms-of-use),1,provider_terms,keyword
licence given by link only (https://www.dart.org/transitdata/legalnotices.asp),1,provider_terms,keyword
licence given by link only (https://www.data.qld.gov.au/dataset/general-transit-feed-specification-gtfs-qconnect/resource/03426b3e-1ea6-4878-bd9b-cfaef7ca2b1d?truncate=30&inner_span=True),1,provider_terms,keyword
licence given by link only (https://www.data.qld.gov.au/dataset/general-transit-feed-specification-gtfs-qconnect/resource/48501fd9-148b-4b96-a9fa-b412d768048c),1,provider_terms,keyword
licence given by link only (https://www.data.qld.gov.au/dataset/general-transit-feed-specification-gtfs-qconnect/resource/4b6cc276-0d70-4c9c-adac-0b8cb384268a),1,provider_terms,keyword
licence given by link only (https://www.data.qld.gov.au/dataset/general-transit-feed-specification-gtfs-qconnect/resource/699184c3-8c0e-44db-8a83-7e23709aefbe),1,provider_terms,keyword
licence given by link only (https://www.data.qld.gov.au/dataset/general-transit-feed-specification-gtfs-qconnect/resource/81030a70-b1e1-4cb1-b7ae-67051d1368e5),1,provider_terms,keyword
licence given by link only (https://www.data.qld.gov.au/dataset/general-transit-feed-specification-gtfs-qconnect/resource/ee40c2d4-f170-426d-9719-3cc3e32c567c),1,provider_terms,keyword
licence given by link only (https://www.data.qld.gov.au/dataset/general-transit-feed-specification-gtfs-translink/resource/e43b6b9f-fc2b-4630-a7c9-86dd5483552b),1,provider_terms,keyword
licence given by link only (https://www.data.rio/datasets/gtfs-do-rio-de-janeiro/about),1,provider_terms,keyword
licence given by link only (https://www.dcta.net/resources/open-data),1,provider_terms,keyword
licence given by link only (https://www.donneesquebec.ca/recherche/dataset/rtc-gtfs-arrets-et-les-parcours),1,provider_terms,keyword
licence given by link only (https://www.donneesquebec.ca/recherche/dataset/transport-collectif/resource/bd4021ba-d3ae-4d3b-b8fd-016405166761),1,provider_terms,keyword
licence given by link only (https://www.donneesquebec.ca/recherche/fr/dataset/transport-sts),1,provider_terms,keyword
licence given by link only (https://www.dtpm.cl/index.php/gtfs-vigente),1,provider_terms,keyword
licence given by link only (https://www.duluthtransit.com/home/doing-business/developer-resources/); not stated in the Mobility Database listing (licence field empty),1,not_stated,not_stated
licence given by link only (https://www.etalab.gouv.fr/wp-content/uploads/2017/04/ETALAB-Licence-Ouverte-v2.0.pdf),1,attribution,named_licence
licence given by link only (https://www.fairfaxcounty.gov/connector/bustracker/data); not stated in the Mobility Database listing (licence field empty),1,not_stated,not_stated
licence given by link only (https://www.fairfaxva.gov/government/public-works/cue-bus-map-schedule#GTFS%20Schedule%20Data%20anchor),1,provider_terms,keyword
licence given by link only (https://www.ferry.nyc/developer-tools/); not stated in the Mobility Database listing (licence field empty),1,not_stated,not_stated
licence given by link only (https://www.fredericksburgva.gov/1937/Developer-Resources),1,provider_terms,keyword
licence given by link only (https://www.gobroomecounty.com/transit/gtfs),1,provider_terms,keyword
licence given by link only (https://www.gov.il/he/pages/gtfs_general_transit_feed_specifications),1,provider_terms,keyword
licence given by link only (https://www.govdata.de/dl-de/by-2-0),1,attribution,named_licence
licence given by link only (https://www.gtt.to.it/gtt_gtfs_license.html),1,provider_terms,keyword
licence given by link only (https://www.hamilton.ca/city-council/data-maps/open-data/open-data-licence-terms-and-conditions),1,provider_terms,keyword
licence given by link only (https://www.hsl.fi/en/hsl/open-data#gtfs-rt-ap-is),1,provider_terms,keyword
licence given by link only (https://www.kvv.de/fahrplan/fahrplaene/open-data.html),1,provider_terms,keyword
licence given by link only (https://www.ladottransit.com/dla.html),1,provider_terms,keyword
licence given by link only (https://www.londontransit.ca/open-data/ltcs-open-data-terms-of-use/); not stated in the Mobility Database listing (licence field empty),1,not_stated,not_stated
licence given by link only (https://www.looptrolley.com/resources); licence given by link only (https://www.metrostlouis.org/developer-resources/),1,provider_terms,keyword
licence given by link only (https://www.mass.gov/doc/developers-license-agreement-11132009/download),1,provider_terms,keyword
licence given by link only (https://www.mass.gov/files/documents/2017/10/27/develop_license_agree_0.pdf),1,provider_terms,keyword
licence given by link only (https://www.metroinfo.co.nz/about/developer-resources#terms),1,provider_terms,keyword
licence given by link only (https://www.mvg.de/verbindungen/Fahrplandaten.html),1,provider_terms,keyword
licence given by link only (https://www.njtransit.com/developer-tools),1,provider_terms,keyword
licence given by link only (https://www.octranspo.com/en/plan-your-trip/travel-tools/developers/); licence given by link only (https://www.octranspo.com/en/plan-your-trip/travel-tools/developers/dev-terms/),1,provider_terms,keyword
licence given by link only (https://www.portauthority.org/business-center/developer-resources/developer-license-agreement/),1,provider_terms,keyword
licence given by link only (https://www.regionofwaterloo.ca/en/regional-government/open-data.aspx); not stated in the Mobility Database listing (licence field empty),1,not_stated,not_stated
licence given by link only (https://www.ride-gts.com/),1,provider_terms,keyword
licence given by link only (https://www.ridedart.com/open-data-policy-and-terms-use); not stated in the Mobility Database listing (licence field empty),1,not_stated,not_stated
licence given by link only (https://www.ridedmt.org/schedules-fares/gtfs-feed),1,provider_terms,keyword
licence given by link only (https://www.ridemcts.com/policies/developer-terms),1,provider_terms,keyword
licence given by link only (https://www.ridemetro.org/about/news-media/digital-assets),1,provider_terms,keyword
licence given by link only (https://www.riderta.com/developers),1,provider_terms,keyword
licence given by link only (https://www.rtcwashoe.com/terms-of-use/),1,provider_terms,keyword
licence given by link only (https://www.rtd-denver.com/business-center/open-spatial-data/gtfs-license-agreement); licence given by link only (https://www.rtd-denver.com/business-center/open-spatial-data/gtfs-realtime-lic,1,provider_terms,keyword
licence given by link only (https://www.rtl-longueuil.qc.ca/CMS/MediaFree/file/GTFS/Conditions_GTFS.pdf),1,provider_terms,keyword
"licence given by link only (https://www.saskatoon.ca/services-residents/connect-your-city/open-data#:~:text=The%20data%20and%20information%20shared%20on%20Open%20Data,on%20services%20such%20as%20transit%20and%20procureme",1,provider_terms,keyword
licence given by link only (https://www.sdmts.com/business-center-developers/terms-and-conditions),1,provider_terms,keyword
licence given by link only (https://www.smtd.org/gtfs-information/); not stated in the Mobility Database listing (licence field empty),1,not_stated,not_stated
licence given by link only (https://www.sofiatraffic.bg/bg/info-center/gtfs-danni),1,provider_terms,keyword
licence given by link only (https://www.soundtransit.org/help-contacts/business-information/open-transit-data-otd/transit-data-terms-use),1,provider_terms,keyword
licence given by link only (https://www.sto.ca/affaires/espace-developpeurs-donnees-ouvertes/conditions-dutilisation-donnees-ouvertes-et-cle-api-de-la-sto/),1,provider_terms,keyword
licence given by link only (https://www.stpbrindisi.it/index.php/linee-e-orari/open-data-esercizio),1,provider_terms,keyword
licence given by link only (https://www.suffolkcountyny.gov/Departments/Public-Works/Transportation/Terms-and-Conditions); not stated in the Mobility Database listing (licence field empty),1,not_stated,not_stated
licence given by link only (https://www.tib.org/en/sobre-ctm/portal-de-transparencia/dades-obertes),1,provider_terms,keyword
licence given by link only (https://www.trafiklab.se/api/gtfs-datasets/gtfs-sverige-2/),1,provider_terms,keyword
licence given by link only (https://www.transperth.wa.gov.au/About/Spatial-Data-Access),1,provider_terms,keyword
licence given by link only (https://www.transport.act.gov.au/contact-us/information-for-developers),1,provider_terms,keyword
licence given by link only (https://www.vag-freiburg.de/service-infos/downloads/gtfs-daten),1,provider_terms,keyword
licence given by link only (https://www.valencia.es/val/ajuntament/govern-obert),1,provider_terms,keyword
licence given by link only (https://www.valleyregionaltransit.org/about-us/resources/); not stated in the Mobility Database listing (licence field empty),1,not_stated,not_stated
licence given by link only (https://www.viarail.ca/en/developer-resources),1,provider_terms,keyword
licence given by link only (https://www.vitoria-gasteiz.org/wb021/was/contenidoAction.do?idioma=es&uid=app_j34_0021),1,provider_terms,keyword
licence given by link only (https://www.vrn.de/opendata/datasets/soll-fahrplandaten-gtfs-aktuell),1,provider_terms,keyword
licence given by link only (https://www.vrs.de/fahren/fahrplanauskunft/opendata-/-openservice),1,provider_terms,keyword
licence given by link only (https://www.wegotransit.com/contact-us/data-request-submission/),1,provider_terms,keyword
licence given by link only (https://www.yrt.ca/en/about-us/open-data-licence-agreement.aspx); not stated in the Mobility Database listing (licence field empty),1,not_stated,not_stated
licence given by link only (https://www.ztm.poznan.pl/otwarte-dane/dla-deweloperow/); licence given by link only (https://www.ztm.poznan.pl/pl/dla-deweloperow/index),1,provider_terms,keyword
licence given by link only (https://www3.septa.org/developer/),1,provider_terms,keyword
licence given by link only (https://ztp.krakow.pl); licence given by link only (https://ztp.krakow.pl/); not stated in the Mobility Database listing (licence field empty),1,not_stated,not_stated
licence on request (FVT),1,proprietary,keyword
licence on request from JPL,1,proprietary,keyword
licence ouverte / open licence,1,attribution,named_licence
"licence set per dataset in the Copernicus Climate Data Store (CDS terms of use, Article 4)",1,varies,keyword
licence set per resource in the GeoRisk Bénin metadata (reuse must cite GeoRisk Bénin / MCVT),1,provider_terms,keyword
licence terms visible only to registered members,1,provider_terms,keyword
licences stated per API on Trafiklab,1,varies,keyword
licences vary per dataset (for example Public Domain for the California Energy Commission layers),1,varies,keyword
licensed (full NSG); CC-BY (INSPIRE subset as listed on data.gov.uk),1,attribution,named_licence
licensed to GDV member insurers,1,provider_terms,keyword
meteo.gr terms of use,1,provider_terms,keyword
ministry terms of use (no open licence named),1,not_stated,not_stated
mixed (CC-BY-4.0 for most),1,attribution,named_licence
"mixed per dataset (CC BY 4.0, CC BY-SA 4.0 or CC BY-NC 4.0)",1,non_commercial|share_alike|attribution,named_licence
"mixed: CC BY-NC 4.0 on the housing-density and urbanisation layers; the plan layers carry a notice allowing informational use only, with commercial use prohibited without MIVIOT authorisation and citation of MIVIOT required",1,non_commercial,named_licence
"mixed: free downloads through OpenGeoscience, licensed geoscience data, Open Government Licence and other licences",1,attribution,named_licence
mixed; not stated on the suite page,1,not_stated,not_stated
"mixed; some CIM-based documents incorporate CC BY-SA 4.0 material, while the IEC standards themselves are sold by IEC",1,share_alike,named_licence
model available to industry stakeholders under a specific licence of use (abstract page); dissertation text on arXiv,1,provider_terms,keyword
"mostly CC-BY-4.0, CC-BY-SA-4.0 or CC0 (varies by dataset)",1,share_alike|public_domain|attribution,named_licence
mostly public domain (NETL copyright status notice); datasets on EDX carry their own licences,1,varies,keyword
multi-user licence to SANSA and government departments; no public dissemination of the data,1,provider_terms,keyword
nPerf End User License Agreement (proprietary),1,proprietary,keyword
"no conditions (metadata: public access without restrictions, use without conditions)",1,public_domain,keyword
no fees or access constraints stated in the service metadata,1,other,fallback_other
no formal licence found; BIPT emailed permission to reuse (no guarantee of accuracy),1,provider_terms,keyword
no licence granted (RTE site terms: right to consult only),1,not_stated,not_stated
no licence issued (repository README: no licence for the UKGDS resources has been issued by SEDG),1,not_stated,not_stated
no licence stated (free to view and download),1,not_stated,not_stated
no limitations stated (Atom feed rights),1,public_domain,keyword
no restriction on use (data.go.kr),1,public_domain,keyword
"no restriction on use, as stated on the portal",1,public_domain,keyword
non-commercial licence (levelXdata terms; commercial use needs a separate licence),1,non_commercial,keyword
non-commercial research licence (see repository),1,non_commercial,keyword
non-commercial research licence on application,1,non_commercial,keyword
non-commercial use only (per the data page),1,non_commercial,keyword
"non-commercial use only, per the KSJ terms on the page",1,non_commercial,keyword
non-commercial use under satellite owners' end user licence agreements,1,non_commercial,keyword
non-disclosure request form; research use,1,proprietary,keyword
not applicable (article),1,not_stated,not_stated
not applicable (case study; twin not published),1,not_stated,not_stated
not applicable (journal article; data and code not published),1,not_stated,not_stated
not applicable (news item; model not published),1,not_stated,not_stated
not applicable (press releases and paper; simulator and data not published),1,not_stated,not_stated
not applicable (project article; twin and data not published),1,not_stated,not_stated
not applicable (project description; model and results not published),1,not_stated,not_stated
not applicable (project report),1,not_stated,not_stated
not applicable (project report; model and data not published),1,not_stated,not_stated
not applicable (restricted access records),1,not_stated,not_stated
not applicable (testbed access under acceptable use policies),1,not_stated,not_stated
not applicable (testbed access under an acceptable use policy),1,not_stated,not_stated
not applicable (vendor case description; survey data not published),1,not_stated,not_stated
not confirmed (public domain per a third-party catalogue),1,not_stated,not_stated
"not copyrighted; credit requested as 'Product of the Transboundary Freshwater Diplomacy Database, Oregon State University'",1,provider_terms,keyword
not named on the page read,1,not_stated,not_stated
"not named on the page read (indicative data, no liability)",1,not_stated,not_stated
not named on the pages read (data described as open and free),1,not_stated,not_stated
"not open data (independently collected, per the site)",1,proprietary,keyword
not read (APERC copyright),1,not_stated,not_stated
not read (OECD terms),1,not_stated,not_stated
not read (RNE legal disclaimer: information purposes only),1,not_stated,not_stated
not read (a copyright statement page is linked),1,not_stated,not_stated
"not read (public data under the BRO act, per the portal)",1,not_stated,not_stated
not read (sold through the BKG shop; RapidEye for federal agencies only),1,not_stated,not_stated
not read (terms of use linked on the hub),1,not_stated,not_stated
not read (the AEMO pages that state copyright terms returned 403 to the session),1,not_stated,not_stated
not released (internal models),1,not_stated,keyword
not stated (AFAD websites),1,not_stated,not_stated
not stated (ASCE website),1,not_stated,not_stated
not stated (Arup publication),1,not_stated,not_stated
not stated (CIRIA website terms grant no reuse rights),1,not_stated,not_stated
not stated (CRS reports are US legislative branch publications; no licence statement on the page read on 2026-09-29),1,not_stated,not_stated
not stated (Copernicus service; login required),1,not_stated,not_stated
not stated (DataCite lists the record as Closed Access),1,not_stated,not_stated
not stated (DataCite rights field says only 'License'),1,not_stated,not_stated
not stated (DataCite rights say only 'Other'),1,not_stated,not_stated
not stated (EPRI copyright notice and DOE-sponsored disclaimer in the PDF; no open licence read on 2026-09-29),1,not_stated,not_stated
not stated (Environics Analytics website terms grant no reuse rights),1,not_stated,not_stated
not stated (GI Hub website),1,not_stated,not_stated
not stated (GasBuddy website terms grant no reuse rights),1,not_stated,not_stated
not stated (GeoNode metadata: license 'not_specified'),1,not_stated,not_stated
not stated (IEEE DataPort standard dataset),1,not_stated,not_stated
not stated (JWWA copyright page not read),1,not_stated,not_stated
not stated (Kelvins page: Copyright © European Space Agency 2021); the describing arXiv preprint is under the arXiv non-exclusive distribution licence,1,not_stated,not_stated
not stated (Lloyd's website terms: Lloyd's owns or licenses all rights in material on the site),1,not_stated,not_stated
not stated (MIMU humanitarian use with attribution),1,not_stated,not_stated
not stated (MIMU products with attribution),1,not_stated,not_stated
not stated (MLIT website),1,not_stated,not_stated
not stated (NETL EDX: 'License Not Specified'),1,not_stated,not_stated
not stated (ORNL Open Energy Hub metadata: license null),1,not_stated,not_stated
not stated (Open Development Mekong: 'No license given'),1,not_stated,not_stated
not stated (Oracle website terms grant no reuse rights),1,not_stated,not_stated
not stated (PLEXOS software licence needed to run),1,not_stated,not_stated
not stated (ReliefWeb terms and conditions apply; no licence stated on the page read on 2026-09-29),1,not_stated,not_stated
not stated (SILVIS Lab website),1,not_stated,not_stated
not stated (Swedish copyright; conditions for use unknown),1,not_stated,not_stated
not stated (Swedish public agency data),1,not_stated,not_stated
not stated (The Clearing House website terms grant no reuse rights),1,not_stated,not_stated
not stated (US Government publication page; no licence text read on 2026-09-29),1,not_stated,not_stated
not stated (US Government report with disclaimer; no licence text read on 2026-09-29),1,not_stated,not_stated
not stated (US Government sponsored report),1,not_stated,not_stated
not stated (US federal agency press release; no licence text on the page read on 2026-09-29),1,not_stated,not_stated
not stated (US federal data),1,not_stated,not_stated
not stated (US government data; GIS data released only on request or to qualifying accounts),1,not_stated,not_stated
not stated (US government report),1,not_stated,not_stated
not stated (WHO conditions of use disclaimer),1,not_stated,not_stated
not stated (WMO copyright),1,not_stated,not_stated
not stated (World Bank service),1,not_stated,not_stated
not stated (a Terms of Use link is on the page; its text was not read),1,not_stated,not_stated
not stated (acknowledgement requested),1,not_stated,not_stated
not stated (all rights reserved notice in the footer),1,not_stated,not_stated
not stated (checked 2026-09-26),1,not_stated,not_stated
not stated (cite Garcia et al. 2014),1,not_stated,not_stated
not stated (cite the source when using the data),1,not_stated,not_stated
not stated (commercial API; terms not read on 2026-09-29),1,not_stated,not_stated
not stated (copyright CEOS),1,not_stated,not_stated
not stated (copyright University of Maryland),1,not_stated,not_stated
not stated (dados.gov.pt: 'Licença não especificada'),1,not_stated,not_stated
not stated (data free of charge to everyone),1,not_stated,not_stated
not stated (data set page not reachable on 2026-10-01; the paper is CC-BY-3.0),1,not_stated,not_stated
not stated (data set page not reachable on 2026-10-01; the paper is CC-BY-NC-4.0),1,not_stated,not_stated
not stated (data.ca.gov: 'License not specified'),1,not_stated,not_stated
not stated (data.cnra.ca.gov: 'License not specified'),1,not_stated,not_stated
not stated (data.gov.il: licence field empty),1,not_stated,not_stated
"not stated (data.gov.uk lists ""Licence Not set"")",1,not_stated,not_stated
"not stated (data.gov.uk lists ""Licence not specified"")",1,not_stated,not_stated
"not stated (data.gov.uk record: dataset unpublished, licence field empty)",1,not_stated,not_stated
not stated (data.nasa.gov: 'License not specified'),1,not_stated,not_stated
not stated (data.virginia.gov: 'No License Provided'),1,not_stated,not_stated
not stated (disclaimer only),1,not_stated,not_stated
"not stated (disclaimer only: data are indicative, for information purposes and not for commercial use)",1,not_stated,not_stated
not stated (disclaimer says data is provided as is),1,not_stated,not_stated
not stated (fee-for-service access terms on each tool page),1,not_stated,not_stated
"not stated (free of charge for research, per 2004 article)",1,not_stated,not_stated
not stated (no licence file in the repository),1,not_stated,not_stated
"not stated (no licence file in the repository, read 2026-09-28)",1,not_stated,not_stated
not stated (no licence or terms statement in the PDF read on 2026-09-29),1,not_stated,not_stated
not stated (no licence or terms statement in the PDF read on 2026-09-29; a US federal agency document),1,not_stated,not_stated
not stated (no licence or terms statement in the PDF read on 2026-09-29; an Indian regulatory filing),1,not_stated,not_stated
not stated (no licence or terms statement in the PDF read on 2026-09-29; disclosed by the system operator),1,not_stated,not_stated
"not stated (no licence or terms statement in the PDF read on 2026-09-29; marked TLP:CLEAR, public distribution)",1,not_stated,not_stated
"not stated (no licence or terms statement in the PDF read on 2026-09-29; marked TLP:WHITE, public distribution)",1,not_stated,not_stated
not stated (no licence or terms statement in the executive summary read on 2026-09-29),1,not_stated,not_stated
not stated (no licence or terms statement in the page text read on 2026-09-29),1,not_stated,not_stated
not stated (no licence or terms statement in the report read on 2026-09-29; US federal agency publication),1,not_stated,not_stated
not stated (no licence or terms statement in the report read on 2026-09-29; a government report of the two countries),1,not_stated,not_stated
not stated (no licence or terms statement on the CPUC page read on 2026-09-29),1,not_stated,not_stated
not stated (no licence or terms statement on the ETDEWEB record read on 2026-09-29),1,not_stated,not_stated
not stated (no licence or terms statement on the PDF read on 2026-09-29),1,not_stated,not_stated
not stated (no licence or terms statement on the PG&E page read on 2026-09-29; the report is a regulatory filing),1,not_stated,not_stated
not stated (no licence or terms statement on the dataset page or the paper read on 2026-09-29); API use requires registration for a token,1,not_stated,not_stated
not stated (no licence or terms statement on the page read on 2026-09-29; US federal agency publication),1,not_stated,not_stated
not stated (no licence or terms statement on the page read on 2026-09-29; a US federal agency publication),1,not_stated,not_stated
not stated (no licence or terms statement on the page read on 2026-09-29; a US federal website),1,not_stated,not_stated
not stated (no licence or terms statement on the page read on 2026-09-29; the model itself is not offered for download),1,not_stated,not_stated
not stated (no licence or terms statement on the page read on 2026-09-29; the page is in German),1,not_stated,not_stated
not stated (no licence or terms statement on the pages read on 2026-09-29; individual datasets carry their own terms),1,not_stated,not_stated
not stated (no licence or terms statement on the pages read on 2026-09-29; the preliminary data page asks users to contact the FMI contact person before presenting the data),1,not_stated,not_stated
not stated (no licence or terms statement on the preprint read on 2026-09-29),1,not_stated,not_stated
not stated (no licence or terms statement on the project page read on 2026-09-29),1,not_stated,not_stated
not stated (no licence or terms statement on the provider page read on 2026-09-29; data republished with permission from ICE),1,not_stated,not_stated
not stated (no licence or terms statement on the release read on 2026-09-29),1,not_stated,not_stated
not stated (no licence statement in the PDF text read on 2026-09-29),1,not_stated,not_stated
not stated (no licence statement in the paper text read on 2026-09-29; the repository licence was not checked),1,not_stated,not_stated
not stated (no licence statement on the page read on 2026-09-29; European Commission site notice only),1,not_stated,not_stated
not stated (no licence text in the page text read on 2026-09-29; page is in Japanese),1,not_stated,not_stated
not stated (no licence text on the Partnership page read on 2026-09-29; the platform site itself was not read),1,not_stated,not_stated
not stated (no licence text on the dataset page read on 2026-09-29),1,not_stated,not_stated
not stated (no licence text on the index page read on 2026-09-29; page is in Japanese),1,not_stated,not_stated
not stated (no licence text on the landing page read on 2026-09-29),1,not_stated,not_stated
not stated (no licence text on the page read on 2026-09-29; page is in French),1,not_stated,not_stated
not stated (no licence text on the page read on 2026-09-29; the page credits its header photograph as CC BY 3.0),1,not_stated,not_stated
not stated (no licence text on the provider page read on 2026-09-29),1,not_stated,not_stated
not stated (no licence text on the provider page read on 2026-09-29; made available with no expectation of usefulness or continued functionality),1,not_stated,not_stated
not stated (not found on the pages read),1,not_stated,not_stated
not stated (open-access paper; no software licence or code release stated),1,not_stated,not_stated
not stated (open-source release in preparation),1,not_stated,not_stated
not stated (page says DER-CAM is publicly available and free to use; no licence text on the page read on 2026-09-29),1,not_stated,not_stated
not stated (page states the text is extracted from ETSI TS 103 410-1 V2.1.1 and falls inside the ETSI IPR Policy),1,not_stated,not_stated
not stated (public report),1,not_stated,not_stated
not stated (report carries a US Department of Energy disclaimer; no reuse licence text read on 2026-09-29),1,not_stated,not_stated
not stated (report carries a US Government and Regents of the University of California disclaimer; no reuse licence read on 2026-09-29),1,not_stated,not_stated
"not stated (see the NRC 'Obtaining the Codes' page, not read on 2026-09-29)",1,not_stated,not_stated
not stated (site cites copyright limits on downloads),1,not_stated,not_stated
not stated (the documentation page calls the library free and open source but gives no licence name),1,not_stated,not_stated
not stated (the portal is described as open access),1,not_stated,not_stated
"not stated (the portal items read carry no licence: licenseInfo empty, license ""none"")",1,not_stated,not_stated
"not stated (users are asked to credit THyGA, the European Commission and the Clean Hydrogen Partnership)",1,not_stated,not_stated
not stated (users own their data),1,not_stated,not_stated
not stated (vendor web page; no licence text read on 2026-09-29),1,not_stated,not_stated
"not stated for SingaPort Hybrid; its components (O²DES framework, PortML.Documents) are MIT",1,not_stated,not_stated
not stated for the RIM2D model code; the Frontiers article is CC-BY,1,not_stated,not_stated
not stated for the benchmark models; the WaterTAP implementation is BSD-3-Clause,1,not_stated,not_stated
"not stated for the catalogue; the page says all listed software is unsupported and provided as-is, without warranty, unless the provider states otherwise",1,not_stated,not_stated
not stated for the code (no LICENSE file in the GitHub repository); paper under the arXiv non-exclusive licence; the Hugging Face dataset requires sign-in,1,not_stated,not_stated
not stated for the data (access limited to UK licensed satellite operators and government); site content under OGL v3.0,1,not_stated,not_stated
not stated for the data (access limited to eligible bodies); website content under Licence Ouverte (etalab-2.0),1,not_stated,not_stated
not stated for the data; BAFA site texts are CC-BY-ND-3.0 (DE port),1,not_stated,not_stated
not stated for the data; CGIAR website materials may be reused for non-commercial purposes with attribution and under the same conditions,1,not_stated,not_stated
not stated for the database (GitHub content repository MIT),1,not_stated,not_stated
not stated for the dataset (research portal page read 2026-09-29 says access is restricted; the describing Data in Brief article is CC BY),1,not_stated,not_stated
not stated for the dataset (the repository README has an empty licence section); the describing arXiv preprint is CC-BY-4.0,1,not_stated,not_stated
not stated for the flood layers (source datasets are listed with their own licences),1,not_stated,not_stated
not stated for the inventory; the listed datasets carry their own licences (mostly OGL-UK-3.0 for Network Rail open data),1,not_stated,not_stated
not stated for the map data (gov.pl text content is CC BY-SA 4.0),1,not_stated,not_stated
not stated for the model (the Wikipedia page is CC BY-SA; no software licence stated),1,not_stated,not_stated
not stated for the model code; the describing arXiv preprint is under the CC-BY-NC-SA-4.0,1,not_stated,not_stated
not stated for the model code; the describing arXiv preprint is under the CC-BY-SA-4.0,1,not_stated,not_stated
not stated for the model files,1,not_stated,not_stated
not stated for the model; PBL website content is under a Creative Commons licence,1,not_stated,not_stated
not stated for the model; the describing article (TU Delft open journal) is under a Creative Commons licence,1,not_stated,not_stated
not stated for the model; the describing article on revue-set.fr is CC-BY-NC-ND-4.0,1,not_stated,not_stated
not stated for the models; TUFLOW wiki content is GFDL-1.3-or-later,1,not_stated,not_stated
not stated for the package; the accepted manuscript is CC-BY-NC-ND-4.0,1,not_stated,not_stated
not stated for the register data; gov.pl text content is CC-BY-SA-4.0,1,not_stated,not_stated
not stated for the report; the Internet Society website terms forbid reuse not expressly authorised without written consent,1,not_stated,not_stated
not stated for the resource; the DAFNI website says most of its content is CC-BY-NC-SA-4.0,1,not_stated,not_stated
not stated for the resource; the describing article (doi:10.1002/swe.20100) is CC-BY-NC-ND-3.0,1,not_stated,not_stated
not stated for the resource; the describing article (doi:10.1016/j.dib.2018.06.067) is CC-BY-4.0,1,not_stated,not_stated
not stated for the resource; the describing article (doi:10.1016/j.dib.2023.109349) is CC-BY-NC-ND-4.0,1,not_stated,not_stated
not stated for the resource; the describing article (doi:10.1016/j.ecoser.2021.101314) is CC-BY-4.0,1,not_stated,not_stated
not stated for the resource; the describing article (doi:10.1016/j.envsoft.2019.02.006) is CC-BY-NC-ND-4.0,1,not_stated,not_stated
not stated for the resource; the describing article (doi:10.1016/j.jpubtr.2026.100149) is CC-BY-4.0,1,not_stated,not_stated
not stated for the resource; the describing article (doi:10.1016/j.rse.2021.112708) is CC-BY-4.0,1,not_stated,not_stated
not stated for the resource; the describing article (doi:10.1016/j.rse.2026.115438) is CC-BY-4.0,1,not_stated,not_stated
not stated for the resource; the describing article (doi:10.1029/2024sw003988) is CC-BY-NC-ND-4.0,1,not_stated,not_stated
not stated for the resource; the describing article (doi:10.1038/s41597-020-00582-3) is CC-BY-4.0,1,not_stated,not_stated
not stated for the resource; the describing article (doi:10.1038/s41597-025-05755-6) is CC-BY-4.0,1,not_stated,not_stated
not stated for the resource; the describing article (doi:10.1038/sdata.2015.7) is CC-BY-4.0,1,not_stated,not_stated
not stated for the resource; the describing article (doi:10.1038/sdata.2019.32) is CC-BY-4.0,1,not_stated,not_stated
not stated for the resource; the describing article (doi:10.1080/01944363.2023.2284160) is CC-BY-4.0,1,not_stated,not_stated
not stated for the resource; the describing article (doi:10.1088/1748-9326/9/6/064009) is CC-BY-3.0,1,not_stated,not_stated
not stated for the resource; the describing article (doi:10.1093/pnasnexus/pgad429) is CC-BY-4.0,1,not_stated,not_stated
not stated for the resource; the describing article (doi:10.1109/access.2021.3097627) is CC-BY-4.0,1,not_stated,not_stated
not stated for the resource; the describing article (doi:10.1145/3560905.3567760) is CC-BY-4.0,1,not_stated,not_stated
not stated for the resource; the describing article (doi:10.1371/journal.pone.0267397) is CC-BY-4.0,1,not_stated,not_stated
not stated for the resource; the describing article (doi:10.3390/atmos9060209) is CC-BY-4.0,1,not_stated,not_stated
not stated for the resource; the describing article (doi:10.3390/data10030035) is CC-BY-4.0,1,not_stated,not_stated
not stated for the resource; the describing article (doi:10.3390/rs13214357) is CC-BY-4.0,1,not_stated,not_stated
not stated for the resource; the describing article (doi:10.48550/arxiv.1906.07471) is under the arXiv non-exclusive distribution licence,1,not_stated,not_stated
not stated for the site's own presentation; the page credits the underlying ORNL EAGLE-I outage data (2014 to 2025) as CC BY 4.0,1,not_stated,not_stated
not stated for the software; the nsnam wiki content is CC-BY-SA-4.0,1,not_stated,not_stated
not stated for the thematic layers (basemaps credited CC BY 4.0 to scne.es and ign.es),1,not_stated,not_stated
not stated for the tool; UC ANR web content is CC-BY-NC-ND-4.0,1,not_stated,not_stated
not stated in metadata read,1,not_stated,not_stated
not stated in the OpenAlex record; software release not confirmed,1,not_stated,not_stated
not stated in the PDF read (US government publication),1,not_stated,not_stated
not stated in the PDF text read on 2026-09-29 (a US federal agency report; NTSB publications are also sold through NTIS as PB2012-916501),1,not_stated,not_stated
not stated in the PDF text read on 2026-09-29 (a US federal agency staff document); the PDF says it does not necessarily reflect the views of the Commission,1,not_stated,not_stated
not stated in the PDF text read on 2026-09-29 (a US federal agency staff report),1,not_stated,not_stated
not stated in the PDF text read on 2026-09-29; the report carries AEMO copyright (c) 2017 and a disclaimer,1,not_stated,not_stated
not stated in the ScienceBase metadata read (USGS data release),1,not_stated,not_stated
not stated in the app,1,not_stated,not_stated
not stated in the application read,1,not_stated,not_stated
not stated in the catalogue entries,1,not_stated,not_stated
not stated in the catalogue entry or on the page read,1,not_stated,not_stated
not stated in the documentation read,1,not_stated,not_stated
not stated in the download form read,1,not_stated,not_stated
not stated in the entry read,1,not_stated,not_stated
not stated in the hub metadata (license field empty),1,not_stated,not_stated
not stated in the listing,1,not_stated,not_stated
not stated in the metadata read (WFS lists no fees or access constraints),1,not_stated,not_stated
not stated in the metadata record (free data),1,not_stated,not_stated
not stated in the opening pages read,1,not_stated,not_stated
not stated in the opening pages read; views are the authors' own,1,not_stated,not_stated
not stated in the page text read,1,not_stated,not_stated
not stated in the part read,1,not_stated,not_stated
not stated in the part read (attribution document linked),1,not_stated,not_stated
not stated in the part read (data.gov access level public),1,not_stated,not_stated
not stated in the part read (panels marked public),1,not_stated,not_stated
not stated in the portal item metadata (licenseInfo empty); set on each dataset page,1,not_stated,not_stated
not stated in the product description read,1,not_stated,not_stated
not stated in the repository,1,not_stated,not_stated
not stated in the repository (no licence file found); distributed through the QGIS plugin repository,1,not_stated,not_stated
not stated in the repository (no licence file); cite the CANet paper,1,not_stated,not_stated
not stated in the repository (no licence file); cite the VehicleSec 2024 paper,1,not_stated,not_stated
not stated in the repository root,1,not_stated,not_stated
not stated in the repository; CEN standard document sold by CEN,1,not_stated,not_stated
not stated in the terms read (ESA website),1,not_stated,not_stated
not stated in the text read (report carries an OECD 2011 copyright line; reuse terms were not on the pages read on 2026-09-29),1,not_stated,not_stated
not stated in the viewer; INEGI terms of free use apply to INEGI information (not read),1,not_stated,not_stated
not stated on the API pages,1,not_stated,not_stated
not stated on the DOE Data Explorer record (US government-funded data; check the NREL data repository terms),1,not_stated,not_stated
not stated on the HDX dataset page (HDX site content is CC BY 4.0 except where otherwise noted),1,not_stated,not_stated
not stated on the NYC Open Data entry,1,not_stated,not_stated
not stated on the OSTI record,1,not_stated,not_stated
not stated on the PDF read on 2026-09-29; a US federal government publication,1,not_stated,not_stated
not stated on the Treesearch page read,1,not_stated,not_stated
not stated on the Zenodo record read (derived works cite the scenario data as CC BY 4.0),1,not_stated,not_stated
not stated on the article page read,1,not_stated,not_stated
not stated on the dataset page read,1,not_stated,not_stated
not stated on the download page (ENTSO-E website terms),1,not_stated,not_stated
not stated on the fact sheet,1,not_stated,not_stated
not stated on the index (attribution and citation guidance linked),1,not_stated,not_stated
not stated on the index page,1,not_stated,not_stated
not stated on the list site; linked resources carry their own terms,1,not_stated,not_stated
not stated on the map,1,not_stated,not_stated
not stated on the overview page,1,not_stated,not_stated
not stated on the page (open data format offered),1,not_stated,not_stated
not stated on the page (site footer: all rights reserved),1,not_stated,not_stated
not stated on the page read (BlueBooks are described as downloadable),1,not_stated,not_stated
not stated on the page read (Commission disclaimer on accuracy),1,not_stated,not_stated
not stated on the page read (Eurostat microdata access conditions),1,not_stated,not_stated
not stated on the page read (NRW attribution statement; licence linked from the page),1,not_stated,not_stated
not stated on the page read (NYC open data),1,not_stated,not_stated
not stated on the page read (U.S. Government data product),1,not_stated,not_stated
not stated on the page read (US federal programme; data published for public use),1,not_stated,not_stated
not stated on the page read (US federal publication),1,not_stated,not_stated
not stated on the page read (US government journal),1,not_stated,not_stated
not stated on the page read (US government publication),1,not_stated,not_stated
not stated on the page read (US government software),1,not_stated,not_stated
not stated on the page read (US government),1,not_stated,not_stated
not stated on the page read (US state government web page),1,not_stated,not_stated
not stated on the page read (USGS publications are generally public domain),1,not_stated,not_stated
not stated on the page read (access stated as free),1,not_stated,not_stated
not stated on the page read (commercial imagery; PakTES-1A free for academic use),1,not_stated,not_stated
not stated on the page read (commercial product),1,not_stated,not_stated
not stated on the page read (commercial terms),1,not_stated,not_stated
not stated on the page read (copyright CGI 2017),1,not_stated,not_stated
"not stated on the page read (data disclaimer restricts to public information use, not commercial or legal use)",1,not_stated,not_stated
"not stated on the page read (described as publicly available, non-confidential cases)",1,not_stated,not_stated
not stated on the page read (disclaimer linked),1,not_stated,not_stated
not stated on the page read (download after survey),1,not_stated,not_stated
not stated on the page read (free and open to the public to view and use),1,not_stated,not_stated
not stated on the page read (free download),1,not_stated,not_stated
not stated on the page read (open access),1,not_stated,not_stated
not stated on the page read (restricted record),1,not_stated,not_stated
not stated on the page read (set by each national agency),1,not_stated,not_stated
not stated on the page read (specifications are described as made available free of charge),1,not_stated,not_stated
not stated on the page read (terms of use apply),1,not_stated,not_stated
not stated on the page read (the solution is described as free open source),1,not_stated,not_stated
not stated on the page read (usage specifications linked),1,not_stated,not_stated
not stated on the page read (users are asked to cite the original authors),1,not_stated,not_stated
not stated on the page read (varies by dataset),1,not_stated,not_stated
not stated on the page read on 2026-09-29 (US Congressional Research Service work republished by a library project),1,not_stated,not_stated
not stated on the page read on 2026-09-29 (US federal agency records),1,not_stated,not_stated
not stated on the page read; cite Zarfl et al. 2015,1,not_stated,not_stated
not stated on the page read; described as open source,1,not_stated,not_stated
not stated on the page read; free of charge for the user community after a short registration,1,not_stated,not_stated
not stated on the page read; the design needs a commercial STK licence,1,not_stated,not_stated
"not stated on the page read; the map credits TeleGeography, PeeringDB, Submarine Networks, CAIDA, IPinfo and UO Route Views",1,not_stated,not_stated
not stated on the page; a DOI (10.7419/162.03.2022) is given for citation,1,not_stated,not_stated
not stated on the page; citation of Evelpidou et al. (2023) requested,1,not_stated,not_stated
not stated on the page; the page gives a contact for questions on data use,1,not_stated,not_stated
not stated on the pages read (2026-09-29); a use instructions and licence PDF accompanies the base map projects,1,not_stated,not_stated
not stated on the pages read (NASS terms of service for the API),1,not_stated,not_stated
not stated on the pages read (OECD publication),1,not_stated,not_stated
not stated on the pages read (PMC author manuscript),1,not_stated,not_stated
not stated on the pages read (SGIS terms of use accepted when requesting data),1,not_stated,not_stated
not stated on the pages read (article free to read at PNAS),1,not_stated,not_stated
not stated on the pages read (copyright Enerdata),1,not_stated,not_stated
not stated on the pages read (detailed data under the Public Sector Geospatial Agreement),1,not_stated,not_stated
not stated on the pages read (free of charge),1,not_stated,not_stated
not stated on the pages read (free to read),1,not_stated,not_stated
not stated on the pages read (item licence field empty),1,not_stated,not_stated
not stated on the pages read (publicly available at no cost),1,not_stated,not_stated
not stated on the pages read (site copyright Heat Roadmap Europe),1,not_stated,not_stated
not stated on the pages read; the document says the information is general and the Commonwealth does not guarantee accuracy,1,not_stated,not_stated
not stated on the paper,1,not_stated,not_stated
not stated on the paper; no code release confirmed,1,not_stated,not_stated
not stated on the platform (checked 2026-09-26),1,not_stated,not_stated
not stated on the portal home page,1,not_stated,not_stated
not stated on the portal page; protected area for data purchase (Geoshop),1,not_stated,not_stated
not stated on the toolkit pages read,1,not_stated,not_stated
not stated on the tools page (repository not read),1,not_stated,not_stated
not stated on the wiki page,1,not_stated,not_stated
not stated per project on the list page,1,not_stated,not_stated
"not stated; ""Hakcipta Terpelihara"" (all rights reserved) in the footer",1,not_stated,not_stated
not stated; ABNT standards themselves are sold by ABNT,1,not_stated,not_stated
not stated; NVE data on Geonorge is described in a search summary as available as WFS in GML,1,not_stated,not_stated
not stated; cadastral maps by subscription only,1,not_stated,not_stated
not stated; contest terms and conditions,1,not_stated,not_stated
not stated; county data disclaimer with no warranty and no commercial use of lists of individuals,1,not_stated,not_stated
not stated; maps free from the data catalogue or on request,1,not_stated,not_stated
not stated; raw submissions confidential,1,not_stated,not_stated
not stated; research platform,1,not_stated,not_stated
not stated; source and partnership information per dataset in the map,1,not_stated,not_stated
not stated; the EGIG site grants no rights or licences,1,not_stated,not_stated
not stated; the site has a copyright and use policy page (not read),1,not_stated,not_stated
not stated; use is restricted to road-sector users,1,not_stated,not_stated
not yet specified; the README asks users to coordinate with Sinar Project before reuse or redistribution,1,not_stated,not_stated
"notspecified, cc-by",1,attribution,named_licence
"notspecified, cc-zero, cc-by",1,public_domain|attribution,named_licence
nuScenes terms of use (non-commercial research; not read); devkit Apache-2.0,1,permissive_code,named_licence
open access (licence not named on the record page),1,not_stated,not_stated
open access (no licence named),1,not_stated,not_stated
open access article; licence not confirmed on the page read,1,not_stated,not_stated
open access article; no code released,1,not_stated,keyword
open access copy on reUNIR (licence not read),1,not_stated,not_stated
open access for scientific use with a required acknowledgement (rules of the road); no formal licence named,1,not_stated,keyword
open access viewer; licence not stated,1,not_stated,not_stated
open core with commercial licence for advanced features (see repository),1,proprietary,keyword
"open data (""Terbuka""); licence name not stated",1,not_stated,not_stated
open data (licence not stated in the news read),1,not_stated,not_stated
open data according to the search summaries; terms not read,1,not_stated,not_stated
open data definition cited (attribution and share-alike at most); feed licence not named,1,not_stated,not_stated
open data without conditions,1,provider_terms,keyword
"open data, free use with source citation (ICNF terms)",1,attribution,keyword
open licence (name not stated on the overview page read),1,not_stated,not_stated
open software (licence not named in the news item),1,not_stated,not_stated
open source (licence file on GitHub not read; citation required for use of the public system),1,not_stated,not_stated
open source (licence named in the code distribution),1,provider_terms,keyword
open source (licence not named on the pages read); needs a GAMS licence,1,not_stated,not_stated
open source (licence not named); needs an ArcGIS licence to run,1,not_stated,not_stated
open source; exact component licences not inspected,1,not_stated,not_stated
open source; exact software licence not established,1,not_stated,not_stated
open source; exact terms not inspected,1,not_stated,not_stated
opendata.swiss terms of use,1,provider_terms,keyword
opendata.swiss terms of use set by SFOE (exact category not read),1,not_stated,not_stated
opendata.swiss terms of use set per dataset (two terms categories among the 26 datasets; not read individually),1,not_stated,not_stated
opendata.swiss terms: open use with source attribution (BY),1,attribution,keyword
openly shared without restriction under the EOSDIS Data Use and Citation Guidance (as stated on the catalog page),1,public_domain,keyword
opentransportdata.swiss terms of use (open data with attribution),1,provider_terms,keyword
"other closed licence, as stated on Open.NRW",1,proprietary,keyword
other non-commercial licence (terms not stated in the catalogue),1,not_stated,not_stated
other non-commercial licence as labelled on the portal,1,non_commercial,keyword
other open licence (as labelled on Zenodo),1,attribution,keyword
other open licence (terms not stated in the catalogue),1,not_stated,not_stated
other open licence listed; data released on request,1,attribution,keyword
"other open licence with attribution, as labelled on the portal",1,attribution,keyword
other-open (Zenodo; detailed terms unspecified),1,not_stated,not_stated
paid subscription for high-detail data; free base datasets,1,proprietary,keyword
"paper stated as open access, CC BY-NC-ND (per the ISOC LIVE summary)",1,non_commercial,named_licence
"per collection: some model collections are public domain, others need the Universal NDA",1,varies,keyword
per database (set by each data provider),1,varies,keyword
per dataset (Gustave Eiffel 2024 set GPL-3.0-or-later),1,copyleft_code,named_licence
"per dataset (mainly CC BY, CC BY-SA and ODbL)",1,share_alike|attribution,named_licence
per dataset (mostly Licence Ouverte 2.0 or ODbL),1,share_alike|attribution,named_licence
per dataset (see data.ny.gov terms),1,varies,keyword
"per dataset, mostly Creative Commons Attribution",1,attribution,named_licence
"per layer (owner's terms; many Creative Commons, Esri terms for Living Atlas)",1,varies,keyword
per simulation: unrestricted or non-commercial (CORDEX RCM list),1,non_commercial,keyword
per-feature source licences (for example OpenStreetMap ODbL); check the source fields,1,share_alike,named_licence
permissive NASA open-source licence for the Python version (web tool terms not stated),1,not_stated,not_stated
platform access policy (tiers by user eligibility),1,provider_terms,keyword
platform terms of use; hosted models and data carry their own licences,1,varies,keyword
platform's own terms of use (独自利用規約),1,provider_terms,keyword
portal conditions of use (not read),1,not_stated,not_stated
proprietary (AWS service terms),1,proprietary,keyword
proprietary (Cloudscene website terms),1,proprietary,keyword
"proprietary (ESO copyright), view only",1,proprietary,keyword
proprietary (Itasca EULA),1,proprietary,keyword
proprietary (JPL; download for licensed users only),1,proprietary,keyword
proprietary (Personal Learning Edition free for evaluation and personal use),1,proprietary,keyword
proprietary (Python API GPL-3.0-or-later),1,copyleft_code|proprietary,named_licence
"proprietary (all rights reserved, IRU/ITF)",1,proprietary,keyword
proprietary (annual statistics sold for a cost contribution),1,proprietary,keyword
proprietary (closed source; contact INL),1,proprietary,keyword
proprietary (commercial; Spire data descriptions and order forms),1,proprietary,keyword
proprietary (contact Argonne),1,proprietary,keyword
proprietary (contact INL),1,proprietary,keyword
proprietary (distributed with IZUBA Energies; terms not stated on the page),1,not_stated,not_stated
proprietary (licensing through PNNL),1,proprietary,keyword
"proprietary (paid annual licence, CIRIA terms and conditions)",1,proprietary,keyword
proprietary (plant-specific models licensed; free demonstration modules),1,proprietary,keyword
proprietary (subscription licence; free university licence),1,proprietary,keyword
proprietary (subscription),1,proprietary,keyword
proprietary (terms not stated on the page read),1,not_stated,not_stated
"proprietary (the describing article, itself CC-BY-3.0, states that the software carries independent proprietary rights)",1,attribution|proprietary,named_licence
proprietary commercial model,1,proprietary,keyword
proprietary commercial product,1,proprietary,keyword
proprietary product; terms not inspected,1,not_stated,not_stated
proprietary publication,1,proprietary,keyword
proprietary service (Dandelion Energy EULA),1,proprietary,keyword
proprietary service (training and exercise offering),1,proprietary,keyword
proprietary software; VITO terms of use (not read),1,not_stated,not_stated
proprietary subscription service; the R5 routing engine is open source (MIT),1,permissive_code|proprietary,named_licence
proprietary; internal Deutsche Bahn system (no public licence stated),1,proprietary,keyword
proprietary; provider states independent intellectual property,1,proprietary,keyword
proprietary; teaching and research version free of charge,1,proprietary,keyword
proprietary; terms not established,1,not_stated,not_stated
proprietary; terms not published on the page,1,not_stated,not_stated
provided as-is (NIST beta software; no licence named),1,not_stated,not_stated
provided under the NLR disclaimer conditions shown in the Scenario Viewer (no open licence named),1,not_stated,not_stated
provider-specific licences (as stated in the documentation),1,varies,keyword
public domain (U.S. government work),1,public_domain,named_licence
public domain (US EPA; commercial and non-commercial use allowed),1,public_domain,named_licence
"public domain (USGS, no use restrictions)",1,public_domain,named_licence
"public domain (WRF notice, NCAR/UCAR)",1,public_domain,keyword
public domain (stated on the OSM wiki import page),1,public_domain,keyword
public domain for DOE-created data; site arrangement NTESS; download agreement forbids repackaged redistribution,1,public_domain,named_licence
"public domain label (industrial products) and CC-BY-SA-3.0 (biofuels), as shown on KAPSARC",1,share_alike,named_licence
public use (as stated on the items),1,not_stated,keyword
public-domain,1,public_domain,keyword
publicly available free of charge (no open licence named),1,not_stated,not_stated
purchase terms (no open licence stated),1,not_stated,not_stated
references and pictures may be used with proper reference to ehb.eu,1,attribution,keyword
released as part of the OS Open Data initiative. This data is made available under the Public Domain Dedication and License v1.0 whose full text can be found at http://www.opendatacommons.org/licenses/pddl/1.0/.,1,public_domain,named_licence
reports free to download; microdata listed as licensed files (Fichiers sous licence),1,provider_terms,keyword
reports free to download; microdata under ANSD access conditions and the statistics law 2004-21,1,provider_terms,keyword
reproduction allowed for non-commercial purposes with full attribution,1,non_commercial,keyword
reproduction allowed for noncommercial purposes with full attribution (from the report's Rights and Permissions text),1,non_commercial,keyword
reproduction authorised provided ENISA is acknowledged (copyright notice in the report); the publication must be accessible free of charge,1,provider_terms,keyword
"reproduction for educational, research and non-profit purposes with acknowledgement; no commercial use without permission",1,non_commercial,keyword
reproduction of data and information allowed with the source cited,1,attribution,keyword
reproduction permitted with credit to ERA,1,attribution,keyword
research use (terms on the site),1,provider_terms,keyword
research use only (README); no licence file,1,non_commercial,keyword
research use only (terms on the item; no open licence named),1,not_stated,not_stated
restricted access on Zenodo,1,proprietary,keyword
"restricted, for reference use (as stated in the metadata)",1,proprietary,keyword
reuse on other websites allowed with source and list date shown,1,attribution,keyword
see FAO terms (licence not stated on the page),1,not_stated,not_stated
see provider terms (CC-BY-4.0 stated for the GDW successor; GRanD terms not read),1,attribution,named_licence
see repository,1,not_stated,not_stated
service terms (no open licence stated),1,not_stated,not_stated
service terms of the EU SST Service Provision Portal,1,provider_terms,keyword
set by each state operator (not stated on the page read),1,not_stated,not_stated
"set per dataset (IEDC records a licence for each dataset, from CC BY to all rights reserved); code MIT",1,attribution|permissive_code,named_licence
set per dataset (portal says open data may be reused under the licence set by the holder),1,varies,keyword
set per dataset on each dataset page (e.g. CIC Modbus 2023: redistribution allowed with citation),1,varies,keyword
set per dataset on the service,1,varies,keyword
"set per dataset; about 1,060 of 1,191 datasets state CC-BY-4.0 and 66 CC0-1.0",1,public_domain|attribution,named_licence
"set per dataset; about 215 of 449 records name a Creative Commons Attribution licence (CC-BY 3.0 AU, 4.0), 143 state no licence",1,attribution,named_licence
set per feed (most feeds carry an open licence link),1,attribution,keyword
"set per layer; the layers read (Geoscience Australia, ABS) are CC-BY-4.0",1,attribution,named_licence
set per platform (not read),1,not_stated,not_stated
set per system (not read),1,not_stated,not_stated
set per tool (not read),1,not_stated,not_stated
site content CC BY 4.0 unless stated otherwise,1,attribution,named_licence
site disclaimer and copyright terms (no open licence named),1,not_stated,not_stated
"site rules for use of information (linked, not read)",1,not_stated,not_stated
site terms of use (not read); all rights reserved,1,not_stated,not_stated
smif MIT; sector models vary (some closed),1,permissive_code,named_licence
sold under ANCFCC conditions (not read),1,not_stated,not_stated
source-dependent; no common licence established,1,provider_terms,keyword
state boundary CC BY 4.0; other layers not stated,1,attribution,named_licence
"stated as ""All data are free and provided without license restrictions."" on the registry page",1,provider_terms,keyword
"stated as ""CC BY"" on the registry page",1,attribution,named_licence
"stated as ""Conditions of Release - Data is available by permission of the Virginia Department of Conservation and Recreation."" on the registry page",1,provider_terms,keyword
"stated as ""GeoNet data are made available free of charge under ' CC3 licence"" on the registry page",1,provider_terms,keyword
"stated as ""MIT-0"" on the registry page",1,permissive_code,named_licence
"stated as ""Materials Project Terms of Use"" on the registry page",1,provider_terms,keyword
"stated as ""NCEDC hereby grants the non-exclusive, royalty free, non-transferable, worldwide right and license to use, reproduce and publicly display in"" on the registry page",1,provider_terms,keyword
"stated as ""NOAA data disseminated through NODD are open to the public and can be used as desired.NOAA makes data openly available to ensure maximum use"" on the registry page",1,attribution,open_or_free
"stated as ""SCEDC herby grants the non-exclusive, royalty free, non-transferable, worldwide right and license to use, reproduce and publicly display in "" on the registry page",1,provider_terms,keyword
"stated as ""The LiDAR Point Clouds dataset is available free of charge under the Open Government License - Canada"" on the registry page",1,attribution,named_licence
"stated as ""This data is available for anyone to use under the "" Rights and Terms"" on the registry page",1,provider_terms,keyword
"stated as ""Varies, see dataset specific metadata"" on the registry page",1,varies,keyword
"stated as ""When using these data please cite both the network owners, identified by network code, and NSF's NGF facility operated by EarthScope."" on the registry page",1,other,fallback_other
"stated as ""You may use this dataset for non-commercial purposes."" on the registry page",1,non_commercial,keyword
"stated as ""http://www1.nyc.gov/home/terms-of-use.page"" on the registry page",1,provider_terms,keyword
"stated as ""https://creativecommons.org/licenses/by/4.0/ with attribution to Louisiana Watershed Council"" on the registry page",1,attribution,named_licence
"stated as ""https://github.com/openEDI/documentation/blob/master/US_Wave.md"" on the registry page",1,other,fallback_other
"stated as ""https://github.com/openeew/openeew#license"" on the registry page",1,provider_terms,keyword
station software GPL-3.0; no data licence stated in the TinyGS terms,1,copyleft_code,named_licence
statistical use; CFIA assumes no responsibility for third-party use (no licence named),1,not_stated,not_stated
subscription terms (no open licence stated),1,not_stated,not_stated
subscription terms (not read),1,not_stated,not_stated
subscription terms (not stated on the page read),1,not_stated,not_stated
supplier end user licences for Dutch users (not open data); Copernicus terms for Sentinel-2,1,proprietary,keyword
swisstopo terms (proprietary in STAC),1,proprietary,keyword
swisstopo terms of use (open government data),1,provider_terms,keyword
tariff package terms (no open licence stated),1,not_stated,not_stated
"techUK publication, all rights reserved",1,proprietary,keyword
terms of each database,1,provider_terms,keyword
terms of use per service (browsing and retrieval terms not read),1,not_stated,not_stated
terms of use: information purposes only; commercial use and direct access to the web services without TKGM permission are forbidden,1,proprietary,keyword
"terms recorded on the dataset page: All materials, software, maps, studies, reports, and other products or data, regardless of physical form or characteristics, produced in furtherance o",1,provider_terms,keyword
"terms recorded on the dataset page: Cite National Imagery and Mapping Agency. For educational non-commercial use only. Harvard University makes no claims, no representations, and no warr",1,non_commercial,keyword
terms recorded on the dataset page: For Non-commercial use only.,1,non_commercial,keyword
"terms recorded on the dataset page: For educational non-commercial use only. Harvard University makes no claims, no representations, and no warranties, express or implied, concerning the",1,non_commercial,keyword
"terms recorded on the dataset page: For educational non-commercial use only. The City of Somerville makes no claims, no representations, and no warranties, express or implied, concerning",1,non_commercial,keyword
"terms recorded on the dataset page: For educational non-commercial use only. The Town of Brookline makes no claims, no representations, and no warranties, express or implied, concerning",1,non_commercial,keyword
terms recorded on the dataset page: None. Acknowledgment of the Bureau of Transportation Statistics National Transportation Atlas Database would be appreciated in products derived from t,1,provider_terms,keyword
"terms recorded on the dataset page: The NHPN Version 3.0 database, or any portion thereof, can be freely distributed as long as this metadata entry is included with each Distribution. Th",1,provider_terms,keyword
"terms recorded on the dataset page: The data are provided by multiple, third party data vendors under license to ESRI for inclusion on ESRI Data & Maps for use with ESRI software. Each d",1,provider_terms,keyword
uk-ogl,1,attribution,named_licence
use and modify with a visible reference to the original author and university (info tab),1,other,fallback_other
"use at own liability, source must be cited (terms on the page; Dubai data laws 26/2015 and 2/2016)",1,provider_terms,keyword
"use restricted to the requested purpose, no sharing with third parties (metadata section 2.17)",1,proprietary,keyword
user agreement (no open licence stated),1,not_stated,not_stated
user agreement (not read),1,not_stated,not_stated
varies by city repository (for example CC-BY-3.0 for Kampala),1,attribution,named_licence
varies by component (no single licence stated),1,varies,keyword
varies by contributing data provider,1,varies,keyword
varies by dataset,1,varies,keyword
"varies by dataset (ODPT basic licence, CC BY 4.0, Public Data License 1.0, CC0, Open Data Challenge limited licence)",1,public_domain|attribution,named_licence
"varies by dataset (ODbL, provider terms, many unspecified)",1,share_alike,named_licence
"varies by dataset (for example CC BY-NC-ND 4.0, or none stated)",1,non_commercial,named_licence
varies by dataset (no portal licence stated),1,varies,keyword
varies by dataset (not stated on the pages read),1,not_stated,not_stated
varies by dataset (set by each contributor),1,varies,keyword
varies by dataset (stated on each HDX dataset),1,varies,keyword
varies by dataset (terms on each dataset page),1,varies,keyword
varies by mission and collection (ESA data policy terms on each collection page),1,varies,keyword
varying data use or licensing agreements,1,varies,keyword
webmap.cn service terms (not read in full); map publication subject to Chinese map review rules,1,not_stated,not_stated
wiki content licence not read; the listed models and data carry their own terms,1,not_stated,not_stated
"wiki content under the OpenStreetMap wiki licence (not confirmed on the page read); the listed maps carry their own terms, for example EIA maps stated as public domain with credit",1,public_domain,named_licence
worldsteel copyright; subscription data for internal use only,1,proprietary,keyword
© 2018 IChemE (no open licence stated),1,not_stated,not_stated
"© Lloyd's 2013, all rights reserved",1,proprietary,keyword
ČÚZK conditions for spatial data; not read,1,not_stated,not_stated
İzmir Metropolitan Municipality open data licence (some CC-BY),1,attribution,named_licence
Лиценцата не е наведена,1,other,fallback_other
公共データ利用規約（第1.0版),1,other,fallback_other
이용허락범위 제한 없음,1,public_domain,keyword
