raw_value,records,mapped,rule
not stated on the portal listing (dataset page not read),15908,,no_standard_licence
CC-BY-4.0,9234,CC-BY,named_licence
政府資料開放授權條款-第1版,2959,,no_standard_licence
not stated (no licence or terms statement on the provider pages read on 2026-09-28),1269,,no_standard_licence
not stated in the Mobility Database listing (licence field empty),1153,,no_standard_licence
MIT,1139,MIT,named_licence
Licence Ouverte v2.0 (Etalab),1021,Etalab,named_licence
not stated in the list entry (source page not read),1012,,no_standard_licence
CC0-1.0,953,CC0,named_licence
Creative Commons Attribution,942,CC-BY,named_licence
CC-BY (version not stated),794,CC-BY,named_licence
not stated on the toolkit page (no licence or terms statement seen),792,,no_standard_licence
CC BY 4.0,742,CC-BY,named_licence
CC-BY-3.0-AU,684,CC-BY,named_licence
ODbL-1.0,581,ODbL,named_licence
as linked on the portal listing (https://www.etalab.gouv.fr/licence-ouverte-open-licence),562,Etalab,named_licence
ODC-By-1.0,491,ODC-By,named_licence
not stated (no licence in the DataCite metadata read on 2026-09-29),455,,no_standard_licence
public domain (as labelled on the portal),454,,no_standard_licence
set per dataset on the portal,419,,no_standard_licence
GPL-3.0,403,GPL,named_licence
not stated (only a site copyright notice on the provider pages read on 2026-09-28),379,,no_standard_licence
クリエイティブ・コモンズ 表示（CC BY）,370,CC-BY,named_licence
"licence code ""lsba"" on the portal (not expanded on the listing)",366,,no_standard_licence
other licence as labelled on the portal (terms not stated),336,,no_standard_licence
"U.S. federal government work, public domain (as labelled on the portal)",328,US-Gov-PD,named_licence
CC BY 4.0 (https://creativecommons.org/licenses/by/4.0/),327,CC-BY,named_licence
no restriction on use (이용허락범위 제한 없음),317,,no_standard_licence
CC-BY-SA-4.0,316,CC-BY-SA,named_licence
Apache-2.0,313,Apache,named_licence
UK Open Government Licence (OGL),305,OGL-UK,named_licence
BSD-3-Clause,297,BSD,named_licence
Korea Public Data Portal: permitted use without restriction (이용허락범위 제한 없음),288,,no_standard_licence
Open Government Licence - Canada (as labelled on the portal),272,OGL-Canada,named_licence
Licence Ouverte (Etalab) (https://www.etalab.gouv.fr/wp-content/uploads/2014/05/Licence_Ouverte.pdf),259,Etalab,named_licence
not stated on the portal listing (data set page not read),259,,no_standard_licence
opendata.swiss terms of use: open use,250,,no_standard_licence
as linked on the portal listing (https://creativecommons.org/licenses/by/4.0/),235,CC-BY,named_licence
Public Domain,234,,no_standard_licence
Licence Ouverte v2.0 (Etalab) (https://www.etalab.gouv.fr/wp-content/uploads/2017/04/ETALAB-Licence-Ouverte-v2.0.pdf),233,Etalab,named_licence
not stated on the wiki page (source page not read),229,,no_standard_licence
"CC-BY-4.0 (labelled ""Creative Commons Attribution"" on the DesignSafe project)",200,CC-BY,named_licence
CC BY (https://creativecommons.org/licenses/by/4.0/),198,CC-BY,named_licence
Attribution (CC-BY 4.0),192,CC-BY,named_licence
as linked on the portal listing (http://inspire.ec.europa.eu/metadata-codelist/ConditionsApplyingToAccessAndUse/noConditionsApply),185,,no_standard_licence
as linked on the portal listing (http://opendatacommons.org/licenses/odbl/summary/),171,ODbL,named_licence
Creative Commons 4.0 Attribution (CC-BY) licence – Quebec,168,CC-BY,named_licence
"Esri Master License Agreement (terms of use of the source layer, not read)",168,,no_standard_licence
CC BY,161,CC-BY,named_licence
not stated in the catalogue entry (source page not read),160,,no_standard_licence
not stated on the factsheet,154,,no_standard_licence
OGL-UK-3.0,153,OGL-UK,named_licence
CC BY 4.0 (https://creativecommons.org/licenses/by/4.0/deed.en),142,CC-BY,named_licence
not stated on the page read,142,,no_standard_licence
other open licence as labelled on the portal (terms not stated),134,,no_standard_licence
as linked on the portal listing (https://www.etalab.gouv.fr/wp-content/uploads/2014/05/Licence_Ouverte.pdf),133,Etalab,named_licence
cc-by-4.0,132,CC-BY,named_licence
Open licentie CC0 - Universeel (https://infrabel.opendatasoft.com/pages/license/),128,CC0,named_licence
Open Database License (ODbL) (https://data.sncf.com/pages/licence),126,ODbL,named_licence
as linked on the portal listing (http://inspire.ec.europa.eu/metadata-codelist/ConditionsApplyingToAccessAndUse/conditionsUnknown),126,,no_standard_licence
CC-BY-NC-4.0,125,CC-BY-NC,named_licence
"U.S. federal government work, not copyrighted, unrestricted public use (as stated on the hub)",124,US-Gov-PD,named_licence
Open Government Licence - British Columbia,114,OGL-Canada,named_licence
"opendata.swiss terms of use: open use, the source must be given",109,,no_standard_licence
Not stated,107,,no_standard_licence
the data owner's own terms of use (see the dataset page),106,,no_standard_licence
CC-BY-SA (version not stated),103,CC-BY-SA,named_licence
see the terms of use on the portal (no named licence),102,,no_standard_licence
Climate-ADAPT content (EEA reuse policy),96,,no_standard_licence
not stated (provider pages not readable from the cloud on 2026-09-28),96,,no_standard_licence
Northern Powergrid Open Data Licence v1.0 (https://northernpowergrid.opendatasoft.com/p/opendatalicence/),95,,no_standard_licence
CC0 1.0,92,CC0,named_licence
AGPL-3.0,90,AGPL,named_licence
licence given by link only (https://nap.transportes.gob.es/licencia-datos),90,,no_standard_licence
not stated,86,,no_standard_licence
as linked on the portal listing (https://creativecommons.org/licenses/by/4.0/deed.de),83,CC-BY,named_licence
other-open,81,,no_standard_licence
Open Database License (ODC-ODbL),80,ODbL,named_licence
"terms set by the site, not read in this search",79,,no_standard_licence
CC-BY-2.5,77,CC-BY,named_licence
Government of Japan Standard Terms of Use (compatible with CC-BY-4.0),73,CC-BY,named_licence
CC-BY-NC-SA-4.0,71,CC-BY-NC-SA,named_licence
Open Government Licence - Yukon,67,OGL-Canada,named_licence
as linked on the portal listing (http://www.opendefinition.org/licenses/cc-by),66,CC-BY,named_licence
as linked on the portal listing (http://data.gov.hr/otvorena-dozvola),65,,no_standard_licence
GPL-2.0,63,GPL,named_licence
"No license, or terms of use, asserted by data producer for this dataset was found.",63,,no_standard_licence
Open Government Licence - Alberta,63,OGL-Canada,named_licence
CC-BY,61,CC-BY,named_licence
Istanbul Metropolitan Municipality Open Data License,60,,no_standard_licence
Open Government Licence – Ontario,60,OGL-Canada,named_licence
Access Only,59,,no_standard_licence
DL-DE-BY-2.0,59,DL-DE,named_licence
Elia Open Data Licence (/pages/licence),59,,no_standard_licence
CC-BY-NC-ND-4.0,57,CC-BY-NC-ND,named_licence
Licence ODbL 1.0 (http://opendatacommons.org/licenses/odbl/),56,ODbL,named_licence
Creative Commons - CC0 (http://www.opendefinition.org/licenses/cc-by/),55,CC0|CC-BY,named_licence
Custom (Other),55,,no_standard_licence
BSD-2-Clause,54,BSD,named_licence
https://data.sbb.ch/page/licence,54,,no_standard_licence
as linked on the portal listing (http://creativecommons.org/licenses/by-nc/2.0/cc-by-sa-4.0),53,CC-BY-NC|CC-BY-SA,named_licence
Not stated on the page read,52,,no_standard_licence
LGPL-3.0,51,LGPL,named_licence
proprietary,51,,no_standard_licence
Licence Ouverte (https://www.etalab.gouv.fr/wp-content/uploads/2014/05/Licence_Ouverte.pdf),50,Etalab,named_licence
Elia Open Data Licence,49,,no_standard_licence
Open Data Commons Open Database License (ODbL),49,ODbL,named_licence
Open Jordonian License,48,,no_standard_licence
set per dataset in the repository (not stated on the homepage),48,,no_standard_licence
GPL-3.0-or-later,47,GPL,named_licence
not stated (no licence in the Dataverse metadata read on 2026-09-29),47,,no_standard_licence
not stated (the data licence was not read at the repository; the article itself is open access),47,,no_standard_licence
OTL (as labelled on the portal),46,,no_standard_licence
Licencia de DAG de Uruguay,45,,no_standard_licence
Licence Ouverte,44,Etalab,named_licence
as linked on the portal listing (http://creativecommons.org/publicdomain/zero/1.0/),44,CC0,named_licence
licence given by link only (https://www.trafiklab.se/api/gtfs-datasets/gtfs-regional/#licence),44,,no_standard_licence
CC-BY-2.5-AU,42,CC-BY,named_licence
CC-BY-4.0 (as tagged in the list),42,CC-BY,named_licence
Open Data Commons Public Domain Dedication and License,42,PDDL,named_licence
Public domain (U.S. federal government work),42,US-Gov-PD,named_licence
Creative Commons 1.0 Universal (Public Domain Dedication),41,,no_standard_licence
Licence Ouverte v2.0 (https://www.etalab.gouv.fr/wp-content/uploads/2017/04/ETALAB-Licence-Ouverte-v2.0.pdf),41,Etalab,named_licence
Not specified,41,,no_standard_licence
Creative Commons Non-Commercial (Any),40,,no_standard_licence
Open Data Commons Public Domain Dedication and License (PDDL),40,PDDL,named_licence
cc-zero,40,CC0,named_licence
a licence or disclaimer text is given on the hub listing (The National Risk Index (the Risk Index or the Index) and its associated data are meant for planning purposes only. This ...); terms not read in full,39,,no_standard_licence
not stated in the list entry (repository not read),39,,no_standard_licence
CC-BY (Creative Commons Atribuição; version not stated in the portal metadata),38,CC-BY,named_licence
CC-BY4.0,38,,no_standard_licence
CC BY 3,37,CC-BY,named_licence
Creative Commons Attribution International (CC BY),37,CC-BY,named_licence
Creative Commons CC0 1.0 Universal,37,CC0,named_licence
Licence ODbL Version Française (https://doc.transport.data.gouv.fr/le-point-d-acces-national/cadre-juridique/conditions-dutilisation-des-donnees/licence-odbl),37,ODbL,named_licence
Modellicentie Gratis Hergebruik (https://www.vlaanderen.be/digitaal-vlaanderen/onze-oplossingen/open-data/voorwaarden-voor-het-hergebruik-van-overheidsinformatie/modellicentie-gratis-hergebruik),36,,no_standard_licence
Not stated on the pages read,36,,no_standard_licence
Other,36,,no_standard_licence
as linked on the portal listing (https://creativecommons.org/licenses/by/4.0/deed.lt),36,CC-BY,named_licence
https://creativecommons.org/licenses/by/4.0/,36,CC-BY,named_licence
Proprietary,35,,no_standard_licence
licence given by link only (https://www.bctransit.com/open-data/terms-of-use),35,,no_standard_licence
licence given by link only (https://www.nationalarchives.gov.uk/doc/open-government-licence/version/3/),35,,no_standard_licence
CC-BY-3.0,34,CC-BY,named_licence
Creative Commons Attribution for Intergovernmental Organisations (CC BY-IGO),34,CC-BY,named_licence
Open Government Licence - Vancouver (https://opendata.vancouver.ca/pages/licence/),34,OGL-UK,named_licence
MPL-2.0,33,MPL,named_licence
Creative Commons Attribution-NonCommercial-NoDerivatives 4.0,32,CC-BY-NC-ND,named_licence
Open Government Licence - Canada,32,OGL-Canada,named_licence
BSD-3-Clause (as given in the list),31,BSD,named_licence
Creative Commons Atribuição,31,CC-BY,named_licence
Licence Ouverte (Etalab),30,Etalab,named_licence
cc-by,30,CC-BY,named_licence
CC-BY-SA-3.0,29,CC-BY-SA,named_licence
Other (Open),29,,no_standard_licence
arXiv non-exclusive distribution licence (the paper; no open reuse licence),29,,no_standard_licence
CC BY (https://creativecommons.org/licenses/by/4.0/legalcode),28,CC-BY,named_licence
CC BY 4.0 (article),28,CC-BY,named_licence
Data licence Germany – attribution – Version 2.0,28,DL-DE,named_licence
Canada Open Government Licence,27,OGL-UK,named_licence
Licence Ouverte-LO (https://www.etalab.gouv.fr/licence-ouverte-open-licence),27,Etalab,named_licence
MIT (as given in the list),27,MIT,named_licence
Open data license - FLUVIUS (https://opendata.fluvius.be/p/licentieopendatafluvius),27,,no_standard_licence
licence given by link only (https://www.goswift.ly/api-license),27,,no_standard_licence
unspecified,27,,no_standard_licence
CC BY-NC 4.0,26,CC-BY-NC,named_licence
CC-BY-2.1,26,CC-BY,named_licence
Etalab,26,Etalab,named_licence
Licence Ouverte / Open Licence,26,Etalab,named_licence
as linked on the portal listing (https://creativecommons.org/licenses/by/4.0/deed.sk),26,CC-BY,named_licence
Open Government Licence v3.0,25,OGL-UK,named_licence
licence given by link only (https://www.goswift.ly/api-license); not stated in the Mobility Database listing (licence field empty),25,,no_standard_licence
Public Data License 1.0,24,,no_standard_licence
as linked on the portal listing (https://creativecommons.org/licenses/by/4.0/legalcode.es),24,CC-BY,named_licence
as linked on the portal listing (https://www.govdata.de/dl-de/zero-2-0),24,DL-DE,named_licence
not stated on the page,24,,no_standard_licence
not stated on the pages read,24,,no_standard_licence
Creative Commons Attribution Share-Alike (CC BY-SA),23,CC-BY-SA,named_licence
Custom (Government Use),23,,no_standard_licence
DL-DE-ZERO-2.0,23,DL-DE,named_licence
Licence Ouverte-LO (https://www.etalab.gouv.fr/wp-content/uploads/2017/04/ETALAB-Licence-Ouverte-v2.0.pdf),23,Etalab,named_licence
ODC-BY-1.0,23,ODC-By,named_licence
Open Database License (ODbL) (https://data.sncf.com/pages/cgu/A1#A1),23,ODbL,named_licence
proprietary (as flagged in the list),23,,no_standard_licence
EUPL-1.2,22,EUPL,named_licence
terms recorded on the dataset page: The data are provided under the Harvard University Site License. These data must be used in compliance with the Site License. This means that the data,22,,no_standard_licence
CC BY-SA 4.0,21,CC-BY-SA,named_licence
Singapore Open Data Licence,21,,no_standard_licence
3-Clause BSD License,20,BSD,named_licence
CC-BY-2.5-AR,20,CC-BY,named_licence
Creative Commons Attribution 4.0,20,CC-BY,named_licence
Creative Commons Attribution Share-Alike 4.0,20,CC-BY-SA,named_licence
Licence Ouverte 2.0 (Etalab) (https://www.etalab.gouv.fr/wp-content/uploads/2017/04/ETALAB-Licence-Ouverte-v2.0.pdf),20,Etalab,named_licence
"US Government work, public domain (no licence statement on the page read)",20,US-Gov-PD,named_licence
as linked on the portal listing (http://www.opendefinition.org/licenses/cc-zero),20,CC0,named_licence
CC BY-NC-SA 4.0,19,CC-BY-NC-SA,named_licence
Creative Commons Attribution Share-Alike,19,CC-BY-SA,named_licence
Norwegian Licence for Open Government Data (NLOD) 2.0,19,NLOD,named_licence
US Government work (public domain),19,US-Gov-PD,named_licence
"custom rights statement written on the portal listing (long text, see the linked page)",19,,no_standard_licence
licence given by link only (https://www.agri.ee/regionaalareng-uhistransport/uhistransport-ja-reisimine/uhistranspordiregistri-avaandmed),19,,no_standard_licence
non-commercial use only under the download site terms,19,,no_standard_licence
CC-BY-4.0 (article),18,CC-BY,named_licence
Creative Commons Attribution 2.5 Australia,18,CC-BY,named_licence
Creative Commons CCZero,18,CC0,named_licence
European Commission reuse notice,18,,no_standard_licence
"European Commission reuse notice, CC-BY-4.0",18,CC-BY,named_licence
custom_other,18,,no_standard_licence
https://creativecommons.org/licenses/by/4.0,18,CC-BY,named_licence
not stated on the hub listing (dataset page not read),18,,no_standard_licence
CC-BY-IGO-3.0,17,CC-BY,named_licence
Creative Commons Zero v1.0 Universal,17,CC0,named_licence
Datenlizenz Deutschland - Namensnennung - Version 2.0,17,DL-DE,named_licence
not read,17,,no_standard_licence
proprietary (commercial),17,,no_standard_licence
Creative Commons Attribution 2.1 JP,16,CC-BY,named_licence
GPL,16,GPL,named_licence
CC-BY-NC-3.0,15,CC-BY-NC,named_licence
GPL-3.0-only,15,GPL,named_licence
Nova Scotia Open Government Licence,15,OGL-UK,named_licence
Open Government Licence – Nova Scotia,15,OGL-Canada,named_licence
"as linked on the portal listing (http://opendatacommons.org/licenses/odbl/summary/), as linked on the portal listing (https://www.etalab.gouv.fr/licence-ouverte-open-licence)",15,ODbL|Etalab,named_licence
custom_active_acceptance,15,,no_standard_licence
open-government-licence-toronto,15,,no_standard_licence
CC BY-NC-ND (https://creativecommons.org/licenses/by-nc-nd/4.0/),14,CC-BY-NC-ND,named_licence
Creative Commons Attribution 4.0 (as given on the registry page),14,CC-BY,named_licence
"Korea Open Government Licence type 1 (attribution), as stated on the public data portal",14,OGL-UK,named_licence
Licence Ouverte version 2.0 (https://www.etalab.gouv.fr/wp-content/uploads/2017/04/ETALAB-Licence-Ouverte-v2.0.pdf),14,Etalab,named_licence
License not specified,14,,no_standard_licence
Open Government Licence v3.0 (https://www.nationalarchives.gov.uk/doc/open-government-licence/version/3/),14,OGL-UK,named_licence
Public domain (US government work),14,US-Gov-PD,named_licence
This resource is shared under the Creative Commons Attribution CC BY.,14,CC-BY,named_licence
as linked on the portal listing (http://creativecommons.org/licenses/by/4.0/deed.es),14,CC-BY,named_licence
as linked on the portal listing (http://creativecommons.org/publicdomain/zero/1.0/deed.nl),14,CC0,named_licence
as linked on the portal listing (http://inspire.ec.europa.eu/metadata-codelist/LimitationsOnPublicAccess/noLimitations),14,,no_standard_licence
not stated (repository terms of use not read; each deposit carries its own licence),14,,no_standard_licence
terms recorded on the dataset page: None,14,,no_standard_licence
"CC-BY-4.0 (the paper, as linked on its arXiv abstract page)",13,CC-BY,named_licence
CC-PDDC,13,,no_standard_licence
Cadent Gas Data Sharing Agreement,13,,no_standard_licence
Creative Commons Attribution 3.0 Australia,13,CC-BY,named_licence
GPL-2.0-or-later,13,GPL,named_licence
Licence Ouverte / Open Licence 2.0,13,Etalab,named_licence
Norwegian Licence for Open Government Data 1.0,13,NLOD,named_licence
Open Database License-ODBL (http://opendatacommons.org/licenses/odbl/),13,ODbL,named_licence
Open Government Licence 3.0 (https://www.nationalarchives.gov.uk/doc/open-government-licence/version/3/),13,OGL-UK,named_licence
Public Domain (https://en.wikipedia.org/wiki/Public_domain),13,,no_standard_licence
not stated (no licence in the DataCite metadata read on 2026-10-01),13,,no_standard_licence
odc-odbl,13,ODbL,named_licence
"other open licence (terms as labelled on the portal, not read)",13,,no_standard_licence
AGPL-3.0-or-later,12,AGPL,named_licence
CC0,12,CC0,named_licence
FAO terms: statistical databases fall under the FAO Open Data Licensing Policy and Statistical Databases Terms of Use (licence of this database not named on the pages read),12,,no_standard_licence
License Not Specified,12,,no_standard_licence
Open Data Commons Open Database License (ODbL) (https://data.sncf.com/pages/licence),12,ODbL,named_licence
Open Database License (https://www.opendatacommons.org/licenses/odbl/1.0/),12,ODbL,named_licence
Public domain (U.S. Government work),12,US-Gov-PD,named_licence
"as linked on the portal listing (https://www.etalab.gouv.fr/licence-ouverte-open-licence), as linked on the portal listing (https://www.etalab.gouv.fr/wp-content/uploads/2014/05/Licence_Ouverte.pdf)",12,Etalab,named_licence
as linked on the portal listing (https://www.opendatalapalma.es/pages/avisolegal),12,,no_standard_licence
licence given by link only (https://github.com/Egezenn/kk-gtfs/blob/main/DATA_LICENSE),12,,no_standard_licence
not stated (data set page not reachable on 2026-10-01; the paper is under the journal terms),12,,no_standard_licence
not stated (no licence or terms statement on the paper read on 2026-09-29),12,,no_standard_licence
"not stated in the DesignSafe listing (publication licences offered are CC BY 4.0, ODC-By, CC0 and GPL; project page not read)",12,,no_standard_licence
terms recorded on the dataset page: For educational non-commercial use only. This data may not be redistributed by HGL users. King County data are made available with the understanding t,12,,no_standard_licence
AFL-3.0,11,AFL,named_licence
CC-BY2.1,11,,no_standard_licence
Creative Commons Attribution 3.0,11,CC-BY,named_licence
Creative Commons Attribution | Share Alike 4.0 International,11,CC-BY,named_licence
GPL-3.0 (as given in the list),11,GPL,named_licence
Licence Ouverte 2.0,11,Etalab,named_licence
NYC Open Data terms of use,11,,no_standard_licence
PDDL-1.0,11,PDDL,named_licence
Public Domain U.S. Government,11,US-Gov-PD,named_licence
"as linked on the portal listing (http://inspire.ec.europa.eu/metadata-codelist/ConditionsApplyingToAccessAndUse/noConditionsApply), as linked on the portal listing (https://creativecommons.org/licenses/by/4.0/)",11,CC-BY,named_licence
as linked on the portal listing (http://www.gobiernodecanarias.org/istac/aviso_legal.html),11,,no_standard_licence
as linked on the portal listing (https://creativecommons.org/licenses/by/4.0/deed.es),11,CC-BY,named_licence
as linked on the portal listing (https://creativecommons.org/licenses/by/4.0/legalcode.de),11,CC-BY,named_licence
as linked on the portal listing (https://www.ine.es/aviso_legal),11,,no_standard_licence
cc-by-nc-4.0,11,CC-BY-NC,named_licence
licence given by link only (https://data.ny.gov/download/77gx-ii52/application/pdf),11,,no_standard_licence
not stated (no licence or terms statement on the provider page read on 2026-09-29),11,,no_standard_licence
4TU General Terms of Use,10,,no_standard_licence
CC BY 3 (https://creativecommons.org/licenses/by/3.0/au/),10,CC-BY,named_licence
"CC-BY-4.0, European Commission reuse notice",10,CC-BY,named_licence
Creative Commons Attribution License 4.0 (cc-by 4.0) (https://creativecommons.org/licenses/by/4.0/legalcode),10,CC-BY,named_licence
Custom (Active Acceptance),10,,no_standard_licence
EPL-2.0,10,EPL,named_licence
GPL-3.0 (provider repository label; exact version-or-later terms not independently inspected),10,GPL,named_licence
LGPL-2.1,10,LGPL,named_licence
Open Government Licence v2,10,OGL-UK,named_licence
Public domain (US government work; EIA asks for acknowledgement),10,US-Gov-PD,named_licence
Publisher copyright (subscription article),10,,no_standard_licence
Unlicense,10,Unlicense,named_licence
arXiv non-exclusive distribution licence (authors retain copyright; no open reuse licence),10,,no_standard_licence
as linked on the portal listing (https://creativecommons.org/licenses/by/4.0/deed.es_ES),10,CC-BY,named_licence
"as linked on the portal listing (https://www.etalab.gouv.fr/licence-ouverte-open-licence), as linked on the portal listing (http://opendatacommons.org/licenses/odbl/summary/)",10,ODbL|Etalab,named_licence
"as linked on the portal listing (https://www.etalab.gouv.fr/wp-content/uploads/2014/05/Licence_Ouverte.pdf), as linked on the portal listing (https://www.etalab.gouv.fr/licence-ouverte-open-licence)",10,Etalab,named_licence
cc-by-nc-nd-4.0,10,CC-BY-NC-ND,named_licence
licence given by link only (https://www.nvbw.de/open-data/fahrplandaten/fahrplandaten-mit-liniennetz),10,MIT,named_licence
not stated (the WDST pages read on 2026-09-30 carry only the notice 'Kentucky Water Resources Research Institute copyright 2016' and no reuse terms),10,,no_standard_licence
not stated for the software; the describing arXiv preprint is under the arXiv non-exclusive distribution licence,10,,no_standard_licence
not stated on the NLR page,10,,no_standard_licence
not stated on the home page,10,,no_standard_licence
notspecified,10,,no_standard_licence
other closed licence (terms not stated in the catalogue entry),10,,no_standard_licence
Apache-2.0 (as given in the list),9,Apache,named_licence
CC BY-NC-ND 4.0,9,CC-BY-NC-ND,named_licence
CC-BY (https://creativecommons.org/licenses/by/4.0/),9,CC-BY,named_licence
CC-BY-4.0 (European Commission reuse policy: EU-owned content under CC BY 4.0 unless otherwise noted),9,CC-BY,named_licence
Data License - Serbian Open Data Portal,9,,no_standard_licence
EPA web policy: EPA-produced content is in the public domain unless otherwise specified (software licence not stated separately),9,US-Gov-PD,named_licence
ISC,9,ISC,named_licence
Licence Ouverte v2.0,9,Etalab,named_licence
Licence ouverte : https://www.etalab.gouv.fr/licence-ouverte-open-licence (https://www.etalab.gouv.fr/wp-content/uploads/2014/05/Licence_Ouverte.pdf),9,Etalab,named_licence
MIT (as given on the fact sheet),9,MIT,named_licence
Not stated on the page read (arXiv licence link only),9,,no_standard_licence
Open Government Licence - New Brunswick,9,OGL-Canada,named_licence
OpenMB Information and Data Use License,9,,no_standard_licence
Public Domain / No restrictions (CC0) (as labelled on the portal),9,CC0,named_licence
Public domain,9,,no_standard_licence
as linked on the portal listing (http://data.norge.no/nlod/no/1.0),9,NLOD,named_licence
as linked on the portal listing (https://administraciodigital.gencat.cat/ca/dades/dades-obertes/informacio-practica/llicencies/),9,,no_standard_licence
as linked on the portal listing (https://creativecommons.org/licenses/by-sa/4.0/deed.gl),9,CC-BY-SA,named_licence
as linked on the portal listing (https://www.igme.es/condiciones-de-uso/),9,,no_standard_licence
as linked on the portal listing (https://www.zaragoza.es/sede/portal/aviso-legal#condiciones),9,,no_standard_licence
cc-nc-nd,9,,no_standard_licence
etalab-2.0,9,Etalab,named_licence
other-closed,9,,no_standard_licence
Attribution-NonCommercial 3.0 Unported,8,CC-BY-NC,named_licence
CC BY-NC 4.0 (https://creativecommons.org/licenses/by-nc/4.0/),8,CC-BY-NC,named_licence
Creative Commons Attribution 3.0 New Zealand,8,CC-BY,named_licence
"Creative Commons Attribution 4.0 (CC BY 4.0, legal code in Spanish on the portal)",8,CC-BY,named_licence
Creative Commons Attribution 4.0 International,8,CC-BY,named_licence
Creative Commons Attribution Share Alike 4.0 International,8,CC-BY,named_licence
Creative Commons Attribution–ShareAlike 4.0 International,8,CC-BY,named_licence
Custom terms specific to this dataset,8,,no_standard_licence
DL-Geoscape,8,,no_standard_licence
Datenlizenz Deutschland Namensnennung 2.0,8,DL-DE,named_licence
GNU Free Documentation License,8,,no_standard_licence
Licence non spécifiée,8,,no_standard_licence
ODC-PDDL-1.0,8,PDDL,named_licence
ODbL (as tagged in the list),8,ODbL,named_licence
OGL-Canada-2.0,8,OGL-Canada,named_licence
"Open Government Data License, version 1.0 (Taiwan)",8,,no_standard_licence
Open Government Licence v3,8,OGL-UK,named_licence
Open License Version 2.0 (https://www.etalab.gouv.fr/wp-content/uploads/2017/04/ETALAB-Licence-Ouverte-v2.0.pdf),8,Etalab,named_licence
US federal government work (public domain),8,US-Gov-PD,named_licence
apache2.0,8,Apache,named_licence
cc-by-nc-sa-4.0,8,CC-BY-NC-SA,named_licence
dag-uy,8,,no_standard_licence
licence given by link only (https://www.trafiklab.se/api/gtfs-datasets/gtfs-regional/#licence); licence given by link only (https://www.trafiklab.se/api/gtfs-datasets/gtfs-sweden/#licence),8,,no_standard_licence
CC BY-NC-ND 4.0 (article),7,CC-BY-NC-ND,named_licence
CC-BY-4.0 (some restrictions),7,CC-BY,named_licence
CC-BY-ND-3.0 (gov.br site-wide statement: all content of the site published under CC BY-ND 3.0 Unported),7,CC-BY-ND,named_licence
"CC0-1.0 (GitHub repository, folder README and Zenodo metadata).",7,CC0,named_licence
Commercial licence,7,,no_standard_licence
Government of Saskatchewan Standard Unrestricted Use Data License (Version 2.0),7,,no_standard_licence
Licence ouverte (Etalab) (https://www.etalab.gouv.fr/wp-content/uploads/2014/05/Licence_Ouverte.pdf),7,Etalab,named_licence
OGL v.3 (https://www.nationalarchives.gov.uk/doc/open-government-licence/version/3/),7,OGL-UK,named_licence
OGL-3.0,7,OGL-UK,named_licence
Open Data Commons Attribution License,7,ODC-By,named_licence
Proprietary commercial software,7,,no_standard_licence
Provider-specific National Land Numerical Information terms; the reviewed page marks this version non-commercial.,7,,no_standard_licence
Public Domain / No restrictions (CC0),7,CC0,named_licence
Public domain (EPA web policy: EPA-produced data are in the public domain unless otherwise specified),7,US-Gov-PD,named_licence
Restricted Access,7,,no_standard_licence
all rights reserved (no open licence stated),7,,no_standard_licence
as linked on the portal listing (http://creativecommons.org/licenses/by/3.0/es),7,CC-BY,named_licence
as linked on the portal listing (https://creativecommons.org/licenses/by-sa/3.0/es/),7,CC-BY-SA,named_licence
as linked on the portal listing (https://datos.gob.es/avisolegal),7,,no_standard_licence
etalab-1.0,7,Etalab,named_licence
licence given by link only (https://www.trafiklab.se/api/gtfs-datasets/gtfs-sweden/#licence),7,,no_standard_licence
not stated; not read,7,,no_standard_licence
proprietary (commercial licence),7,,no_standard_licence
proprietary (commercial subscription),7,,no_standard_licence
"stated as ""https://opendatacommons.org/licenses/by/1.0/"" on the registry page",7,,no_standard_licence
terms recorded on the dataset page: Plots/maps displaying streets from this coverage must include a disclaimer indicating that the source of the data is from maps produced by Kroll. This,7,,no_standard_licence
BGS licence (copyright NERC; reuse needs BGS permission),6,,no_standard_licence
CC BY 4.0 (DataCite); IEEE DataPort Standard Dataset access,6,CC-BY,named_licence
CC BY-NC 3.0,6,CC-BY-NC,named_licence
CC BY-NC-ND 4.0 (https://creativecommons.org/licenses/by-nc-nd/4.0/),6,CC-BY-NC-ND,named_licence
CC BY-ND (https://creativecommons.org/licenses/by-nd/4.0/),6,CC-BY-ND,named_licence
CC-BY (version not stated); other members not stated,6,CC-BY,named_licence
CC-BY-NC (version not stated),6,CC-BY-NC,named_licence
CC0 1.0 (https://creativecommons.org/publicdomain/zero/1.0/),6,CC0,named_licence
Commercial,6,,no_standard_licence
Commercial subscription,6,,no_standard_licence
ESRI Custom License (https://content.esri.com/arcgisonline/docs/tou_summary.pdf),6,,no_standard_licence
Etalab-2.0,6,Etalab,named_licence
LGPL-3.0-or-later,6,LGPL,named_licence
Not stated in the pages read,6,,no_standard_licence
"Open Government Licence - Toronto (shown on the open.toronto.ca dataset page; the CKAN API licence field reads ""License not specified"")",6,OGL-UK,named_licence
Open Government Licence – TransLink,6,OGL-UK,named_licence
Public Domain (US Government),6,US-Gov-PD,named_licence
Public.,6,,no_standard_licence
Statistics Canada Open Licence,6,,no_standard_licence
US Government public domain,6,US-Gov-PD,named_licence
"US Government work, public domain",6,US-Gov-PD,named_licence
United States Government work (no licence terms stated),6,US-Gov-PD,named_licence
arXiv preprint licence,6,,no_standard_licence
as linked on the portal listing (http://geoh.conterra:8080/oai-pmh-geo-harvest/harvesters/),6,,no_standard_licence
"as linked on the portal listing (http://opendatacommons.org/licenses/odbl/summary/), as linked on the portal listing (https://www.etalab.gouv.fr/wp-content/uploads/2014/05/Licence_Ouverte.pdf)",6,ODbL|Etalab,named_licence
as linked on the portal listing (https://opendefinition.org/licenses/cc-by),6,CC-BY,named_licence
cc-by-4,6,CC-BY,named_licence
commercial software; exact licence terms not stated,6,,no_standard_licence
commercial use allowed under the download site terms,6,,no_standard_licence
http://www.opendefinition.org/licenses/cc-by (https://creativecommons.org/licenses/by/4.0/),6,CC-BY,named_licence
https://pasteur.epa.gov/license/sciencehub-license.html,6,,no_standard_licence
licence given by link only (https://511.org/sites/default/files/pdfs/511_Data_Agreement_Final.pdf),6,,no_standard_licence
licence given by link only (https://exo.quebec/fr/a-propos/donnees-ouvertes/FormulaireDemandeAcces); licence given by link only (https://www.donneesquebec.ca/licence/),6,,no_standard_licence
licence given by link only (https://www.transportforireland.ie/transitData/PT_Data.html),6,,no_standard_licence
not stated (no licence or terms statement on the page read on 2026-09-29),6,,no_standard_licence
not stated for the resource; the describing article is CC-BY-4.0,6,,no_standard_licence
"other open licence (terms as labelled in the catalogue, not read)",6,,no_standard_licence
"terms recorded on the dataset page: For educational, non-commercial use only.",6,,no_standard_licence
"terms recorded on the dataset page: For educational, non-commercial use only. Although this data set has been developed by the Harvard Map Collection and its partners, no warranty expres",6,,no_standard_licence
"terms recorded on the dataset page: For educational, non-commercial use only. Although this data set has been developed by the NGA no warranty expressed or implied is made by them as to",6,,no_standard_licence
CC BY 2.1 JP,5,CC-BY,named_licence
CC BY NC 3.0,5,CC-BY-NC,named_licence
CC BY-NC 4.0 (https://creativecommons.org/licenses/by-nc/4.0/legalcode),5,CC-BY-NC,named_licence
CC BY-SA,5,CC-BY-SA,named_licence
"CC-BY-4.0, GEM default unless otherwise noted",5,CC-BY,named_licence
CC-BY-4.0; CC0-1.0,5,CC0|CC-BY,named_licence
CC-BY-ND-4.0,5,CC-BY-ND,named_licence
CC-BY-SA-4.0 (Zindi challenge data sharing rule),5,CC-BY-SA,named_licence
Commercial product terms; detailed reuse licence not stated on the accessed page,5,,no_standard_licence
Creative Commons Attribution 3.0 Unported,5,CC-BY,named_licence
Creative Commons Attribution Non Commercial 4.0 International,5,CC-BY-NC,named_licence
Datenlizenz Deutschland – Zero – Version 2.0,5,DL-DE,named_licence
Free to read on arXiv (reuse licence not stated in the metadata read),5,,no_standard_licence
GPL-2.0-only,5,GPL,named_licence
"KSA Open Data License: this license provides freedom to the users in distributing, producing, and transforming works regarding datasets, as well as building upon them. The source should be mentioned in the prescribed manner in the license. (https://open.data.gov.sa/odp-public/static/en/assets/Open_Data_License_En.pdf)",5,,no_standard_licence
Licence Mobilité (https://cloud.fabmob.io/s/eYWWJBdM3fQiFNm),5,,no_standard_licence
Licence Ouverte (https://www.etalab.gouv.fr/licence-ouverte-open-licence/),5,Etalab,named_licence
MIT (as tagged in the list),5,MIT,named_licence
National Laboratory of the Rockies License (https://data.nrel.gov/node/182/license),5,,no_standard_licence
ODbL,5,ODbL,named_licence
ODbL 1.0,5,ODbL,named_licence
Open Access,5,,no_standard_licence
Open Data Commons Open Database License,5,ODbL,named_licence
Open Database License (ODbL),5,ODbL,named_licence
Open Database License (ODbL) (http://opendatacommons.org/licenses/odbl/),5,ODbL,named_licence
Open License v1.0 (https://www.etalab.gouv.fr/wp-content/uploads/2014/05/Licence_Ouverte.pdf),5,Etalab,named_licence
Proprietary commercial licence,5,,no_standard_licence
UK Power Networks Shared Data Licence - Connections (https://ukpowernetworks.sharepoint.com/:b:/s/OpenDataPortalLibrary/IQAoqS-OWZGDS5ASk8EwxCETAa5aj8Kx7RISQB6tlPq5-yk?e=6QOYk3),5,,no_standard_licence
UKCEH Click-Through Licence,5,,no_standard_licence
"US Government work, no copyright (17 U.S.C. 101)",5,US-Gov-PD,named_licence
US government work (public domain in the US),5,US-Gov-PD,named_licence
a licence or disclaimer text is given on the hub listing (The data are made available to the public solely for informational purposes. Information provided in the Caltrans GIS Da ...); terms not read in full,5,,no_standard_licence
"a licence or disclaimer text is given on the hub listing (This public data is provided as a service for planning purposes and not intended for design, navigation purposes or airs ...); terms not read in full",5,,no_standard_licence
"as linked on the portal listing (http://eplca.jrc.ec.europa.eu/ELCD3/templates/default/html/datasetLicense.html), European Commission reuse notice",5,,no_standard_licence
as linked on the portal listing (http://www.opendefinition.org/licenses/odc-by),5,ODC-By,named_licence
as linked on the portal listing (https://datos.canarias.es/portal/aviso-legal-y-condiciones-de-uso),5,,no_standard_licence
as linked on the portal listing (https://governobert.gencat.cat/ca/dades_obertes/llicencia-oberta-informacio-catalunya/),5,,no_standard_licence
as linked on the portal listing (https://ide.depo.gal/web/idepo/aviso-legal),5,,no_standard_licence
as linked on the portal listing (https://opendatacommons.org/licenses/by/summary/),5,,no_standard_licence
as linked on the portal listing (https://publications.europa.eu/resource/authority/licence/CC_BY_4_0),5,,no_standard_licence
as linked on the portal listing (https://w3id.org/italia/controlled-vocabulary/licences/A21_CCBY40),5,,no_standard_licence
as linked on the portal listing (https://www.dcat-ap.de/def/licenses/20210721#cc-by-nc/4.0),5,CC-BY-NC,named_licence
"as linked on the portal listing (https://www.etalab.gouv.fr/wp-content/uploads/2014/05/Licence_Ouverte.pdf), as linked on the portal listing (http://opendatacommons.org/licenses/odbl/summary/)",5,ODbL|Etalab,named_licence
as linked on the portal listing (https://www.icgc.cat/condicions),5,,no_standard_licence
cc-by-sa-4.0,5,CC-BY-SA,named_licence
commercial licence,5,,no_standard_licence
commercial product; exact licence terms not inspected,5,,no_standard_licence
commercial subscription,5,,no_standard_licence
dl-de/by-2-0,5,DL-DE,named_licence
http://www.opendefinition.org/licenses/cc-by-sa,5,CC-BY-SA,named_licence
https://creativecommons.org/licenses/by/4.0 (as labelled on the portal),5,CC-BY,named_licence
mit-license,5,MIT,named_licence
"not stated (CHHS portal: 'No License Provided'; use subject to the CHHS Terms of Use, commercial uses need approval)",5,,no_standard_licence
not stated (no licence or terms statement on the OSTI record read on 2026-09-29),5,,no_standard_licence
"not stated (the dataset page says only that it ""is made available with limited information on how it can be used"")",5,,no_standard_licence
not stated on the page read (US federal government information),5,,no_standard_licence
"opendata.swiss terms of use: source must be given, permission needed for commercial use",5,,no_standard_licence
other-closed (as labelled on the portal),5,,no_standard_licence
other-nc,5,,no_standard_licence
see the repository (list text); linked resources carry their own terms,5,,no_standard_licence
"stated as ""NOAA data disseminated through NODD are open to the public and can be used as desired."" on the registry page",5,,no_standard_licence
"stated as ""https://creativecommons.org/licenses/by/4.0/"" on the registry page",5,CC-BY,named_licence
"ČTÚ open data terms of use (reuse, including commercial, with attribution to ČTÚ)",5,,no_standard_licence
Apache-2.0 (as given on the fact sheet),4,Apache,named_licence
BC Energy Regulator Open Data License,4,,no_standard_licence
BSD,4,BSD,named_licence
CC BY-IGO,4,CC-BY,named_licence
CC BY-NC-ND (article),4,CC-BY-NC-ND,named_licence
CC-BY-3.0-AU; other members not stated,4,CC-BY,named_licence
CC-BY-NC-SA-3.0,4,CC-BY-NC-SA,named_licence
CC-BY-NC-SA-3.0-AU,4,CC-BY-NC-SA,named_licence
CC-BY-SA-4.0 (as tagged in the list),4,CC-BY-SA,named_licence
Creative Commons Attribution 3.0 (as given on the registry page),4,CC-BY,named_licence
Custom Dataverse terms of use,4,,no_standard_licence
DATA.GOV.HK terms and conditions (free commercial and non-commercial use with attribution),4,,no_standard_licence
Datenlizenz Deutschland - Zero- Version 2.0 (https://www.govdata.de/dl-de/zero-2-0),4,DL-DE,named_licence
Domaine public (https://en.wikipedia.org/wiki/Public_domain),4,,no_standard_licence
Domaine public (https://www.opendatacommons.org/licenses/odbl/1.0/),4,ODbL,named_licence
Etalab Open Licence 2.0,4,Etalab,named_licence
"European Commission reuse notice, CC-BY-4.0, as linked on the portal listing (http://data.jrc.ec.europa.eu/licence/not_available)",4,CC-BY,named_licence
"Free of charge under the geo.admin.ch terms of use (fair use, source attribution); STAC entry lists the licence as proprietary",4,,no_standard_licence
GNU General Public License v3.0,4,GPL,named_licence
GNU Lesser General Public License v3.0,4,LGPL,named_licence
GPL-3.0 (as given on the fact sheet),4,GPL,named_licence
LGPL,4,LGPL,named_licence
Licence Ouverte v2.0 (https://www.etalab.gouv.fr/licence-ouverte-open-licence/),4,Etalab,named_licence
Licencia de Uso de la Información Pública del Gobierno Paraguayo,4,,no_standard_licence
MPL-2.0 (as given in the list),4,MPL,named_licence
Modified BSD-3-Clause (LBNL licence with enhancements provision),4,BSD,named_licence
NASA open source release,4,,no_standard_licence
NASA-1.3,4,,no_standard_licence
New Brunswick Open Government Licence,4,OGL-UK,named_licence
"News articles, all rights reserved",4,,no_standard_licence
Not stated on the dataset page,4,,no_standard_licence
OGL-UK-3.0 (GOV.UK site-wide statement: all content available under OGL v3.0 except where otherwise stated),4,OGL-UK,named_licence
Open Data Commons Open Database License v1.0,4,ODbL,named_licence
Open Data Licence of the Republic of Serbia (attribution),4,,no_standard_licence
Open Database License (http://opendatacommons.org/licenses/odbl/),4,ODbL,named_licence
Open License v2.0 (https://www.etalab.gouv.fr/wp-content/uploads/2018/11/open-licence.pdf),4,Etalab,named_licence
Other (Public Domain),4,,no_standard_licence
Public Domain (USGS data release),4,US-Gov-PD,named_licence
Public domain (U.S. government work),4,US-Gov-PD,named_licence
Public domain (US federal government work),4,US-Gov-PD,named_licence
The National Interagency Fire Center Custom License,4,,no_standard_licence
This dataset is public.,4,,no_standard_licence
This is available to the public.,4,,no_standard_licence
U.S. government work,4,US-Gov-PD,named_licence
U.S. government work (public domain),4,US-Gov-PD,named_licence
UK Data Service End User Licence,4,,no_standard_licence
UK Open Government Licence v3,4,OGL-UK,named_licence
"US Government work (not subject to copyright in the US, 15 USC 105) with NTIA software disclaimer",4,US-Gov-PD,named_licence
"US Government work, public data",4,US-Gov-PD,named_licence
US government work (public domain),4,US-Gov-PD,named_licence
US government work; public domain,4,US-Gov-PD,named_licence
Unknown,4,,no_standard_licence
Zindi competition rules (data licence not stated on the pages read),4,,no_standard_licence
a licence or disclaimer text is given on the hub listing (This application is being updated for digital accessibility and will continue to function while updates are in progress. ...); terms not read in full,4,,no_standard_licence
as linked on the portal listing (http://creativecommons.org/publicdomain/zero/1.0),4,CC0,named_licence
as linked on the portal listing (http://juntadeandalucia.es/informacion/legal.html),4,,no_standard_licence
as linked on the portal listing (http://opendata.villanuevadelaserena.es/terminos),4,,no_standard_licence
as linked on the portal listing (http://www.opendefinition.org/licenses/cc-by-sa),4,CC-BY-SA,named_licence
as linked on the portal listing (http://www.opendefinition.org/licenses/odc-pddl),4,PDDL,named_licence
as linked on the portal listing (https://creativecommons.org/licenses/by-sa/3.0/),4,CC-BY-SA,named_licence
"as linked on the portal listing (https://creativecommons.org/licenses/by/4.0/), as linked on the portal listing (http://inspire.ec.europa.eu/metadata-codelist/ConditionsApplyingToAccessAndUse/noConditionsApply)",4,CC-BY,named_licence
"as linked on the portal listing (https://creativecommons.org/licenses/by/4.0/), as linked on the portal listing (http://www.opendefinition.org/licenses/cc-zero)",4,CC0|CC-BY,named_licence
"as linked on the portal listing (https://creativecommons.org/licenses/by/4.0/deed.es_ES), as linked on the portal listing (https://www.jcyl.es/licencia-IGCYL-NC)",4,CC-BY,named_licence
as linked on the portal listing (https://creativecommons.org/publicdomain/zero/1.0/deed.sv),4,CC0,named_licence
as linked on the portal listing (https://idechg.chguadalquivir.es/geochg/legal),4,,no_standard_licence
cc-by-21,4,CC-BY,named_licence
cc-nc,4,,no_standard_licence
licence given by link only (https://data-exchange.vicroads.vic.gov.au/terms_of_use),4,,no_standard_licence
licence given by link only (https://data.norge.no/nlod/en/),4,NLOD,named_licence
licence given by link only (https://gsvalbe.id.lv/pieturas/avoti.html),4,,no_standard_licence
licence given by link only (https://opendata.waltti.fi/docs),4,,no_standard_licence
licence given by link only (https://proxy.busone.app/cotral/readme),4,,no_standard_licence
licence given by link only (https://www.soundtransit.org/help-contacts/business-information/open-transit-data-otd/transit-data-terms-use); not stated in the Mobility Database listing (licence field empty),4,,no_standard_licence
no open licence (as labelled on the portal),4,,no_standard_licence
not stated (data set page not reachable on 2026-10-01; the paper is CC-BY-4.0),4,,no_standard_licence
not stated (no licence on the Software Impacts record read on 2026-10-01; check the repository),4,,no_standard_licence
not stated for the software; the describing arXiv preprint is under the CC-BY-4.0,4,,no_standard_licence
not stated in the PDF text read on 2026-09-29,4,,no_standard_licence
other-at,4,,no_standard_licence
other-pd,4,,no_standard_licence
public domain (EIA copyrights and reuse page),4,US-Gov-PD,named_licence
public domain (USGS),4,US-Gov-PD,named_licence
"stated as ""http://opendatacommons.org/licenses/by/1.0/"" on the registry page",4,,no_standard_licence
"terms recorded on the dataset page: For educational non-commercial use only. The City of Cambridge provides Geographic Information Systems (""GIS"") data in good faith. The City makes no w",4,,no_standard_licence
"<div style=""text-align:Left;""><div><div><p>This application is being updated for digital accessibility and will continue to function while updates are in progress.Caltrans makes every attempt to ensure our documents are accessible. Clear the variances between assistive technologies, there may be documents provided via this application which are not accessible. Where documents cannot be made accessible, we are committed to providing alternative access to the content. Should you need additional assistance, please contact us at (916) 654-2852 or visit https://dot.ca dot gov/ request-ada-compliant-documents.Maps and data are made available to the public solely for informational purposes. Information provided is accurate to the best of our knowledge and is subject to change on a regular basis, without notice. While Caltrans makes every effort to provide useful and accurate information, Caltrans does not warrant the information to be authoritative, complete, factual, or timely and does not assume any liability for its use.The Department of Transportation is not liable to any party for any cost or damages, including any direct, indirect, special, incidental, or consequential damages arising out of, or in connection with, the access or use of, or the inability to access or use, the Site or any of the Materials or Services described herein. New data will continue to be added for the Local Streets and Roads projects as it is released by the California Transportation Commission. Please contact the city or county directly for information on their respective projects and costs.</p></div></div></div>",3,,no_standard_licence
ACM copyright; author copy free to read,3,,no_standard_licence
AGPL-3.0 (as given on the fact sheet),3,AGPL,named_licence
Article CC-BY-4.0; code licence not read,3,CC-BY,named_licence
"Attribution, pas d’utilisation commerciale (CC-BY-NC 4.0)",3,CC-BY-NC,named_licence
BSD 3-clause Clear license,3,BSD,named_licence
BSD-3-Clause (as given on the fact sheet),3,BSD,named_licence
CAIDA Acceptable Use Agreement for publicly accessible datasets,3,,no_standard_licence
CC BY (article),3,CC-BY,named_licence
"CC BY, from the OpenAlex record (the publisher page refused the session)",3,CC-BY,named_licence
CC BY-SA 3.0,3,CC-BY-SA,named_licence
CC-BY (Frontiers open-access article; version not stated on the page),3,CC-BY,named_licence
CC-BY-1.0,3,CC-BY,named_licence
CC-BY-3.0-IGO,3,CC-BY,named_licence
"CC-BY-4.0 (OpenEI/GDR content, unless otherwise noted on the submission)",3,CC-BY,named_licence
CC-BY-4.0 (Zenodo record),3,CC-BY,named_licence
CC-BY-4.0 (as given in the list),3,CC-BY,named_licence
CC-BY-4.0 data; MIT code,3,CC-BY|MIT,named_licence
CC-BY-NC-ND-3.0-IGO,3,CC-BY-NC-ND,named_licence
"CC-BY-SA-4.0 (the paper, as linked on its arXiv abstract page)",3,CC-BY-SA,named_licence
CDLA-Permissive-1.0,3,CDLA,named_licence
CeCILL-B,3,CeCILL,named_licence
Closed access article,3,,no_standard_licence
Commercial software; exact licence terms require checking,3,,no_standard_licence
Creative Commons Attribution 4.0 International (CC BY 4.0),3,CC-BY,named_licence
Creative Commons Attribution-NonCommercial-NoDerivs,3,CC-BY-NC-ND,named_licence
Creative Commons Attribution-NonCommercial-ShareAlike 4.0 (as given on the registry page),3,CC-BY-NC-SA,named_licence
Creative Commons Attribution-ShareAlike 3.0,3,CC-BY-SA,named_licence
Creative Commons Attribution-ShareAlike 4.0 International License.,3,CC-BY-SA,named_licence
Creative Commons Non-Commercial No Derivatives 4.0 International,3,,no_standard_licence
DANS Licence,3,,no_standard_licence
DATA.GOV.HK terms and conditions of use,3,,no_standard_licence
Data files © Original Authors (Kaggle registry); no additional reuse grant stated.,3,,no_standard_licence
Datenlizenz Deutschland - Zero - Version 2.0,3,DL-DE,named_licence
EBA legal notice (reuse terms not stated on the page read),3,,no_standard_licence
"EOSDIS data use and citation guidance (open, without restriction)",3,,no_standard_licence
EPL-2.0 (as given in the list),3,EPL,named_licence
"FERC open data disclaimer: provided as is, no warranty; modifications must be declared",3,,no_standard_licence
"Free to read (publisher copy, no licence stated)",3,,no_standard_licence
GNU Affero General Public License v3.0,3,AGPL,named_licence
GPL 3.0+,3,GPL,named_licence
GPL-3,3,GPL,named_licence
GitHub generator EUPL-1.2; separate archive licence not stated,3,EUPL,named_licence
HDX 'other' licence,3,,no_standard_licence
IODL-2.0,3,,no_standard_licence
"Licence ODbL 1.0
http://www.data.rennes-metropole.fr/notre-demarche/licence-odbl-ville-de-rennes-et-rennes-metropole/ (http://opendatacommons.org/licenses/odbl/)",3,ODbL,named_licence
Licence Ouverte version 2.0 (Etalab) (https://www.etalab.gouv.fr/wp-content/uploads/2017/04/ETALAB-Licence-Ouverte-v2.0.pdf),3,Etalab,named_licence
Licence Specified by Agency,3,,no_standard_licence
Licence ouverte (Etalab Open Licence),3,Etalab,named_licence
Licence ouverte (Etalab) (https://www.etalab.gouv.fr/licence-ouverte-open-licence),3,Etalab,named_licence
Licença Aberta para Bases de Dados (ODbL) do Open Data Commons,3,ODbL,named_licence
NLOD-2.0,3,NLOD,named_licence
NLR data catalogue licence (Alliance for Energy Innovation terms: use with attribution and disclaimer),3,,no_standard_licence
NYC Open Data terms of use (free public use),3,,no_standard_licence
Northern Powergrid Shared Data Licence - Underground Assets (https://northernpowergrid.opendatasoft.com/p/northern-powergrid-shared-data-licence-underground-assets),3,,no_standard_licence
ODC Open Database License v1.0,3,ODbL,named_licence
ODC-BY,3,ODC-By,named_licence
OGL-UK-3.0 (GOV.UK: all content under the Open Government Licence v3.0 unless otherwise stated),3,OGL-UK,named_licence
OTHER-OPEN,3,,no_standard_licence
Open Data Commons Attribution,3,ODC-By,named_licence
Open Government Licence 3.0,3,OGL-UK,named_licence
"Open data without copyright, patent or confidentiality restrictions (Ei open data statement)",3,,no_standard_licence
Other (Attribution),3,,no_standard_licence
"Other (Open), Creative Commons Attribution",3,CC-BY,named_licence
Otvorena dozvola (OD),3,,no_standard_licence
PLATEAU Site Policy 「３．著作権について」に拠る,3,,no_standard_licence
Proprietary (commercial SaaS),3,,no_standard_licence
Public Domain Dedication,3,,no_standard_licence
Public domain (USGS data release),3,US-Gov-PD,named_licence
Public domain (USGS),3,US-Gov-PD,named_licence
Public domain (https://en.wikipedia.org/wiki/Public_domain),3,,no_standard_licence
RIPE NCC copyright; free to read,3,,no_standard_licence
RPMGlobal End User Software License & Services Agreement (commercial),3,,no_standard_licence
Restricted,3,,no_standard_licence
Subscription article,3,,no_standard_licence
This dataset is made available under the Open Data Commons Attribution License: http://opendatacommons.org/licenses/by/1.0/. A summary of the license,3,ODC-By,named_licence
U.S. federal government work (no licence stated; public domain inferred),3,US-Gov-PD,named_licence
U.S. federal government work (public domain inferred),3,US-Gov-PD,named_licence
"US Government work, public domain (no licence statement on the pages read)",3,US-Gov-PD,named_licence
US Government work; licence not stated on the page read,3,US-Gov-PD,named_licence
US federal public domain,3,US-Gov-PD,named_licence
US government public data (no licence stated on the page read),3,,no_standard_licence
Website content; no licence stated,3,,no_standard_licence
a licence or disclaimer text is given on the hub listing (Terms & Conditions FEMA offers some of its public data in machine readable format via an Application Programming Interfa ...); terms not read in full,3,,no_standard_licence
a licence or disclaimer text is given on the hub listing (The Resilience Analysis and Planning Tool (RAPT) and its associated data are for planning purposes only. These REST Serv ...); terms not read in full,3,,no_standard_licence
all rights reserved,3,,no_standard_licence
arXiv non-exclusive distribution licence,3,,no_standard_licence
arXiv non-exclusive distribution licence (no Creative Commons licence stated),3,,no_standard_licence
arXiv preprint (licence not stated on the abstract page),3,,no_standard_licence
"as linked on the portal listing (http://data.gov.hr/otvorena-dozvola), as linked on the portal listing (http://www.opendefinition.org/licenses/cc-by)",3,CC-BY,named_licence
"as linked on the portal listing (http://inspire.ec.europa.eu/metadata-codelist/ConditionsApplyingToAccessAndUse/conditionsUnknown), as linked on the portal listing (http://inspire.ec.europa.eu/metadata-codelist/ConditionsApplyingToAccessAndUse/noConditionsApply)",3,,no_standard_licence
as linked on the portal listing (http://resources.geodata.se/codelist/metadata/anvandningsrestriktioner.xml#CC01.0),3,CC0,named_licence
as linked on the portal listing (https://creativecommons.org/licenses/by/3.0/at/deed.de),3,CC-BY,named_licence
as linked on the portal listing (https://creativecommons.org/licenses/by/4.0),3,CC-BY,named_licence
as linked on the portal listing (https://creativecommons.org/licenses/by/4.0/deed.ca),3,CC-BY,named_licence
as linked on the portal listing (https://datosabiertos.regiondemurcia.es/avisolegal),3,,no_standard_licence
"as linked on the portal listing (https://governobert.gencat.cat/ca/dades_obertes/llicencia-oberta-informacio-catalunya/), as linked on the portal listing (https://www.icgc.cat/condicions)",3,,no_standard_licence
as linked on the portal listing (https://opendata.alcoi.org/es/aviso-legal/),3,,no_standard_licence
"as linked on the portal listing (https://opendefinition.org/licenses/cc-by), as linked on the portal listing (http://www.opendefinition.org/licenses/cc-by)",3,CC-BY,named_licence
as linked on the portal listing (https://opendefinition.org/od/2.1/en/),3,,no_standard_licence
as linked on the portal listing (https://www.kartverket.no/geodataarbeid/norge-digitalt/partsinformasjon/avtaler-og-vilkar/norge-digitalt-lisens),3,,no_standard_licence
bsd-2-clause-netbsd,3,BSD,named_licence
cc-by-sa,3,CC-BY-SA,named_licence
commercial licence (BigBear.ai; free trial licence),3,,no_standard_licence
commercial licence (CMG),3,,no_standard_licence
commercial licence (Modelon),3,,no_standard_licence
data.gov.il other open licence,3,,no_standard_licence
gpl-3.0-or-later,3,GPL,named_licence
http://opendatacommons.org/licenses/odbl/summary (as labelled on the portal),3,ODbL,named_licence
https://creativecommons.org/licenses/by-sa/4.0 (as labelled on the portal),3,CC-BY-SA,named_licence
https://creativecommons.org/publicdomain/zero/1.0/,3,CC0,named_licence
https://opentransportdata.swiss/de/terms-of-use/,3,,no_standard_licence
licence given by link only (http://www.opendefinition.org/licenses/cc-by),3,CC-BY,named_licence
licence given by link only (https://exo.quebec/fr/a-propos/donnees-ouvertes/FormulaireDemandeAcces),3,,no_standard_licence
licence given by link only (https://www.bctransit.com/open-data/terms-of-use); not stated in the Mobility Database listing (licence field empty),3,,no_standard_licence
licence given by link only (https://www.crtm.es/licencia-de-uso),3,,no_standard_licence
licence given by link only (https://www.openstreetmap.org/copyright),3,,no_standard_licence
not stated (US Government contractor report; no licence text read on the page 2026-09-29),3,,no_standard_licence
not stated (citation requested),3,,no_standard_licence
not stated (no licence text on the page read on 2026-09-29),3,,no_standard_licence
not stated (only a site copyright notice on the provider page read on 2026-09-29),3,,no_standard_licence
not stated (portal metadata: license null),3,,no_standard_licence
"not stated (the data.gouv.fr dataset page says ""License Not Specified"")",3,,no_standard_licence
not stated for the dataset; the describing arXiv preprint is under the arXiv non-exclusive distribution licence,3,,no_standard_licence
not stated for the model code; the describing arXiv preprint is under the arXiv non-exclusive distribution licence,3,,no_standard_licence
not stated on the landing page,3,,no_standard_licence
not stated on the pages read (2026-09-29),3,,no_standard_licence
not stated on the pages read (ITU document),3,,no_standard_licence
not stated: differs per paper and data set,3,,no_standard_licence
public domain,3,,no_standard_licence
public domain (US Government),3,US-Gov-PD,named_licence
released through the NASA Software Catalog (licence agreement on request),3,,no_standard_licence
terms recorded on the dataset page: For non-commercial use only.,3,,no_standard_licence
unknown,3,,no_standard_licence
4TU general terms of use,2,,no_standard_licence
"<DIV STYLE=""text-align:Left;""><DIV><DIV><P STYLE=""margin:0 0 0 0;""><SPAN><SPAN>1. The data are made available to the public solely for informational purposes. Information provided in the Caltrans GIS Data Library is accurate to the best of our knowledge and is subject to change on a regular basis, without notice. While Caltrans makes every effort to provide useful and accurate information, we do not warrant the information to be authoritative, complete, factual, or timely. Information is provided on an ""as is"" and an ""as available"" basis. The Department of Transportation is not liable to any party for any cost or damages, including any direct, indirect, special, incidental, or consequential damages, arising out of or in connection with the access or use of, or the inability to access or use, the Site or any of the Materials or Services described herein.</SPAN></SPAN></P><P STYLE=""margin:0 0 0 0;""><SPAN><SPAN>2. License - Creative Commons 4.0 Attribution </SPAN></SPAN></P></DIV></DIV></DIV>",2,,no_standard_licence
AGPL-3.0 (code); CC BY 4.0 (article),2,CC-BY|AGPL,named_licence
Academic Free License v3.0,2,AFL,named_licence
All Rights Reserved,2,,no_standard_licence
Apache 2.0,2,Apache,named_licence
Apache license 2.0,2,Apache,named_licence
Apache-2.0 (provider repository label; exact version-or-later terms not independently inspected),2,Apache,named_licence
Attribution 4.0 International,2,,no_standard_licence
Attribution-ShareAlike 4.0 International (CC BY-SA 4.0),2,CC-BY-SA,named_licence
BIS copyright and permissions terms,2,,no_standard_licence
BIS terms of permitted use (free reuse with attribution),2,,no_standard_licence
BSD 2-Clause (Battelle licence text includes a naming restriction),2,BSD,named_licence
BSD-2-Clause-style Battelle terms,2,BSD,named_licence
BSD-3-Clause (code); datasets published openly by DOE,2,BSD,named_licence
BSD-3-Clause (provider repository label; exact version-or-later terms not independently inspected),2,BSD,named_licence
Bahrain Government Open Data License,2,,no_standard_licence
"CC BY (Creative Commons Attribution License, stated on the article page)",2,CC-BY,named_licence
CC BY (as stated on the HydroShare resource),2,CC-BY,named_licence
CC BY (https://creativecommons.org/licenses/by/4.0/deed.de),2,CC-BY,named_licence
CC BY 4.0 (as listed for RRT datasets on data.gov.lt),2,CC-BY,named_licence
CC BY 4.0 (journal site content),2,CC-BY,named_licence
CC BY-4.0 (https://creativecommons.org/licenses/by/4.0/),2,CC-BY,named_licence
CC BY-SA 4.0 (as given on the registry page),2,CC-BY-SA,named_licence
CC-BY (version not stated); CC-BY-4.0,2,CC-BY,named_licence
CC-BY (version not stated; NETL EDX lists 'Creative Commons Attribution'),2,CC-BY,named_licence
CC-BY-2.1; CC-BY-4.0,2,CC-BY,named_licence
CC-BY-4.0 (EEA copyright notice: EEA materials are published under CC BY),2,CC-BY,named_licence
CC-BY-4.0 (Eurostat reuse policy),2,CC-BY,named_licence
CC-BY-4.0 (Zenodo archive),2,CC-BY,named_licence
CC-BY-4.0 (argentina.gob.ar site-wide statement: contents licensed under CC BY 4.0),2,CC-BY,named_licence
CC-BY-4.0 (article; code release not confirmed),2,CC-BY,named_licence
CC-BY-4.0 (as listed; files restricted),2,CC-BY,named_licence
CC-BY-4.0 (set on every resource of the datasets in the portal metadata; the dataset-level field is empty),2,CC-BY,named_licence
CC-BY-4.0 (site-wide statement; individual file conditions not inspected),2,CC-BY,named_licence
CC-BY-4.0 (stated on the podatki.gov.si dataset page),2,CC-BY,named_licence
CC-BY-4.0 Zenodo archive; linked GitHub repository licence unclassified,2,CC-BY,named_licence
CC-BY-4.0 on Zenodo; repository LICENSE states MIT,2,CC-BY|MIT,named_licence
CC-BY-4.0 or CC0 (Panama open data portal: licence indicated per dataset on download),2,CC0|CC-BY,named_licence
CC-BY-4.0 unless otherwise indicated (European Commission reuse policy),2,CC-BY,named_licence
"CC-BY-4.0, Creative Commons Attribution",2,CC-BY,named_licence
"CC-BY-4.0, Open Data Commons Open Database License v1.0",2,CC-BY|ODbL,named_licence
CC-BY-NC-4.0 (article),2,CC-BY-NC,named_licence
CC-BY-NC-ND-4.0 (article),2,CC-BY-NC-ND,named_licence
CC-BY-SA-4.0 (as given on the fact sheet),2,CC-BY-SA,named_licence
CDLA-Permissive-2.0,2,CDLA,named_licence
CEMS-FLOODS datasets licence,2,,no_standard_licence
Clear Collaborative terms of use (no open licence stated),2,,no_standard_licence
Closed access (article),2,,no_standard_licence
Commercial (Esri),2,,no_standard_licence
Commercial Computers and Structures licence,2,,no_standard_licence
"Copernicus data policy (free, full and open access with attribution)",2,,no_standard_licence
Creative Commons Attribution (as stated on EDX),2,CC-BY,named_licence
Creative Commons Attribution Non-Commercial 4.0,2,CC-BY-NC,named_licence
Creative Commons Attribution | NoDerivatives 4.0 International License,2,CC-BY,named_licence
Creative Commons Attribution | Noncommercial | Share Alike 3.0 Unported,2,CC-BY,named_licence
Creative Commons Attribution – Non-commercial 4.0 International (CC-BY-NC 4.0) license,2,CC-BY-NC|CC-BY,named_licence
"Creative Commons Attribution, CC-BY-4.0",2,CC-BY,named_licence
"Creative Commons Attribution, License not specified",2,CC-BY,named_licence
"Creative Commons Attribution, Other (Open)",2,CC-BY,named_licence
Creative Commons BY 4.0 (as given on the registry page),2,CC-BY,named_licence
Creative Commons BY-NC-SA 4.0,2,CC-BY,named_licence
Creative Commons CC Zero License (cc-zero) (http://dcat-ap.de/def/licenses/cc-zero),2,CC0,named_licence
"Creative Commons CCZero (CC0, as shown by the portal)",2,CC0,named_licence
Creative Commons Namensnennung 4.0 International,2,,no_standard_licence
Creative Commons Zero - CC0 1.0,2,CC0,named_licence
"Crown copyright, Open Government Licence v3.0",2,OGL-UK,named_licence
Custom (Public Domain),2,,no_standard_licence
DL-DE,2,DL-DE,named_licence
Data licence Germany - Zero - Version 2.0 (http://dcat-ap.de/def/licenses/dl-zero-de/2.0),2,DL-DE,named_licence
Dataset: CC-BY-4.0; repository code: MIT,2,CC-BY|MIT,named_licence
Datenlizenz Deutschland Namensnennung 2.0 (dl-de/by-2-0),2,DL-DE,named_licence
Datenlizenz Deutschland – Namensnennung – Version 2.0,2,DL-DE,named_licence
Données sous licence gratuite de repartage,2,,no_standard_licence
DrivenData competition data terms (the page lists an open data section),2,,no_standard_licence
ESA website terms (not read),2,,no_standard_licence
ETALAB OPEN LICENCE 2.0,2,Etalab,named_licence
EUPL (version not shown on the page read),2,EUPL,named_licence
EUPL-1.1,2,EUPL,named_licence
Energy Technologies Institute Open Licence for Materials,2,,no_standard_licence
Etalab 2.0,2,Etalab,named_licence
EuroGeographics OpenData Licence (https://eurogeographics.org/maps-for-europe/open-data/topographic-data/),2,,no_standard_licence
European Commission reuse notice; acknowledge source,2,,no_standard_licence
"European Union, reuse under CC BY 4.0",2,CC-BY,named_licence
Eurostat reuse policy (free reuse with attribution),2,,no_standard_licence
GNU General Public License,2,GPL,named_licence
GPL (version not stated on the page read),2,GPL,named_licence
GPL-2.0 for program code; data licences may differ,2,GPL,named_licence
GPL-3.0 (as tagged in the list),2,GPL,named_licence
GPL-3.0 (repository licence label),2,GPL,named_licence
GPLv3,2,GPL,named_licence
GUS copyright terms (reuse and adaptation allowed with the source given),2,,no_standard_licence
Global Data Lab terms of use (citation required),2,,no_standard_licence
Government of Canada terms (no separate licence named),2,,no_standard_licence
HDX 'other' licence (terms stated per dataset),2,,no_standard_licence
IHME free-of-charge non-commercial user agreement,2,,no_standard_licence
INS Guinée Accord de Licence Ouverte (site-wide terms),2,Etalab,named_licence
"ITU copyright, all rights reserved; reproduction needs ITU written permission (as printed in the report)",2,,no_standard_licence
"ITU copyright: all rights reserved, no reproduction without written permission (PDF cover page)",2,,no_standard_licence
"IWMI terms of use: reuse with attribution for non-commercial, research or educational purposes, share-alike",2,,no_standard_licence
Italian Open Data Licence v2.0,2,,no_standard_licence
Itasca End User License Agreement (commercial),2,,no_standard_licence
Jordan open government data default licence (JORDONIAN-DEFAULT),2,,no_standard_licence
LGPL-2.1 (as given on the fact sheet),2,LGPL,named_licence
Licence Mobilité (French open licence for transport data),2,,no_standard_licence
Licence Ouverte (https://www.etalab.gouv.fr/wp-content/uploads/2017/04/ETALAB-Licence-Ouverte-v2.0.pdf),2,Etalab,named_licence
Licence Ouverte / Open Licence (Etalab),2,Etalab,named_licence
Licence Ouverte / Open Licence 2.0 (Etalab),2,Etalab,named_licence
Licence Ouverte / Open Licence version 2.0 (Etalab).,2,Etalab,named_licence
Licence Ouverte v2.0 (https://www.etalab.gouv.fr/licence-ouverte-open-licence),2,Etalab,named_licence
Licence Ouverte v2.0 (https://www.etalab.gouv.fr/wp-content/uploads/2018/11/open-licence.pdf),2,Etalab,named_licence
"Licencia de Datos Abiertos de Uruguay (DAG), as tagged on catalogodatos.gub.uy",2,,no_standard_licence
MANRS copyright; free to read,2,,no_standard_licence
MCMC copyright; non-commercial reproduction with acknowledgement,2,,no_standard_licence
MIC website terms,2,,no_standard_licence
MIT (GitHub licence metadata and root LICENSE).,2,MIT,named_licence
MIT (code); CC-BY-4.0 (data),2,CC-BY|MIT,named_licence
MIT + file LICENSE,2,MIT,named_licence
MIT DSpace thesis terms (openly readable),2,MIT,named_licence
MIT OR Apache-2.0,2,Apache|MIT,named_licence
MIT for code; input-data terms vary,2,MIT,named_licence
Modelica License 2,2,,no_standard_licence
Modelica License 2.0,2,,no_standard_licence
NASA Open Source Agreement 1.3,2,,no_standard_licence
NASA software usage agreement (U.S. and Foreign Release),2,,no_standard_licence
NERC Terms of Use (https://www.nerc.com/terms-of-use-policy),2,,no_standard_licence
NFPA copyright (free to read),2,,no_standard_licence
NIST licence,2,,no_standard_licence
NIST open data licence (https://www.nist.gov/open/license),2,,no_standard_licence
NLOD 1.0,2,NLOD,named_licence
NREL data catalogue licence (Alliance for Sustainable Energy; free use with attribution and disclaimer),2,,no_standard_licence
No restriction on use (data.go.kr),2,,no_standard_licence
No restrictions on public use.,2,,no_standard_licence
"Norwegian Licence for Open Government Data 1.0, Norwegian Licence for Open Government Data (NLOD) 2.0",2,NLOD,named_licence
Not applicable,2,,no_standard_licence
Not read,2,,no_standard_licence
Not stated (free to read),2,,no_standard_licence
Not stated (hub lists no licence),2,,no_standard_licence
Not stated in DataCite metadata (NEES published data),2,,no_standard_licence
Not stated in the dataset metadata,2,,no_standard_licence
Not stated in the download directory (IBGE terms page not readable from the cloud),2,,no_standard_licence
Not stated in the report,2,,no_standard_licence
Not stated on the download page,2,,no_standard_licence
Not stated on the page,2,,no_standard_licence
Not stated on the page read (website content),2,,no_standard_licence
Not stated on the pages read (published on GOV.UK),2,,no_standard_licence
Not stated on the repository page,2,,no_standard_licence
ODC-By,2,ODC-By,named_licence
OGC licence agreement (royalty free; copyright OGC),2,,no_standard_licence
"OGL-3.0 (GOV.UK content, except where otherwise stated)",2,OGL-UK,named_licence
"OGL-3.0 (HSE web content, except where otherwise stated)",2,OGL-UK,named_licence
Open Data Commons Attribution License v1.0,2,ODC-By,named_licence
Open Government Licence - Ontario,2,OGL-Canada,named_licence
Open Government Licence - Toronto,2,OGL-UK,named_licence
Open Government Licence V 3.0 (http://www.nationalarchives.gov.uk/doc/open-government-licence/version/3/),2,OGL-UK,named_licence
Open Government Licence – Jersey v1.0,2,OGL-UK,named_licence
Open Government Licence – Municipality of North Cowichan,2,OGL-UK,named_licence
Open Licence - University of Northern British Columbia,2,,no_standard_licence
Open licentie CC0 - Universeel,2,CC0,named_licence
Open source (licence not named on the pages read),2,,no_standard_licence
"OpenFEMA terms and conditions (U.S. government data, with citation requirements)",2,US-Gov-PD,named_licence
OpenFEMA terms and conditions (U.S. government data; citation requested),2,US-Gov-PD,named_licence
"Other (Public Domain), as labelled by the official repository",2,,no_standard_licence
PDDL-1.0 (as labelled on the portal),2,PDDL,named_licence
PIARC terms,2,,no_standard_licence
Per dataset,2,,no_standard_licence
Permissive licence written for the code (modification and redistribution allowed),2,,no_standard_licence
Proprietary (commercial licence),2,,no_standard_licence
Proprietary commercial product,2,,no_standard_licence
Proprietary; paid subscription,2,,no_standard_licence
Public domain (CFPB: information created by the CFPB is in the public domain),2,,no_standard_licence
Public domain (U.S. federal government statistics),2,US-Gov-PD,named_licence
Public domain (U.S. government data; marked other-pd on the Zenodo archive),2,US-Gov-PD,named_licence
Public domain (US Government work),2,US-Gov-PD,named_licence
Public domain (US Government),2,US-Gov-PD,named_licence
Public regulatory documents (reuse terms of the Bundesnetzagentur site),2,,no_standard_licence
Publisher copyright (ASCE conference paper),2,,no_standard_licence
Publisher copyright (IEEE conference paper),2,,no_standard_licence
Publisher licence (closed article; abstract public),2,,no_standard_licence
Russian standard terms for public open data (2016),2,,no_standard_licence
SEE_TERMS_OF_USE,2,,no_standard_licence
SNCF Open Data (https://data.sncf.com/pages/cgu),2,,no_standard_licence
SPEC Fair Use Guidelines apply,2,,no_standard_licence
See Terms of Use,2,,no_standard_licence
Shared Dataset Agreement (https://ukpowernetworks.sharepoint.com/:b:/s/OpenDataPortalLibrary/ERuk7hTvqPNNsg5NvQ5TCecBLGxArOVJT4iO2JCMWqpAiw?e=NcRx1U),2,,no_standard_licence
TRAI website terms,2,,no_standard_licence
Text content CC BY-SA 4.0 (gov.pl); data licence not stated,2,CC-BY-SA,named_licence
This dataset is for public use.,2,,no_standard_licence
"This dataset is made available for public download by Rice University. By sharing or using this dataset, you agree to give proper credit by referring to its digital object identifier (DOI). This dataset is made available under the Open Database License: http://opendatacommons.org/licenses/odbl/1.0/. Any rights in individual contents of the database are licensed under the Database Contents License: http://opendatacommons.org/licenses/dbcl/1.0/.",2,ODbL,named_licence
This dataset is to be published under a CC BY-NC-ND 4.0 license: https://creativecommons.org/licenses/by-nc-nd/4.0/,2,CC-BY-NC-ND,named_licence
This resource is shared under the Creative Commons Attribution-NoCommercial-ShareAlike CC BY-NC-SA.,2,CC-BY-NC-SA|CC-BY,named_licence
U.S. federal government data; no specific licence named on the page read,2,US-Gov-PD,named_licence
U.S. federal government data; no specific licence named on the pages read,2,US-Gov-PD,named_licence
U.S. federal government information (public domain),2,US-Gov-PD,named_licence
U.S. federal government work (no licence stated on the pages read; public domain inferred),2,US-Gov-PD,named_licence
US Government work (no restriction stated on the pages read),2,US-Gov-PD,named_licence
US federal government publication (public domain),2,US-Gov-PD,named_licence
US federal government work (terms not stated on the page),2,US-Gov-PD,named_licence
US federal regulation (public domain),2,US-Gov-PD,named_licence
"US government work, public domain",2,US-Gov-PD,named_licence
US public domain,2,US-Gov-PD,named_licence
US public domain (usa.gov public domain label),2,US-Gov-PD,named_licence
a licence or disclaimer text is given on the hub listing (1. The data are made available to the public solely for informational purposes. Information provided in the Caltrans GIS ...); terms not read in full,2,,no_standard_licence
a licence or disclaimer text is given on the hub listing (Port boundaries are for statistical data collection and tabulation purposes only. Their depiction and designation for st ...); terms not read in full,2,,no_standard_licence
apgl-v3,2,AGPL,named_licence
arXiv preprint (licence not stated),2,,no_standard_licence
arXiv preprint; no code release was found,2,,no_standard_licence
as linked on the portal listing (http://creativecommons.org/publicdomain/mark/1.0/deed.nl),2,,no_standard_licence
as linked on the portal listing (http://datos.apc.es/wps/portal/open-data/Datos-APC-Condiciones-de-uso),2,,no_standard_licence
as linked on the portal listing (http://datos.gob.es/?q=aviso-legal),2,,no_standard_licence
as linked on the portal listing (http://dcat-ap.de/def/licenses/dl-zero-de/2.0),2,DL-DE,named_licence
"as linked on the portal listing (http://eplca.jrc.ec.europa.eu/ELCD3/templates/default/html/datasetLicense.html), European Commission reuse notice, CC-BY-4.0",2,CC-BY,named_licence
"as linked on the portal listing (http://inspire.ec.europa.eu/metadata-codelist/ConditionsApplyingToAccessAndUse/conditionsUnknown), as linked on the portal listing (https://creativecommons.org/licenses/by-nd/4.0/)",2,CC-BY-ND,named_licence
as linked on the portal listing (http://opendatacommons.org/licenses/by/summary/),2,,no_standard_licence
as linked on the portal listing (http://www.magrama.gob.es/es/atencion-al-ciudadano/aviso-legal.aspx),2,,no_standard_licence
"as linked on the portal listing (http://www.opendefinition.org/licenses/cc-by), as linked on the portal listing (http://www.opendefinition.org/licenses/odc-by)",2,CC-BY|ODC-By,named_licence
"as linked on the portal listing (http://www.opendefinition.org/licenses/cc-by), as linked on the portal listing (https://opendefinition.org/licenses/cc-by)",2,CC-BY,named_licence
as linked on the portal listing (https://creativecommons.org/licenses/by-nd/4.0/deed.lt),2,CC-BY-ND,named_licence
as linked on the portal listing (https://creativecommons.org/licenses/by-sa/4.0/deed.es_ES),2,CC-BY-SA,named_licence
"as linked on the portal listing (https://creativecommons.org/licenses/by/4.0/deed.de), as linked on the portal listing (https://creativecommons.org/licenses/by/3.0/at/deed.de)",2,CC-BY,named_licence
"as linked on the portal listing (https://creativecommons.org/licenses/by/4.0/deed.sk), as linked on the portal listing (http://inspire.ec.europa.eu/metadata-codelist/ConditionsApplyingToAccessAndUse/noConditionsApply)",2,CC-BY,named_licence
"as linked on the portal listing (https://creativecommons.org/licenses/by/4.0/legalcode.es), as linked on the portal listing (https://www.crtm.es/licencia-de-uso)",2,CC-BY,named_licence
as linked on the portal listing (https://data.cnmc.es/condiciones-de-uso),2,,no_standard_licence
as linked on the portal listing (https://data.norge.no/nlod/no),2,NLOD,named_licence
as linked on the portal listing (https://datosabiertos.dip-badajoz.es/es/pages/reutiliza-es),2,,no_standard_licence
as linked on the portal listing (https://opendata.elhierro.es/terminos),2,,no_standard_licence
as linked on the portal listing (https://puertos.sede.gob.es/Aviso-legal),2,,no_standard_licence
as linked on the portal listing (https://resources.geodata.se/codelist/metadata/anvandningsrestriktioner.xml#CCby4.0),2,,no_standard_licence
as linked on the portal listing (https://resources.geodata.se/codelist/metadata/anvandningsrestriktioner.xml#licensBehovs),2,,no_standard_licence
as linked on the portal listing (https://services.cuzk.gov.cz/registry/codelist/ConditionsApplyingToAccessAndUse/authorizedUsers),2,,no_standard_licence
as linked on the portal listing (https://seu.portsdebalears.gob.es/seuapb/fitxa/7796/condicions-dades-obertes),2,,no_standard_licence
as linked on the portal listing (https://sg.geodatenzentrum.de/web_public/gdz/lizenz/geonutzv.pdf),2,,no_standard_licence
as linked on the portal listing (https://www.granollers.cat/avis-legal),2,,no_standard_licence
as linked on the portal listing (https://www.icane.es/footer/legal-advisory),2,,no_standard_licence
as linked on the portal listing (https://www.lgl-bw.de/agb/),2,,no_standard_licence
as linked on the portal listing (https://www.miteco.gob.es/es/atencion-al-ciudadano/aviso-legal.aspx),2,,no_standard_licence
as linked on the portal listing (https://www.porttarragona.cat/ca/autoritat-portuaria-tarragona/dades-obertes#condicions),2,,no_standard_licence
"cc-by, as linked on the portal listing (https://creativecommons.org/licenses/by/3.0/at/deed.de)",2,CC-BY,named_licence
commercial,2,,no_standard_licence
commercial licence (Fluidit),2,,no_standard_licence
commercial licence (VICUS; free student licence),2,,no_standard_licence
commercial software (licence terms not stated on the page read on 2026-09-29),2,,no_standard_licence
commercial subscription terms,2,,no_standard_licence
commercial web service; terms not read,2,,no_standard_licence
custom dataset terms (Harvard Dataverse custom licence),2,,no_standard_licence
etalab-2.0 (INSEE: data on the site under Licence Ouverte 2.0),2,Etalab,named_licence
eupl-1.2,2,EUPL,named_licence
free download under the JODI website terms of use (no data licence stated),2,,no_standard_licence
free for academic and research purposes; exact reuse terms require provider agreement,2,,no_standard_licence
"free proprietary licence (CNES: ""Licence propriétaire gratuite"")",2,,no_standard_licence
free use with no restriction on scope (public data portal terms),2,,no_standard_licence
gpl-3.0,2,GPL,named_licence
https://www.statcan.gc.ca/en/terms-conditions/open-licence,2,,no_standard_licence
keine kommerzielle Nutzung,2,,no_standard_licence
licence given by link only (http://virginia-gtfs.com/),2,,no_standard_licence
licence given by link only (https://511.org/sites/default/files/pdfs/511_Data_Agreement_Final.pdf); not stated in the Mobility Database listing (licence field empty),2,,no_standard_licence
licence given by link only (https://actv.avmspa.it/it/content/catalogo-dei-dati-metadati-e-banche-dati-actv),2,,no_standard_licence
licence given by link only (https://exo.quebec/fr/a-propos/donnees-ouvertes/FormulaireDemandeAcces); not stated in the Mobility Database listing (licence field empty),2,,no_standard_licence
licence given by link only (https://github.com/tmlmobilidade/go?tab=AGPL-3.0-1-ov-file),2,AGPL,named_licence
licence given by link only (https://judu.lt/wp-content/uploads/2022/03/Duomenu-naudojimo-salygos-lt.pdf),2,,no_standard_licence
licence given by link only (https://opendata.waltti.fi/docs#gtfs-packages),2,,no_standard_licence
licence given by link only (https://ridetrinitymetro.org/gtfs-data/),2,,no_standard_licence
licence given by link only (https://www.bctransit.com/open-data/terms-of-use); licence given by link only (https://www.bctransit.com/open-data/terms-of-use/),2,,no_standard_licence
licence given by link only (https://www.cata.org/Portals/0/CATAGTFSLicenseAgreement20150323.pdf),2,,no_standard_licence
licence given by link only (https://www.donneesquebec.ca/licence/),2,,no_standard_licence
licence given by link only (https://www.foothilltransit.org/about/developer-resources/developer-license-agreement/); not stated in the Mobility Database listing (licence field empty),2,,no_standard_licence
licence given by link only (https://www.gotransit.com/en/partner-with-us/software-developers),2,,no_standard_licence
licence given by link only (https://www.gpmetro.org/about-us/projects-initiatives/developers/),2,,no_standard_licence
licence given by link only (https://www.mpkrzeszow.pl/otwartedane/); not stated in the Mobility Database listing (licence field empty),2,,no_standard_licence
licence given by link only (https://www.nvbw.de/open-data/lizenz),2,,no_standard_licence
licence given by link only (https://www.sardegnamobilita.it/open-data),2,,no_standard_licence
licence given by link only (https://www.stm.info/en/about/developers/terms-use),2,,no_standard_licence
no restriction on use (Public Data Portal licence field),2,,no_standard_licence
not stated (Japanese government material),2,,no_standard_licence
not stated (US Government publication; no licence text read on the page 2026-09-29),2,,no_standard_licence
not stated (all rights reserved notice),2,,no_standard_licence
not stated (data set page not opened on 2026-10-01),2,,no_standard_licence
not stated (data.gov.uk: 'No Licence Provided'),2,,no_standard_licence
not stated (data.overheid.nl: 'Onbekende licentie'; access restricted),2,,no_standard_licence
not stated (no licence or terms statement in the PDF read on 2026-09-29; a US federal agency report),2,,no_standard_licence
not stated (no licence or terms statement on the DOE Data Explorer record read on 2026-09-29),2,,no_standard_licence
not stated (no licence or terms statement on the provider pages read on 2026-09-29),2,,no_standard_licence
not stated (no licence text found in the PDF text read on 2026-09-29),2,,no_standard_licence
"not stated (the data.gov.au entry says ""License Not Specified"")",2,,no_standard_licence
"not stated (the portal record carries no licence field, read on 2026-09-29)",2,,no_standard_licence
not stated for the model code; the describing arXiv preprint is under the CC-BY-4.0,2,,no_standard_licence
not stated for the model; open.rijkswaterstaat.nl content is CC0,2,,no_standard_licence
not stated for the resource; the describing article is CC-BY-SA-4.0,2,,no_standard_licence
not stated in the PDF text read on 2026-09-29; IAEA publication terms apply,2,,no_standard_licence
not stated in the pages read,2,,no_standard_licence
not stated in the repository (no licence file found),2,,no_standard_licence
not stated in the resource metadata,2,,no_standard_licence
not stated in the tool read,2,,no_standard_licence
not stated on the EPA page,2,,no_standard_licence
not stated on the dataset ('Licencia no especificada'); Postdata terms: free access to public data without restriction,2,,no_standard_licence
not stated on the front page,2,,no_standard_licence
not stated on the page read (commercial licence),2,,no_standard_licence
not stated on the page read (commercial subscription),2,,no_standard_licence
not stated on the tool page,2,,no_standard_licence
not stated; DLR site terms require permission from the rights holder for reuse,2,,no_standard_licence
opendata.swiss Open use,2,,no_standard_licence
"other licence, not open, as labelled on the portal",2,,no_standard_licence
other open licence (as listed on opendata.gouv.tg),2,,no_standard_licence
proprietary (closed source; contact NREL),2,,no_standard_licence
proprietary commercial licence,2,,no_standard_licence
proprietary commercial software,2,,no_standard_licence
public domain (as given on the registry page),2,,no_standard_licence
"public, no use restrictions (USACE)",2,,no_standard_licence
set per dataset; the registry page of each dataset states the terms,2,,no_standard_licence
"stated as ""Commercial"" on the registry page",2,,no_standard_licence
"terms recorded on the dataset page: All maps or other documents produced using data or data products supplied through this agreement should contain a data source credit, prominently disp",2,,no_standard_licence
terms recorded on the dataset page: For Non-commercial use only. Acknowledgment of the Bureau of Transportation Statistics National Transportation Atlas would be appreciated in products,2,,no_standard_licence
"terms recorded on the dataset page: For educational non-commercial use only. The City of Cambridge makes no claims, no representations, and no warranties, express or implied, concerning",2,,no_standard_licence
terms recorded on the dataset page: For educational or non-commercial use only.,2,,no_standard_licence
terms recorded on the dataset page: For non-commercial use only. Acknowledgment of the Bureau of Transportation Statistics National Transportation Atlas would be appreciated in products,2,,no_standard_licence
terms recorded on the dataset page: No part of this data product is allowed to be reproduced or re-distributed to any other parties without permission.,2,,no_standard_licence
unclear (as given on the wiki page),2,,no_standard_licence
İBB Open Data Licence (attribution; commercial reuse allowed),2,,no_standard_licence
511 data terms (free with token),1,,no_standard_licence
5G-MAG licence model (open-source licences per tool),1,,no_standard_licence
"<DIV STYLE=""text-align:Left;""><DIV><DIV><P STYLE=""margin:0 0 11 0;""><SPAN>Public – data could be made publicly available without restrictions.</SPAN></P></DIV></DIV></DIV>",1,,no_standard_licence
"<DIV STYLE=""text-align:Left;""><DIV><DIV><P><SPAN>1. The data are made available to the public solely for informational purposes. Information provided in the Caltrans GIS Data Library is accurate to the best of our knowledge and is subject to change on a regular basis, without notice. While Caltrans makes every effort to provide useful and accurate information, we do not warrant the information to be authoritative, complete, factual, or timely. Information is provided on an ""as is"" and an ""as available"" basis. The Department of Transportation is not liable to any party for any cost or damages, including any direct, indirect, special, incidental, or consequential damages, arising out of or in connection with the access or use of, or the inability to access or use, the Site or any of the Materials or Services described herein.</SPAN></P><P><SPAN>2. License - Creative Commons 4.0 Attribution</SPAN></P></DIV></DIV></DIV>",1,,no_standard_licence
"<div style='text-align:Left; font-size:12pt;'><p><span>Users are free to use, copy, distribute, transmit, and adapt the work for commercial and non-commercial purposes, without restriction, as long as clear attribution of the source is provided.</span></p><p><span></span></p><p><br /></p></div> (as labelled on the portal)",1,,no_standard_licence
"ACEEE copyright; citation welcome, certain uses need written permission and for-profit uses may be charged",1,,no_standard_licence
ACER copyright notice: public documents may be reproduced with the source acknowledged; downloading licensed material beyond personal use needs permission,1,,no_standard_licence
"ACER copyright, all rights reserved; reuse terms not stated",1,,no_standard_licence
"ACLED end user licence agreement (registration, attribution required)",1,,no_standard_licence
ACMA licence usage conditions for RRL data,1,,no_standard_licence
ACTB branch licence not established; do not infer from the older BOPTEST README,1,,no_standard_licence
ADB terms of use (no open licence stated),1,,no_standard_licence
"ADB terms of use: data may be copied, adapted and redistributed for commercial and non-commercial purposes at no cost, with attribution to ADB",1,,no_standard_licence
AGES website terms (no open licence named on the page),1,,no_standard_licence
AGPL-1.0 as labelled by GitLab; version not independently interpreted,1,AGPL,named_licence
AGPL-3,1,AGPL,named_licence
"AGPL-3.0 (GNU Affero General Public License, per the LICENSE file)",1,AGPL,named_licence
AGPL-3.0 (commercial licences available),1,AGPL,named_licence
AGPL-3.0 (historic open-source code); hosted API under Hove terms,1,AGPL,named_licence
AGPL-3.0 (ladybug core library),1,AGPL,named_licence
"AGPL-3.0 code; ENTSO-E, Elexon, GIE and Fraunhofer source-feed rights separate.",1,AGPL,named_licence
AGPL-3.0 for MaCySTe; upstream terrain and third-party component terms apply separately,1,AGPL,named_licence
"AGPL-3.0 for honeybee-core; extensions, engines and host CAD software have separate terms.",1,AGPL,named_licence
AGPL-3.0 for non-commercial purposes (as stated in the paper),1,AGPL,named_licence
AGPL-3.0 for program code; data licences may differ,1,AGPL,named_licence
AGPL-3.0 for repository code; user-supplied building and reference datasets have separate rights.,1,AGPL,named_licence
AGPL-3.0 or GPL-3.0 for most simulation engines; LGPL-2.1 for several utility libraries; third-party packages under their own licences,1,AGPL|LGPL|GPL,named_licence
AGPL-3.0 or commercial,1,AGPL,named_licence
AGPL-3.0-only with Commons Clause (no right to sell),1,AGPL,named_licence
AGPL-3.0-or-later (code); input data bundle marked other-open with per-dataset licences,1,AGPL,named_licence
AGPL-3.0-or-later (commercial licence available),1,AGPL,named_licence
AGPL-3.0-or-later (engine); manual CC-BY-NC-SA-4.0,1,CC-BY-NC-SA|AGPL,named_licence
AGPL-3.0-or-later for repository code; BMP source data retain separate terms.,1,AGPL,named_licence
AGPL-3.0-or-later in Zenodo; GPL-3.0 in current repository; version conflict unresolved,1,AGPL|GPL,named_licence
AGPL-3.0-or-later with REMIND License Exception 1.0,1,AGPL,named_licence
"AGPL-3.0-or-later, GPL-3.0-or-later and CC0-1.0 (per-file licences under REUSE)",1,CC0|AGPL|GPL,named_licence
AGPL-3.0-or-later; repository README clarifies the Zenodo apgl-v3 identifier,1,AGPL,named_licence
AISHub terms (data sharing membership),1,,no_standard_licence
"AMES License (BSD-2-Clause style, Battelle)",1,BSD,named_licence
AMS-IX copyright; free to read,1,,no_standard_licence
AMS-IX terms of use,1,,no_standard_licence
APSIM General Use Licence (free for non-commercial public-good use); Special Use Licence otherwise,1,,no_standard_licence
ASAM licensing terms (standards are ASAM intellectual property; rights of use granted under the ASAM licence terms),1,,no_standard_licence
ASCE Hazard Tool terms of use,1,,no_standard_licence
ASEP lawful use with source attribution,1,,no_standard_licence
ASFINAG ATSD terms of use,1,,no_standard_licence
"ASHRAE copyright; Weather Data Viewer for personal use only, with separate licences for software developers",1,,no_standard_licence
ASHRAE copyright; standards and the encyclopedia are sold or subscription-based (page read),1,,no_standard_licence
ASHRAE terms; the standard itself is sold separately,1,,no_standard_licence
ATIH open data terms,1,,no_standard_licence
ATO terms: attributed personal and non-profit use; commercial use requires prior written permission,1,,no_standard_licence
ATSC copyright; free download,1,,no_standard_licence
AURIN terms of use (royalty-free licence to use the services) plus the relevant data licence of each dataset,1,,no_standard_licence
AWS copyright; free to read,1,,no_standard_licence
"Aaltodoc terms: all rights belong to the author; personal use (download, display, print) allowed, commercial use prohibited",1,,no_standard_licence
Academic Free License (version not stated),1,AFL,named_licence
Academic Free License 3.0 (a few files under other open licences),1,AFL,named_licence
Academic Free License v3.0 for documented version,1,AFL,named_licence
Academic Public License (non-commercial); commercial use via OMNEST,1,,no_standard_licence
Academic and Research Use Only (as given in the list),1,,no_standard_licence
Academic use licence (TU Wien),1,,no_standard_licence
Access Only (BC Data Catalogue),1,,no_standard_licence
Access on request to the corresponding author,1,,no_standard_licence
Access under the PEERING acceptable use policy,1,,no_standard_licence
Affero General Public License Version 3,1,AGPL,named_licence
African Union copyright; free to read,1,,no_standard_licence
"Aggregated public planning records; postcode and boundary data under OGL, OS OpenData and ODbL; linked documents under local authority copyright",1,ODbL|OGL-UK,named_licence
Aggregated results only; underlying records are anonymised and not released,1,,no_standard_licence
All reproduction rights reserved according to the ISEE legal notice; electronic reproduction needs permission from the publication director,1,,no_standard_licence
"All rights reserved (Geoengineer.org, ARGO-E Group)",1,,no_standard_licence
All rights reserved (no use without permission),1,,no_standard_licence
All rights reserved (repository terms allow one copy for private study),1,,no_standard_licence
All rights reserved (site footer: Copyright 2023 National Agriculture Market Project),1,,no_standard_licence
All rights reserved by LAC-IX; free to read,1,,no_standard_licence
"All rights reserved, ACI Asia-Pacific 2023 (no reproduction without permission)",1,,no_standard_licence
Ameren Custom Terms of Use (https://www.ameren.com/terms),1,,no_standard_licence
Apache 2.0 (app code); data free with credit to contributors,1,Apache,named_licence
Apache 2.0 (site recovery data CC BY 4.0),1,CC-BY|Apache,named_licence
"Apache Licence, Version 2.0 (code, documentation). ODBL (data) (as given on the wiki page)",1,ODbL|Apache,named_licence
"Apache License 2.0 (code), Open Government Licence v3.0 (documentation)",1,OGL-UK|Apache,named_licence
Apache-2.0 (API specification files),1,Apache,named_licence
Apache-2.0 (OSDU community code),1,Apache,named_licence
Apache-2.0 (PyPI package metadata),1,Apache,named_licence
Apache-2.0 (alternative BSD for qualifying contributors); datasets CC-BY-4.0,1,CC-BY|Apache|BSD,named_licence
Apache-2.0 (as stated on Kaggle),1,Apache,named_licence
Apache-2.0 (code); custom data licence,1,Apache,named_licence
Apache-2.0 (code); data terms set by HERE,1,Apache,named_licence
Apache-2.0 (open portions); Speckle Enterprise Edition terms for named modules,1,Apache,named_licence
Apache-2.0 (repository page read),1,Apache,named_licence
Apache-2.0 (source); GPL-3.0 (binaries),1,GPL|Apache,named_licence
Apache-2.0 (specification repository),1,Apache,named_licence
Apache-2.0 (tools); ArcGIS licence required,1,Apache,named_licence
"Apache-2.0 claimed in repository README, but the linked LICENSE file is absent from the inspected tree; dataset rights are uncertain.",1,Apache,named_licence
Apache-2.0 code; CC BY-NC assets; documentation public hosting prohibited,1,CC-BY-NC|Apache,named_licence
Apache-2.0 code; CC-BY-NC-SA-4.0 and source-specific data terms,1,CC-BY-NC-SA|Apache,named_licence
"Apache-2.0 for code; CC BY 4.0 for datasets, as stated in version v1.1.0 release notes",1,CC-BY|Apache,named_licence
Apache-2.0 for most components; Linux Foundation terms of use for the site,1,Apache,named_licence
Apache-2.0 for most files; per-file SPDX licences apply,1,Apache,named_licence
"Apache-2.0 for project code, documents and investigation catalog; third-party data follow provider-specific terms.",1,Apache,named_licence
Apache-2.0 for repository code; PTV Visum separately licensed,1,Apache,named_licence
Apache-2.0 for the core; plugin terms differ,1,Apache,named_licence
Apache-2.0 main code; third-party component licences apply,1,Apache,named_licence
Apache-2.0 package; SimBench ODbL-1.0 and DbCL-1.0; upstream attribution retained,1,ODbL|Apache,named_licence
Apache-2.0 with additional commercial-use and redistribution restrictions,1,Apache,named_licence
Apache-2.0-or-later,1,Apache,named_licence
Applications: GPL-3.0; shared libraries: LGPL as specified per library,1,LGPL|GPL,named_licence
Approved for public release; SPARTA terms of service,1,,no_standard_licence
AquaTool licence (free for evaluation and students; priced licences for other users),1,,no_standard_licence
Article CC BY 4.0 (US Government work); data in USGS ScienceBase,1,CC-BY|US-Gov-PD,named_licence
Article CC BY 4.0; code availability not stated on the page read,1,CC-BY,named_licence
Article CC BY 4.0; code licence not stated on the page read,1,CC-BY,named_licence
Article CC BY 4.0; dataset terms set by the data centre (not read),1,CC-BY,named_licence
Article CC BY 4.0; model files in the supporting information,1,CC-BY,named_licence
Article CC BY; software licence not stated on the page read,1,CC-BY,named_licence
Article CC-BY-4.0; data licence not read,1,CC-BY,named_licence
Article access by subscription; method described in the paper,1,,no_standard_licence
Article licence not read; mortality data not public,1,,no_standard_licence
Article open access in JASSS; code licence not stated on the page read,1,,no_standard_licence
Article under CC BY-NC-ND 4.0; the OSF dataset licence was not read,1,CC-BY-NC-ND,named_licence
Article under a Creative Commons licence (variant not read),1,,no_standard_licence
Arup REDi licence (limited worldwide licence for non-commercial and commercial use; no resale),1,,no_standard_licence
Asiaq terms of use for free geodata,1,,no_standard_licence
Attribution licence (credit Ringmast4r - Global-Data-Center-Map),1,,no_standard_licence
"Attribution, pas d’utilisation commerciale, partage dans les mêmes conditions (CC-BY-NC-SA 4.0)",1,CC-BY-NC-SA,named_licence
Attribution-NonCommercial 3.0 Unported (Embargo: 2020-08-21),1,CC-BY-NC,named_licence
Attribution-NonCommercial 4.0 International (CC BY-NC 4.0),1,CC-BY-NC,named_licence
Auckland Council Catchments and Hydrology data set disclaimer (no open licence named on the layer pages),1,,no_standard_licence
Australian Government service; free,1,,no_standard_licence
Author manuscript openly available; publisher copyright,1,,no_standard_licence
Author's copyright; free to read (GCAT under an open licence),1,,no_standard_licence
Authors' copyright; free to read,1,,no_standard_licence
Available March 2018,1,,no_standard_licence
BAN website terms; free to view,1,,no_standard_licence
BASt open data terms (not read),1,,no_standard_licence
BCMT terms of use,1,,no_standard_licence
BGR and UNESCO copyright; may be used and reproduced without further permission with acknowledgement of BGR & UNESCO,1,,no_standard_licence
BGS NGDC Terms and Conditions (deposited data; no open licence named on the pages read),1,,no_standard_licence
BGS commercial data licence,1,,no_standard_licence
BGS licence (copyright NERC); index layer free to view,1,,no_standard_licence
BGS terms (academic use; commercial use by agreement),1,,no_standard_licence
BGS terms (factual parts open for public inspection),1,,no_standard_licence
BIG copyright (no open licence stated),1,,no_standard_licence
BIPM terms of use,1,,no_standard_licence
BIPT data portal terms of use (not read),1,,no_standard_licence
BIS publication (reuse terms not stated on the page read),1,,no_standard_licence
BIS terms of use (not stated on the page read),1,,no_standard_licence
"BMRS Data Licence (royalty-free, perpetual, commercial use allowed, attribution ""Contains BMRS data © Elexon Limited copyright and database right [year]"")",1,,no_standard_licence
BSD (HydroClient source code and documentation),1,BSD,named_licence
BSD (TinyOS; variant not stated),1,BSD,named_licence
BSD (as given in the list),1,BSD,named_licence
BSD (variant not stated on the page read),1,BSD,named_licence
BSD 2-Clause (code),1,BSD,named_licence
BSD 2-Clause (repository text includes a naming restriction),1,BSD,named_licence
BSD 3-Clause,1,BSD,named_licence
BSD 3-clause,1,BSD,named_licence
BSD 3-clause 'New' or 'Revised' license,1,BSD,named_licence
BSD licence,1,BSD,named_licence
BSD-2-Clause (as given in the list),1,BSD,named_licence
BSD-2-Clause terms in repository License.txt; article reports GNU GPL,1,GPL|BSD,named_licence
BSD-2-Clause-NetBSD (Zenodo metadata); GitHub repository identifies BSD-2-Clause,1,BSD,named_licence
BSD-2-Clause-style custom terms,1,BSD,named_licence
BSD-2-Clause; ANTApp GPL-3.0,1,GPL|BSD,named_licence
BSD-2.0 (as given in the list),1,BSD,named_licence
BSD-3-Clause (AgriFoodPy and agrifoodpy-shocks),1,BSD,named_licence
BSD-3-Clause (Cropping System Model code),1,BSD,named_licence
BSD-3-Clause (EnergyPlus BSD-style licence),1,BSD,named_licence
BSD-3-Clause (LANL copyright),1,BSD,named_licence
BSD-3-Clause (LBNL modified BSD),1,BSD,named_licence
BSD-3-Clause (Open MPI variant) for OCUDU; srsRAN Project AGPL-3.0,1,AGPL|BSD,named_licence
BSD-3-Clause (OpenStudio licence),1,BSD,named_licence
BSD-3-Clause (Python source); separately licensed solver,1,BSD,named_licence
BSD-3-Clause (RouteE Powertrain and RouteE Compass),1,BSD,named_licence
BSD-3-Clause (Triad National Security copyright),1,BSD,named_licence
"BSD-3-Clause (Triad National Security copyright, MICOT LA-CC-13-108)",1,BSD,named_licence
BSD-3-Clause (as stated in the paper),1,BSD,named_licence
BSD-3-Clause (code); OSM input data ODbL,1,ODbL|BSD,named_licence
BSD-3-Clause (code); case files not covered by the BSD licence,1,BSD,named_licence
"BSD-3-Clause (copyright Alliance for Sustainable Energy, LLC)",1,BSD,named_licence
BSD-3-Clause (repository LICENSE; README badge says BSD-2-Clause),1,BSD,named_licence
BSD-3-Clause by reference to NeuralHydrology LICENSE in README; Zenodo metadata has no licence identifier,1,BSD,named_licence
BSD-3-Clause code; input datasets retain their own terms,1,BSD,named_licence
BSD-3-Clause for code; supplied case files have separate terms,1,BSD,named_licence
BSD-3-Clause linked repository; Zenodo archive labelled other-open,1,BSD,named_licence
BSD-3-Clause-CLEAR,1,BSD,named_licence
BSD-3-Clause-Clear,1,BSD,named_licence
BSD-3-Clause-LBNL,1,BSD,named_licence
"BSD-3-Clause-style IDAES terms, with voluntary enhancement contribution clause",1,BSD,named_licence
BSD-3-Clause-style custom ERF terms,1,BSD,named_licence
BSD-3-Clause-style pvOps terms,1,BSD,named_licence
BSD-3-Clause-style terms; organisation placeholder retained in licence text,1,BSD,named_licence
BSD-3-Clause; dependencies have separate licences,1,BSD,named_licence
BSD-3-Clause; earlier NOAA-derived code has public-domain provenance,1,BSD|US-Gov-PD,named_licence
BSD-3-Clause; requires a PSS/E licence,1,BSD,named_licence
BSD-style (Battelle Memorial Institute),1,BSD,named_licence
BSD-style (DISPATCHES licence agreement),1,BSD,named_licence
BSD-style (Delft University of Technology),1,BSD,named_licence
BSD-style (SEED Platform licence),1,BSD,named_licence
BSD-style FOQUS licence with voluntary-enhancement grant,1,BSD,named_licence
BSD-style IDAES licence (pyproject: BSD),1,BSD,named_licence
BSD-style OpenStudio licence (Alliance for Sustainable Energy),1,BSD,named_licence
BSD-style licence with additional enhancements grant (legal.md),1,BSD,named_licence
BSD-style redistribution licence with URBANopt trademark condition; separate bundled-component terms,1,BSD,named_licence
BSD-style three-clause licence with DOE rights notice,1,BSD,named_licence
BSD2-Clause (Battelle licence text with additional naming and citation conditions),1,BSD,named_licence
BSD2-Simplified,1,BSD,named_licence
BSD; consult the distribution for the exact variant,1,BSD,named_licence
BUSL-1.1,1,,no_standard_licence
Badan Pangan Nasional terms (no licence named on the page),1,,no_standard_licence
Balmforth report under Open Government Licence v3.0; ASDSO page licence not stated,1,OGL-UK,named_licence
Barbados Statistical Service Open Licence Agreement,1,,no_standard_licence
Basel Convention Secretariat website terms (no open licence named),1,,no_standard_licence
Battelle BSD-style licence (redistribution and modification permitted with notice),1,BSD,named_licence
Battelle permissive custom licence,1,,no_standard_licence
Battelle permissive source and binary redistribution licence (README),1,,no_standard_licence
"Blog and news articles, all rights reserved",1,,no_standard_licence
"Blog posts, all rights reserved",1,,no_standard_licence
Book supplement under the publisher's terms; the project's final report calls the manager tool open source,1,,no_standard_licence
Built from public domain imagery and public domain official building footprints (terms on the dataset page),1,,no_standard_licence
"Bundesnetzagentur; free to view, no open licence found",1,,no_standard_licence
"CAA terms (reference required, no resale)",1,,no_standard_licence
CAA terms agreed per request,1,,no_standard_licence
CAIDA Acceptable Use Agreement,1,,no_standard_licence
CAIDA acceptable use agreement,1,,no_standard_licence
CAIDA and IMPACT data use agreements,1,,no_standard_licence
CAP LTER custom public-use terms,1,,no_standard_licence
CARATS Open Data terms of use (research and education use; no redistribution; acknowledgement required),1,,no_standard_licence
CBS terms of use (linked; not read),1,,no_standard_licence
CC BY (HDX dataset),1,CC-BY,named_licence
CC BY (Ukraine series on HDX); CC BY-IGO (historic series); WHO copyright for the dashboard,1,CC-BY,named_licence
CC BY (article and supplementary files),1,CC-BY,named_licence
CC BY (article); no code released,1,CC-BY,named_licence
CC BY (as labelled on each file),1,CC-BY,named_licence
CC BY (as stated on dados.gov.pt),1,CC-BY,named_licence
CC BY (as stated on the portal),1,CC-BY,named_licence
CC BY (figshare dataset); article CC BY-NC-ND,1,CC-BY-NC-ND|CC-BY,named_licence
CC BY (open access licence recorded by OpenAlex; publisher page not fetched),1,CC-BY,named_licence
"CC BY (with citation, as stated on the platform)",1,CC-BY,named_licence
CC BY 2.5 AR,1,CC-BY,named_licence
CC BY 3.0,1,CC-BY,named_licence
CC BY 3.0 (article),1,CC-BY,named_licence
CC BY 3.0 (https://creativecommons.org/licenses/by/3.0/),1,CC-BY,named_licence
CC BY 3.0 (per the API specification's licence statement),1,CC-BY,named_licence
CC BY 4.0 (2023 release); not stated in the DataCite metadata for the DANS releases,1,CC-BY,named_licence
CC BY 4.0 (CHO dataset); CC0 1.0 (Schema.org Rijksmonumenten subset),1,CC0|CC-BY,named_licence
CC BY 4.0 (ComReg statistics); CSO and Tailte Éireann boundaries,1,CC-BY,named_licence
"CC BY 4.0 (Dataset), GNU GPL v3.0 (Code) (as given on the wiki page)",1,CC-BY|GPL,named_licence
"CC BY 4.0 (European Commission reuse policy, Decision 2011/833/EU)",1,CC-BY,named_licence
CC BY 4.0 (OSF project),1,CC-BY,named_licence
CC BY 4.0 (PCN index); Kp by GFZ under a Creative Commons Attribution licence,1,CC-BY,named_licence
CC BY 4.0 (README); the datapackage metadata names ODC-PDDL-1.0,1,CC-BY|PDDL,named_licence
CC BY 4.0 (Tochno.st flat-table version); not stated for the GeoJSON files,1,CC-BY,named_licence
CC BY 4.0 (WSF 2019),1,CC-BY,named_licence
CC BY 4.0 (Zenodo record),1,CC-BY,named_licence
CC BY 4.0 (Zenodo record); the article is CC BY-NC,1,CC-BY-NC|CC-BY,named_licence
CC BY 4.0 (Zenodo release),1,CC-BY,named_licence
CC BY 4.0 (Zenodo release); GPL-3.0 (GitHub repository),1,CC-BY|GPL,named_licence
CC BY 4.0 (Zenodo); a non-commercial Creative Commons licence is listed on the GEE catalog page,1,CC-BY,named_licence
CC BY 4.0 (article); no code licence stated,1,CC-BY,named_licence
CC BY 4.0 (as given on the registry page),1,CC-BY,named_licence
CC BY 4.0 (as recorded in the DataCite metadata of the DOI),1,CC-BY,named_licence
"CC BY 4.0 (as stated on the RDF download page, per Bioregistry)",1,CC-BY,named_licence
CC BY 4.0 (as stated on the Zenodo record),1,CC-BY,named_licence
CC BY 4.0 (as stated on the record; files restricted),1,CC-BY,named_licence
CC BY 4.0 (compiled data); MIT (code); third-party records under their issuers' terms,1,CC-BY|MIT,named_licence
"CC BY 4.0 (data), MIT (code)",1,CC-BY|MIT,named_licence
CC BY 4.0 (dataset); MIT (code),1,CC-BY|MIT,named_licence
CC BY 4.0 (deposit metadata),1,CC-BY,named_licence
"CC BY 4.0 (except third party material, trade marks and images)",1,CC-BY,named_licence
CC BY 4.0 (figshare items),1,CC-BY,named_licence
"CC BY 4.0 (for data produced directly by GSI, per the hub item licence text)",1,CC-BY,named_licence
CC BY 4.0 (identifiers and labels); tweet text on request,1,CC-BY,named_licence
CC BY 4.0 (item read),1,CC-BY,named_licence
CC BY 4.0 (licence field on each dataset),1,CC-BY,named_licence
CC BY 4.0 (metadata; access requires agreement),1,CC-BY,named_licence
CC BY 4.0 (mirrored tools keep their own licences),1,CC-BY,named_licence
CC BY 4.0 (paper); data deposit licence not read,1,CC-BY,named_licence
CC BY 4.0 (per data model),1,CC-BY,named_licence
CC BY 4.0 (preprint),1,CC-BY,named_licence
CC BY 4.0 (preprint); underlying Bicing data supplied by the operator,1,CC-BY,named_licence
CC BY 4.0 (restricted record),1,CC-BY,named_licence
"CC BY 4.0 (restricted record, non-commercial research on request)",1,CC-BY,named_licence
CC BY 4.0 (site footer),1,CC-BY,named_licence
CC BY 4.0 (source release on Zenodo),1,CC-BY,named_licence
"CC BY 4.0 (stated in metadata); geometry withheld, on request",1,CC-BY,named_licence
CC BY 4.0 (stated in the paper footer),1,CC-BY,named_licence
CC BY 4.0 (stated in the report),1,CC-BY,named_licence
CC BY 4.0 (stated on the PubMed Central page and recorded by OpenAlex),1,CC-BY,named_licence
CC BY 4.0 (stated on the Redatam site),1,CC-BY,named_licence
CC BY 4.0 (stated on the article page),1,CC-BY,named_licence
CC BY 4.0 (stations 00001-41000 only; others need OPW permission),1,CC-BY,named_licence
CC BY 4.0 (statistics); CC0 (geoportal layer),1,CC0|CC-BY,named_licence
CC BY 4.0 (the page also allows use under ODC BY or ODbL),1,CC-BY|ODC-By|ODbL,named_licence
CC BY 4.0 (unless stated otherwise in the README),1,CC-BY,named_licence
CC BY 4.0 and MIT,1,CC-BY|MIT,named_licence
CC BY 4.0 for PLATEAU-derived data bundles; attribution required.,1,CC-BY,named_licence
CC BY 4.0 for data produced by Our World in Data; third-party data keep their original licences,1,CC-BY,named_licence
CC BY 4.0 for most datasets (some custom),1,CC-BY,named_licence
CC BY 4.0 for the Zenodo deposit.,1,CC-BY,named_licence
CC BY 4.0 for the compilation; source survey licences also apply,1,CC-BY,named_licence
CC BY 4.0 for the master data files and project information; source documents under their own terms,1,CC-BY,named_licence
CC BY 4.0 for the paper; code licence unknown,1,CC-BY,named_licence
CC BY 4.0 for the published GTFS and generator; upstream NeTEx terms separate.,1,CC-BY,named_licence
CC BY 4.0 repository materials; Environment Agency source observations under OGL 3.0.,1,CC-BY|OGL-UK,named_licence
CC BY 4.0 unless a layer states otherwise,1,CC-BY,named_licence
"CC BY 4.0 unless stated otherwise, with attribution to Energy-Charts.info",1,CC-BY,named_licence
CC BY 4.0 with FAO database terms of use,1,CC-BY,named_licence
CC BY 4.0 with a clause excluding Statista,1,CC-BY,named_licence
"CC BY 4.0, as displayed by the Mendeley Data version-1 record.",1,CC-BY,named_licence
"CC BY, from the OpenAlex record",1,CC-BY,named_licence
CC BY-NC 4.0 (commercial use by permission),1,CC-BY-NC,named_licence
CC BY-NC 4.0 (data); MIT (code),1,CC-BY-NC|MIT,named_licence
CC BY-NC 4.0 except where stated; commercial licences available,1,CC-BY-NC,named_licence
CC BY-NC per the OpenAlex record for the article; the software's own licence was not read,1,CC-BY-NC,named_licence
CC BY-NC-ND,1,CC-BY-NC-ND,named_licence
CC BY-NC-ND (article; page states a Creative Commons Attribution-NonCommercial-NoDerivatives licence),1,CC-BY-NC-ND,named_licence
CC BY-NC-ND (article; page states an open access article under CC BY-NC-ND),1,CC-BY-NC-ND,named_licence
CC BY-NC-ND (open access article),1,CC-BY-NC-ND,named_licence
CC BY-NC-ND 3.0 FR (https://creativecommons.org/licenses/by-nc-nd/4.0/),1,CC-BY-NC-ND,named_licence
CC BY-NC-ND 4.0 (article page),1,CC-BY-NC-ND,named_licence
CC BY-NC-ND 4.0 (as given in the list),1,CC-BY-NC-ND,named_licence
CC BY-NC-ND 4.0 (paper),1,CC-BY-NC-ND,named_licence
"CC BY-NC-ND 4.0 for this repository; WorldPop, OSM and CORESIDENCE inputs retain separate terms.",1,CC-BY-NC-ND,named_licence
"CC BY-NC-ND, from the OpenAlex record (the publisher page refused the session)",1,CC-BY-NC-ND,named_licence
CC BY-NC-SA,1,CC-BY-NC-SA,named_licence
CC BY-NC-SA 2.0,1,CC-BY-NC-SA,named_licence
CC BY-NC-SA 3.0 IGO,1,CC-BY-NC-SA,named_licence
CC BY-NC-SA 3.0 Unported (stated on the title page),1,CC-BY-NC-SA,named_licence
CC BY-NC-SA 4.0 (Science Data Bank release),1,CC-BY-NC-SA,named_licence
CC BY-NC-SA 4.0 (article),1,CC-BY-NC-SA,named_licence
CC BY-NC-SA 4.0 (as given on the registry page),1,CC-BY-NC-SA,named_licence
CC BY-NC-SA 4.0 (with an included end user licence),1,CC-BY-NC-SA,named_licence
CC BY-NC-SA 4.0 for the repository work; underlying EPRI/ISC source-data rights require separate review.,1,CC-BY-NC-SA|ISC,named_licence
CC BY-NC-SA 4.0; commercial use needs a licence agreement with GEM,1,CC-BY-NC-SA,named_licence
CC BY-ND 3.0 (site-wide statement),1,CC-BY-ND,named_licence
CC BY-ND 3.0 (stated for the content of the SUS open data portal),1,CC-BY-ND,named_licence
CC BY-SA (version not stated on HDX),1,CC-BY-SA,named_licence
CC BY-SA 3.0 DE (as detected by GitLab),1,CC-BY-SA,named_licence
CC BY-SA 4.0 (2021 sets); CC BY 4.0 (2022 sets),1,CC-BY-SA|CC-BY,named_licence
CC BY-SA 4.0 (INE open data terms),1,CC-BY-SA,named_licence
CC BY-SA 4.0 (boundaries) and CC BY 4.0 (crop types),1,CC-BY-SA|CC-BY,named_licence
CC BY-SA 4.0 (gov.pl text content),1,CC-BY-SA,named_licence
CC BY-SA 4.0 (map services); depth data paid,1,CC-BY-SA,named_licence
CC BY-SA 4.0 for Diwata-2; proprietary for PlanetScope and SkySat,1,CC-BY-SA,named_licence
CC BY-SA 4.0 for data and documents; Apache 2.0 for code,1,CC-BY-SA|Apache,named_licence
"CC BY-SA 4.0 for the maps; underlying shapefile on request (free for research and public-good use, licence fee for commercial use)",1,CC-BY-SA,named_licence
"CC BY-SA 4.0 for the published model, drawings and metadata; cited source photographs have their own rights.",1,CC-BY-SA,named_licence
"CC-BY (Creative Commons Attribution, as listed on the portal)",1,CC-BY,named_licence
"CC-BY (Creative Commons Attribution, per DataCite)",1,CC-BY,named_licence
CC-BY (DGT DATEX II datasets); per dataset otherwise,1,CC-BY,named_licence
CC-BY (Forest Service Research Data Archive datasets are released under CC BY),1,CC-BY,named_licence
CC-BY (HDX licence field: Creative Commons Attribution International),1,CC-BY,named_licence
CC-BY (HR Wallingford eprints record; version not stated),1,CC-BY,named_licence
CC-BY (JRC data catalogue),1,CC-BY,named_licence
CC-BY (PLOS ONE article; version not stated on the page),1,CC-BY,named_licence
CC-BY (Transitland Atlas); API and datasets under Transitland terms,1,CC-BY,named_licence
CC-BY (VERSION UNSPECIFIED),1,CC-BY,named_licence
CC-BY (as tagged in the list),1,CC-BY,named_licence
"CC-BY (catalogue label ""Creative Commons Attribution 4.1""); CC-BY-3.0-AU; CC-BY-4.0; other members not stated",1,CC-BY,named_licence
CC-BY (most layers); other open terms for some,1,CC-BY,named_licence
CC-BY (per data.gov.uk entry),1,CC-BY,named_licence
CC-BY (road segments ODbL),1,CC-BY|ODbL,named_licence
CC-BY (station lists); data.gov.il other open licence (flow files),1,CC-BY,named_licence
CC-BY (version not specified in repository rights),1,CC-BY,named_licence
CC-BY (version not stated; ONS open data portal: Creative Commons Atribuição),1,CC-BY,named_licence
CC-BY 4.0 (as given on the registry page),1,CC-BY,named_licence
CC-BY and ODbL (by dataset),1,CC-BY|ODbL,named_licence
CC-BY and Open Data Commons Attribution License,1,CC-BY|ODC-By,named_licence
"CC-BY for 285 datasets, Open Data Commons for 226; varies by dataset",1,CC-BY,named_licence
CC-BY-2.0 (as tagged in the list),1,CC-BY,named_licence
CC-BY-2.5 (material inventory); CC-BY-4.0 (embodied carbon),1,CC-BY,named_licence
CC-BY-3.0 (IGO port) (UNCTADstat terms: all materials under CC BY 3.0 IGO),1,CC-BY,named_licence
CC-BY-3.0 (NZ port),1,CC-BY,named_licence
CC-BY-3.0 (NZ port) (Taumata Arowai: material licensed for re-use under CC BY 3.0 NZ unless indicated otherwise),1,CC-BY,named_licence
CC-BY-3.0 (as given on the fact sheet),1,CC-BY,named_licence
CC-BY-3.0 (as tagged in the list),1,CC-BY,named_licence
"CC-BY-3.0 (data, unless otherwise noted; website content CC BY 4.0)",1,CC-BY,named_licence
CC-BY-3.0 (specification),1,CC-BY,named_licence
CC-BY-3.0-AT,1,CC-BY,named_licence
CC-BY-3.0-AU on the documentation site (data file licence not read),1,CC-BY,named_licence
CC-BY-3.0-IGO (as stated in the GitHub repository),1,CC-BY,named_licence
CC-BY-3.0-US,1,CC-BY,named_licence
CC-BY-4.0 (ABS: all material on the website provided under CC BY 4.0),1,CC-BY,named_licence
CC-BY-4.0 (API data),1,CC-BY,named_licence
CC-BY-4.0 (B-flood archive metadata; Basilisk dependency has separate terms),1,CC-BY,named_licence
CC-BY-4.0 (Bayanat copyright and data licensing page),1,CC-BY,named_licence
CC-BY-4.0 (Bureau of Meteorology copyright statement; not all content),1,CC-BY,named_licence
CC-BY-4.0 (CHMI terms: products on the website are under CC BY 4.0),1,CC-BY,named_licence
CC-BY-4.0 (DGT: data downloaded from the Centro de Dados are under CC BY 4.0),1,CC-BY,named_licence
CC-BY-4.0 (DataCORE landing; DataCite rights list links CC-BY-2.0),1,CC-BY,named_licence
CC-BY-4.0 (EGU abstracts),1,CC-BY,named_licence
CC-BY-4.0 (EMODnet: data products created by EMODnet are licensed under CC BY 4.0 unless indicated otherwise),1,CC-BY,named_licence
"CC-BY-4.0 (EU-owned content, Commission reuse policy)",1,CC-BY,named_licence
CC-BY-4.0 (EU-owned material; IEA-based fossil CO2 under IEA terms as modified by JRC),1,CC-BY,named_licence
CC-BY-4.0 (European Commission reuse notice on the JRC catalogue record; article CC BY 4.0),1,CC-BY,named_licence
"CC-BY-4.0 (European Commission reuse policy, Decision 2011/833/EU; Eurostat data reusable with source acknowledged)",1,CC-BY,named_licence
CC-BY-4.0 (Figshare v0.0.2 archive); GPL-3.0-or-later for code stated by article,1,CC-BY|GPL,named_licence
CC-BY-4.0 (Figshare); GPL-3.0 (GitHub),1,CC-BY|GPL,named_licence
CC-BY-4.0 (Geoscience Australia website material),1,CC-BY,named_licence
CC-BY-4.0 (GitHub licence metadata and Hugging Face dataset card).,1,CC-BY,named_licence
CC-BY-4.0 (GitHub); Other Open (Zenodo archive metadata),1,CC-BY,named_licence
"CC-BY-4.0 (LandScan Mosaic, per DataCite)",1,CC-BY,named_licence
CC-BY-4.0 (MDPI open access article),1,CC-BY,named_licence
CC-BY-4.0 (MSD-LIVE record on OSTI),1,CC-BY,named_licence
CC-BY-4.0 (Mendeley Data record),1,CC-BY,named_licence
CC-BY-4.0 (NOBIL by Enova; API key required),1,CC-BY,named_licence
CC-BY-4.0 (NZSEE paper),1,CC-BY,named_licence
CC-BY-4.0 (ODbL for layers derived from OpenStreetMap and Microsoft data),1,CC-BY|ODbL,named_licence
"CC-BY-4.0 (Open Telecom Data wiki content, unless otherwise noted)",1,CC-BY,named_licence
CC-BY-4.0 (OpenStreetMap extracts under ODbL),1,CC-BY|ODbL,named_licence
CC-BY-4.0 (Québec),1,CC-BY,named_licence
CC-BY-4.0 (South Sudan release CC-BY-SA-4.0),1,CC-BY-SA|CC-BY,named_licence
CC-BY-4.0 (WRI catalogue states Creative Commons Attribution),1,CC-BY,named_licence
CC-BY-4.0 (World Bank default; some indicators carry third-party terms),1,CC-BY,named_licence
CC-BY-4.0 (Zenodo archive and paper),1,CC-BY,named_licence
CC-BY-4.0 (Zenodo archive); MIT (current GitHub repository),1,CC-BY|MIT,named_licence
CC-BY-4.0 (Zenodo archived release); EUPL-1.2 (current GitHub interface source),1,CC-BY|EUPL,named_licence
CC-BY-4.0 (Zenodo dataset); code BSD-3-Clause,1,CC-BY|BSD,named_licence
CC-BY-4.0 (Zenodo metadata); OSM-derived database obligations need separate review,1,CC-BY,named_licence
CC-BY-4.0 (Zenodo metadata; code not yet released),1,CC-BY,named_licence
CC-BY-4.0 (Zenodo record and article),1,CC-BY,named_licence
CC-BY-4.0 (Zenodo record and sample); full data on request under First Street terms,1,CC-BY,named_licence
CC-BY-4.0 (Zenodo record); code MIT,1,CC-BY|MIT,named_licence
CC-BY-4.0 (Zenodo record; the article is CC BY-NC-ND 4.0),1,CC-BY-NC-ND|CC-BY,named_licence
CC-BY-4.0 (Zenodo release); the GitHub repository carries a GPL-3.0 licence file,1,CC-BY|GPL,named_licence
CC-BY-4.0 (Zenodo software archive),1,CC-BY,named_licence
CC-BY-4.0 (Zenodo); CDLA-Permissive-2.0 (GitHub data),1,CC-BY|CDLA,named_licence
CC-BY-4.0 (arXiv paper),1,CC-BY,named_licence
CC-BY-4.0 (arXiv paper); code licence not found (no repository located),1,CC-BY,named_licence
CC-BY-4.0 (archived release),1,CC-BY,named_licence
CC-BY-4.0 (article licence per Crossref; the dataset's own licence was not read),1,CC-BY,named_licence
CC-BY-4.0 (article); CC-BY-NC-4.0 (Zenodo code and data),1,CC-BY-NC|CC-BY,named_licence
CC-BY-4.0 (article); data on reasonable request,1,CC-BY,named_licence
CC-BY-4.0 (article); dataset licence not stated on the article page,1,CC-BY,named_licence
CC-BY-4.0 (article); dataset under UQ eSpace general usage terms,1,CC-BY,named_licence
CC-BY-4.0 (article); no code link found,1,CC-BY,named_licence
CC-BY-4.0 (article); tool availability not stated,1,CC-BY,named_licence
"CC-BY-4.0 (article, as stated on the Acadlore page)",1,CC-BY,named_licence
CC-BY-4.0 (article; CC0 for data made available in it),1,CC0|CC-BY,named_licence
CC-BY-4.0 (article; no code release found),1,CC-BY,named_licence
CC-BY-4.0 (article; page states Creative Commons Attribution 4.0 International),1,CC-BY,named_licence
CC-BY-4.0 (article; page states the Creative Commons Attribution License),1,CC-BY,named_licence
CC-BY-4.0 (articles),1,CC-BY,named_licence
CC-BY-4.0 (as given on the fact sheet),1,CC-BY,named_licence
CC-BY-4.0 (as given on the registry page),1,CC-BY,named_licence
CC-BY-4.0 (attribution to MITECO),1,CC-BY,named_licence
CC-BY-4.0 (collection); OSM-derived shapefiles under ODbL-1.0,1,CC-BY|ODbL,named_licence
CC-BY-4.0 (data and documentation); MIT (code),1,CC-BY|MIT,named_licence
CC-BY-4.0 (data); MIT (pipeline code),1,CC-BY|MIT,named_licence
CC-BY-4.0 (dataset); MIT (code),1,CC-BY|MIT,named_licence
CC-BY-4.0 (deliverable); software described as open source,1,CC-BY,named_licence
CC-BY-4.0 (documentation deposit),1,CC-BY,named_licence
CC-BY-4.0 (documentation); interview data under restricted access terms,1,CC-BY,named_licence
CC-BY-4.0 (epe.gov.br site-wide statement: all content under CC BY 4.0),1,CC-BY,named_licence
CC-BY-4.0 (figshare record),1,CC-BY,named_licence
CC-BY-4.0 (figshare records),1,CC-BY,named_licence
CC-BY-4.0 (files embargoed on the day read),1,CC-BY,named_licence
CC-BY-4.0 (journal article page),1,CC-BY,named_licence
CC-BY-4.0 (licence field of the Vejdirektoratet datasets on opendata.dk),1,CC-BY,named_licence
CC-BY-4.0 (licence link on the AKM open-data page; the site footer also says all rights reserved),1,CC-BY,named_licence
CC-BY-4.0 (linked Zenodo record; download page has no separate licence notice),1,CC-BY,named_licence
"CC-BY-4.0 (metadata); CC-BY-SA (description, version unspecified)",1,CC-BY-SA|CC-BY,named_licence
CC-BY-4.0 (method paper),1,CC-BY,named_licence
CC-BY-4.0 (models); MIT (anonymisation scripts),1,CC-BY|MIT,named_licence
CC-BY-4.0 (paper; arXiv page states License: CC BY 4.0),1,CC-BY,named_licence
CC-BY-4.0 (paper; arXiv page states License: CC BY 4.0. No software licence stated),1,CC-BY,named_licence
CC-BY-4.0 (paper; no code release found),1,CC-BY,named_licence
CC-BY-4.0 (plus Copernicus data policy and ODbL for OpenStreetMap-derived parts),1,CC-BY|ODbL,named_licence
CC-BY-4.0 (project); SNDlib subset ZIB Academic License; Interroute-Italy subset GPL,1,CC-BY|GPL,named_licence
"CC-BY-4.0 (protezionecivile.gov.it: texts, multimedia and aggregated data on the site under CC BY 4.0)",1,CC-BY,named_licence
CC-BY-4.0 (repository data statement; upstream source terms not independently checked),1,CC-BY,named_licence
CC-BY-4.0 (repository file label); access approval and separate Vienna simulator licence required,1,CC-BY,named_licence
"CC-BY-4.0 (site content, except where otherwise noted)",1,CC-BY,named_licence
CC-BY-4.0 (site footer),1,CC-BY,named_licence
CC-BY-4.0 (site-wide statement: content on statistics-suriname.org under CC BY 4.0 except where otherwise noted),1,CC-BY,named_licence
CC-BY-4.0 (some files LGPL-3.0),1,CC-BY|LGPL,named_licence
CC-BY-4.0 (source data under NLOD and CC BY 4.0),1,CC-BY|NLOD,named_licence
CC-BY-4.0 (source layers keep their original licences),1,CC-BY,named_licence
"CC-BY-4.0 (specification, documentation, samples); Apache-2.0 (code)",1,CC-BY|Apache,named_licence
CC-BY-4.0 (stat.tj: all site materials under CC BY 4.0),1,CC-BY,named_licence
"CC-BY-4.0 (state geodetic resource, attribution statement required)",1,CC-BY,named_licence
CC-BY-4.0 (station feed); CC-BY-NC-4.0 (condition report feed),1,CC-BY-NC|CC-BY,named_licence
"CC-BY-4.0 (the CSV, as stated on the tracker page)",1,CC-BY,named_licence
CC-BY-4.0 (time series); ODbL-1.0 (reservoir outlines),1,CC-BY|ODbL,named_licence
CC-BY-4.0 (tree cover); not stated (shear strength),1,CC-BY,named_licence
CC-BY-4.0 (wetlands.org: website content under CC BY 4.0 unless specified otherwise),1,CC-BY,named_licence
CC-BY-4.0 Zenodo archive; MIT linked code repository,1,CC-BY|MIT,named_licence
CC-BY-4.0 Zenodo data; MIT repository code; upstream input terms apply,1,CC-BY|MIT,named_licence
CC-BY-4.0 Zenodo deposit; GPL-3.0 linked code repository,1,CC-BY|GPL,named_licence
"CC-BY-4.0 Zenodo documentation; current linked software proprietary by owner agreement, conflicting with Zenodo MIT claim",1,CC-BY|MIT,named_licence
CC-BY-4.0 Zenodo field; README says CC BY but links CC-BY-NC-SA-4.0,1,CC-BY-NC-SA|CC-BY,named_licence
CC-BY-4.0 and CC-BY-IGO-3.0 (per dataset),1,CC-BY,named_licence
CC-BY-4.0 and OGL-UK-3.0 (per file),1,CC-BY|OGL-UK,named_licence
CC-BY-4.0 catalogue; individual assets retain their stated licences,1,CC-BY,named_licence
CC-BY-4.0 data; Apache-2.0 code,1,CC-BY|Apache,named_licence
CC-BY-4.0 data; GPL-3.0 code,1,CC-BY|GPL,named_licence
CC-BY-4.0 dataset; MIT repository software,1,CC-BY|MIT,named_licence
CC-BY-4.0 derived Zenodo outputs; MIT linked R code; licensed Meta input excluded,1,CC-BY|MIT,named_licence
CC-BY-4.0 for Icebreaker One outputs; indexed data retain provider terms,1,CC-BY,named_licence
CC-BY-4.0 for OWID-produced data and code; original third-party source terms also apply,1,CC-BY,named_licence
CC-BY-4.0 for PANGAEA index; image-specific reuse terms not established,1,CC-BY,named_licence
CC-BY-4.0 for archive; component software has separate licences,1,CC-BY,named_licence
CC-BY-4.0 for canonical data archive; GitHub repository states BSD-2-Clause,1,CC-BY|BSD,named_licence
CC-BY-4.0 for compilation; original-source terms remain applicable,1,CC-BY,named_licence
CC-BY-4.0 for data and documentation; MIT for code,1,CC-BY|MIT,named_licence
CC-BY-4.0 for data; Apache-2.0 for code,1,CC-BY|Apache,named_licence
CC-BY-4.0 for data; MIT for code as stated in README,1,CC-BY|MIT,named_licence
CC-BY-4.0 for data; MIT for software,1,CC-BY|MIT,named_licence
CC-BY-4.0 for dataset; MIT for generation code,1,CC-BY|MIT,named_licence
CC-BY-4.0 for most datasets; LTDS CIM under the UK Power Networks Shared Data Licence,1,CC-BY,named_licence
CC-BY-4.0 for open datasets; CIM models under the SP Energy Networks Shared Data Licence,1,CC-BY,named_licence
CC-BY-4.0 for output data; Apache-2.0 for scripts; input licences vary by source,1,CC-BY|Apache,named_licence
CC-BY-4.0 for the Zenodo deposit; GPL-3.0 for the linked code repository,1,CC-BY|GPL,named_licence
CC-BY-4.0 for the open files; one file is closed under the UK Data Service End User Licence,1,CC-BY,named_licence
CC-BY-4.0 in Zenodo and README; GitHub metadata classify the licence as CC0-1.0,1,CC0|CC-BY,named_licence
CC-BY-4.0 in Zenodo archive; conflicting CC-BY-NC-SA-4.0 in repository README,1,CC-BY-NC-SA|CC-BY,named_licence
"CC-BY-4.0 in Zenodo metadata; linked README says MIT, scope unresolved",1,CC-BY|MIT,named_licence
"CC-BY-4.0 in Zenodo metadata; linked README states CC-BY-SA-4.0, scope unresolved",1,CC-BY-SA|CC-BY,named_licence
CC-BY-4.0 in Zenodo; upstream OpenStreetMap ODbL obligations require reconciliation,1,CC-BY|ODbL,named_licence
CC-BY-4.0 in archive metadata; underlying component licence files not inspected,1,CC-BY,named_licence
CC-BY-4.0 in repository metadata; article states CC-BY-SA-4.0,1,CC-BY-SA|CC-BY,named_licence
"CC-BY-4.0 in the repository LICENSE and Zenodo release metadata, unless individual content is otherwise noted.",1,CC-BY,named_licence
CC-BY-4.0 metadata; Google imagery terms; IGN Open Licence 2.0,1,CC-BY|Etalab,named_licence
CC-BY-4.0 metadata; MIT website,1,CC-BY|MIT,named_licence
CC-BY-4.0 on Zenodo; repository LICENSE files state CC BY-NC 4.0,1,CC-BY-NC|CC-BY,named_licence
"CC-BY-4.0 or CC-BY-SA-4.0 per model, as stated in each file's metadata",1,CC-BY-SA|CC-BY,named_licence
CC-BY-4.0 or ODbL-1.0 (user's choice),1,CC-BY|ODbL,named_licence
"CC-BY-4.0 or ODbL-1.0, at the user's choice",1,CC-BY|ODbL,named_licence
CC-BY-4.0 or equivalent (open subset); others on request,1,CC-BY,named_licence
CC-BY-4.0 outputs; input files retain per-file terms in manifests; linked code README claims MIT,1,CC-BY|MIT,named_licence
CC-BY-4.0 source elevation data; ODbL for OpenStreetMap-derived labels,1,CC-BY|ODbL,named_licence
"CC-BY-4.0 under article supplementary-material terms, unless separately credited",1,CC-BY,named_licence
CC-BY-4.0 unless otherwise indicated (European Commission reuse policy); individual JRC datasets may state their own terms,1,CC-BY,named_licence
CC-BY-4.0 unless otherwise noted (Bureau of Meteorology copyright page); some material under data licence agreements,1,CC-BY,named_licence
CC-BY-4.0 unless otherwise specified (LINZ copyright page),1,CC-BY,named_licence
"CC-BY-4.0, Creative Commons Attribution–NonCommercial–NoDerivs 4.0 International",1,CC-BY,named_licence
"CC-BY-4.0, European Commission reuse notice, as linked on the portal listing (http://data.jrc.ec.europa.eu/licence/not_available)",1,CC-BY,named_licence
"CC-BY-4.0, Norwegian Licence for Open Government Data 1.0",1,CC-BY|NLOD,named_licence
"CC-BY-4.0, as linked on the portal listing (http://creativecommons.org/publicdomain/zero/1.0/)",1,CC0|CC-BY,named_licence
CC-BY-4.0; licence given by link only (http://vbb.de/vbbgtfs); licence given by link only (https://www.vbb.de/vbb-services/api-open-data/safira-daten/),1,CC-BY,named_licence
CC-BY-4.0; original CORDEX terms also apply,1,CC-BY,named_licence
CC-BY-4.0; other members not stated,1,CC-BY,named_licence
CC-BY-NC (version not stated; CERTH-HIT portal licence facet: Creative Commons Non-Commercial),1,CC-BY-NC,named_licence
CC-BY-NC-2.0,1,CC-BY-NC,named_licence
CC-BY-NC-4.0 (API data),1,CC-BY-NC,named_licence
CC-BY-NC-4.0 (Zenodo data/model archive); GPL-3.0-or-later (GitHub processing code),1,CC-BY-NC|GPL,named_licence
"CC-BY-NC-4.0 (data, once released)",1,CC-BY-NC,named_licence
CC-BY-NC-4.0 (processed release); KOGL Type 1 (source records),1,CC-BY-NC,named_licence
CC-BY-NC-4.0 for data; MIT for generating code,1,CC-BY-NC|MIT,named_licence
CC-BY-NC-4.0 for directory; linked data have separate licences,1,CC-BY-NC,named_licence
CC-BY-NC-4.0 metadata; data under a Data Transfer Agreement,1,CC-BY-NC,named_licence
CC-BY-NC-4.0 notebook and pretrained models; LGPL-3.0 package software,1,CC-BY-NC|LGPL,named_licence
CC-BY-NC-4.0 unless otherwise noted per institute,1,CC-BY-NC,named_licence
CC-BY-NC-ND,1,CC-BY-NC-ND,named_licence
"CC-BY-NC-ND-3.0 (ProPublica republishing terms: free to republish with credit, non-commercial, unchanged)",1,CC-BY-NC-ND,named_licence
CC-BY-NC-ND-4.0 (article); Zenodo archive CC-BY-4.0 and MIT; code MIT,1,CC-BY-NC-ND|CC-BY|MIT,named_licence
"CC-BY-NC-ND-4.0 (railML 3 schemas, restricted); CC-BY-NC-ND-3.0 (railML 2)",1,CC-BY-NC-ND,named_licence
"CC-BY-NC-ND-4.0 (the paper, as linked on its arXiv abstract page)",1,CC-BY-NC-ND,named_licence
CC-BY-NC-ND-4.0 and CC-BY-4.0 (two papers),1,CC-BY-NC-ND|CC-BY,named_licence
CC-BY-NC-ND-4.0 for GCA report; underlying data rights not established,1,CC-BY-NC-ND,named_licence
CC-BY-NC-ND-4.0 with provider access conditions,1,CC-BY-NC-ND,named_licence
CC-BY-NC-SA,1,CC-BY-NC-SA,named_licence
CC-BY-NC-SA-1.0,1,CC-BY-NC-SA,named_licence
CC-BY-NC-SA-3.0 (IGO port),1,CC-BY-NC-SA,named_licence
CC-BY-NC-SA-4.0 (data file; documentation CC-BY-SA-4.0),1,CC-BY-NC-SA|CC-BY-SA,named_licence
CC-BY-NC-SA-4.0 (depositor terms; conflicting CC-BY-4.0 registry field),1,CC-BY-NC-SA|CC-BY,named_licence
CC-BY-NC-SA-4.0 (site content); the site states all SIASAR information is public and free to use,1,CC-BY-NC-SA,named_licence
CC-BY-NC-SA-4.0 code; CC-BY-SA-4.0 companion result tables,1,CC-BY-NC-SA|CC-BY-SA,named_licence
CC-BY-NC; VERSION NOT SPECIFIED ON OWN LANDING PAGE,1,CC-BY-NC,named_licence
CC-BY-ND,1,CC-BY-ND,named_licence
CC-BY-ND-2.0,1,CC-BY-ND,named_licence
"CC-BY-ND-3.0 (Anatel: all site content, as stated on the portal)",1,CC-BY-ND,named_licence
CC-BY-ND-4.0 (provider page); DataCite lists CC-BY-ND-2.0,1,CC-BY-ND,named_licence
CC-BY-SA,1,CC-BY-SA,named_licence
CC-BY-SA (as stated on the WPdx datasets on HDX),1,CC-BY-SA,named_licence
CC-BY-SA (most data sets); CC-BY for some UK data sets,1,CC-BY-SA|CC-BY,named_licence
CC-BY-SA (per dataset; check each),1,CC-BY-SA,named_licence
CC-BY-SA (version not stated; HDX licence: Creative Commons Attribution Share-Alike),1,CC-BY-SA,named_licence
CC-BY-SA (version not stated; the IEM methodology is under an Attribution-ShareAlike licence),1,CC-BY-SA,named_licence
CC-BY-SA-2.0,1,CC-BY-SA,named_licence
"CC-BY-SA-2.0 (OpenStreetMap wiki page text, unless otherwise noted); map data under ODbL",1,CC-BY-SA|ODbL,named_licence
CC-BY-SA-3.0 (as given on the fact sheet),1,CC-BY-SA,named_licence
CC-BY-SA-4.0 (2.0 alpha); DANS licence with restricted files (2019 package),1,CC-BY-SA,named_licence
CC-BY-SA-4.0 (Kenya sets); CC-BY-4.0 (Tanzania set),1,CC-BY-SA|CC-BY,named_licence
"CC-BY-SA-4.0 (SatNOGS-derived data, as stated on the page)",1,CC-BY-SA,named_licence
CC-BY-SA-4.0 in structured metadata; conflicting legacy permission statement,1,CC-BY-SA,named_licence
CC0 (Creative Commons Zero),1,CC0,named_licence
CC0 (INSPIRE layer and list); CC BY (2018 Greater Region map),1,CC0|CC-BY,named_licence
"CC0 (OpenEI content, unless otherwise noted)",1,CC0,named_licence
CC0 (WaterWebservices content),1,CC0,named_licence
CC0 (as given on the registry page),1,CC0,named_licence
CC0 (as tagged in the list),1,CC0,named_licence
CC0 (cc-zero on data.public.lu),1,CC0,named_licence
CC0 (figshare files); article CC BY,1,CC0|CC-BY,named_licence
CC0 (per dataset),1,CC0,named_licence
CC0 (public domain dedication),1,CC0,named_licence
CC0 (public domain),1,CC0,named_licence
CC0 (specification); MIT (code),1,CC0|MIT,named_licence
CC0 (stated for the 2006 buildings file; not stated for the ShareFile downloads),1,CC0,named_licence
CC0 1.0 (2023 inventory); CC BY 4.0 (CEACP database),1,CC0|CC-BY,named_licence
"CC0 1.0 (MODA); Open Government Data License, version 1.0 (Taiwan) (NCC)",1,CC0,named_licence
CC0 1.0 (US public domain),1,CC0|US-Gov-PD,named_licence
CC0 1.0 (as stated in the DataCite record),1,CC0,named_licence
CC0 1.0 (dane.gov.pl listing),1,CC0,named_licence
CC0 1.0 (data); Apache-2.0 (code),1,CC0|Apache,named_licence
CC0 1.0 (public domain dedication),1,CC0,named_licence
CC0 1.0 (specification); HL7 and FHIR trademarks protected,1,CC0,named_licence
CC0 1.0 (standard and documentation); BSD-3-Clause (code and SQL scripts),1,CC0|BSD,named_licence
CC0 1.0 (stated as the licence and data use agreement on the repository page),1,CC0,named_licence
CC0 1.0 Universal (public domain dedication),1,CC0,named_licence
CC0 for the annual files on the open data portal,1,CC0,named_licence
CC0 with additional terms stated on the dataset page,1,CC0,named_licence
CC0 with additional terms stated on the page,1,CC0,named_licence
CC0-1.0 (Harvard Dataverse record); article CC-BY-4.0,1,CC0|CC-BY,named_licence
CC0-1.0 (INSPIRE services),1,CC0,named_licence
CC0-1.0 (ISIMIP3b outputs); CC-BY-4.0 (Phase II Zenodo archives),1,CC0|CC-BY,named_licence
CC0-1.0 (NCTV: website content under CC0 unless stated otherwise),1,CC0,named_licence
CC0-1.0 (NOAA record in Data.gov),1,CC0,named_licence
CC0-1.0 (SGU licence terms for open geological data),1,CC0,named_licence
CC0-1.0 (SPDX header on the provider page),1,CC0,named_licence
CC0-1.0 (Trafikverket generally uses CC0 for its open data),1,CC0,named_licence
CC0-1.0 (as given in the list),1,CC0,named_licence
CC0-1.0 (as tagged in the list),1,CC0,named_licence
CC0-1.0 (catalogue metadata); feed contents under each owner's licence; API code Apache-2.0,1,CC0|Apache,named_licence
CC0-1.0 (checked monthly examples and supporting items),1,CC0,named_licence
CC0-1.0 (data); CC-BY-4.0 (collection metadata),1,CC0|CC-BY,named_licence
CC0-1.0 (data); MIT (code),1,CC0|MIT,named_licence
CC0-1.0 (data); unknown (companion notebooks),1,CC0,named_licence
CC0-1.0 (data); website CC BY-NC 4.0,1,CC-BY-NC|CC0,named_licence
CC0-1.0 (data.gov catalogue licence field),1,CC0,named_licence
CC0-1.0 (dataset checked); per dataset,1,CC0,named_licence
CC0-1.0 (documentation); contributing organisations' terms for data,1,CC0,named_licence
CC0-1.0 (downloadable network products),1,CC0,named_licence
CC0-1.0 (inspected aggregate and example components),1,CC0,named_licence
CC0-1.0 (inspected components),1,CC0,named_licence
CC0-1.0 (inspected principal components),1,CC0,named_licence
CC0-1.0 (processed data; DFO raw data CC BY-NC-SA 4.0),1,CC-BY-NC-SA|CC0,named_licence
CC0-1.0 (public domain),1,CC0,named_licence
CC0-1.0 (record licence); the data are described as license-free,1,CC0,named_licence
"CC0-1.0 (the paper, as linked on its arXiv abstract page)",1,CC0,named_licence
CC0-1.0 / public domain,1,CC0,named_licence
CC0-1.0 dataset; BSD-3-Clause model code,1,CC0|BSD,named_licence
CC0-1.0 for Zenodo version1.2.1; CC-BY-4.0 for current GitHub repository,1,CC0|CC-BY,named_licence
"CC0-1.0 for repository code and supplied supplementary tables; separate LiDAR, GBA and GloBFP input terms were not checked.",1,CC0,named_licence
CC0-1.0 for the CIRAD workbook; original DOCX supplement licence unknown,1,CC0,named_licence
CC0-1.0 for the ITS DataHub sample; specification terms in the repository,1,CC0,named_licence
CC0-1.0 for the list itself; the linked datasets carry their own terms,1,CC0,named_licence
CC0-1.0 for the populated Figshare deposit; separate note-only deposit states CC-BY-4.0,1,CC0|CC-BY,named_licence
CC0-1.0 in GitHub repository metadata and README; original PGCB report terms were not independently checked.,1,CC0,named_licence
CC0-1.0 in Zenodo and GitHub licence metadata; README instead states CC-BY-4.0,1,CC0|CC-BY,named_licence
CC0-1.0 in linked repository metadata; Zenodo labels the release other-open,1,CC0,named_licence
CC0-1.0 in pipeline repository; separate licence terms for the public S3 outputs were not stated.,1,CC0,named_licence
"CC0-1.0 in repository LICENSE and GitHub metadata, but README says CC BY 4.0 for code; unresolved. Upstream data terms are separate.",1,CC0|CC-BY,named_licence
CC0-1.0 or CC-BY-4.0 by climate-model collection; MIT processing code,1,CC0|CC-BY|MIT,named_licence
CC0-1.0 unless otherwise stated (KNMI copyright page); dataset-specific terms on the data platform,1,CC0,named_licence
CC0-1.0 with additional terms,1,CC0,named_licence
CC0-1.0; US public domain,1,CC0|US-Gov-PD,named_licence
CC0-1.0; not stated in the Mobility Database listing (licence field empty),1,CC0,named_licence
CC0-1.0; provider also asks that original data owners be cited,1,CC0,named_licence
CCNR publication (no open licence stated),1,,no_standard_licence
CCSDS publications are free to download (terms not read),1,,no_standard_licence
CDDL (repository LICENCE.md),1,,no_standard_licence
CDLA-PERMISSIVE-1.0,1,CDLA,named_licence
CECILL-B OR BSD-3-Clause,1,CeCILL|BSD,named_licence
CECILL-C,1,CeCILL,named_licence
CEDAR Rules of the Road (no prior permission; contact data providers),1,,no_standard_licence
CGA copyright; report and dashboard free to view,1,,no_standard_licence
CIESIN/ITOS terms (redistribution permitted; some countries restricted),1,,no_standard_licence
CIFOR terms of use (citation required; provided as is),1,,no_standard_licence
CIGRE copyright; reuse by permission,1,,no_standard_licence
CIHI terms of use (citation required),1,,no_standard_licence
"CMIP6 data access terms of use (model-specific licences, mostly CC BY 4.0)",1,CC-BY,named_licence
CNA copyright; free to read,1,,no_standard_licence
CNMC terms of use; open licence not stated,1,,no_standard_licence
COCO License 3.10 (free use and distribution),1,,no_standard_licence
CORES legal notice: reproduction or modification of site content needs prior written permission,1,,no_standard_licence
CRI terms of use (non-commercial use of web and CSV data; commercial use by agreement),1,,no_standard_licence
CROPOS terms of use (no open licence stated),1,,no_standard_licence
"CRTM static open data licence (Law 37/2007; attribution, ""Powered by CRTM"", share raw data under the same licence)",1,,no_standard_licence
"CRU publications, free to read",1,,no_standard_licence
CSA copyright; free to download,1,,no_standard_licence
CSIRO Open Source Software Licence Agreement,1,,no_standard_licence
CTIF terms (no open licence stated),1,,no_standard_licence
CWA copyright; reuse needs authorisation,1,,no_standard_licence
Cabildo de La Palma legal notice (conditions of access and use),1,,no_standard_licence
Cabinet Office of Japan; free to read,1,,no_standard_licence
Cabinet Office of Japan; terms not read,1,,no_standard_licence
Cabinet Office terms of use (独自利用規約),1,,no_standard_licence
Caltech proprietary licence,1,,no_standard_licence
Caltrans PeMS Conditions of Use,1,,no_standard_licence
Capital Bikeshare Data License Agreement,1,,no_standard_licence
"Carbon Mapper terms of use; free for non-commercial use, commercial use or redistribution by agreement",1,,no_standard_licence
Catalonia: portal terms of use; Aragón: CC BY 4.0; Castilla-La Mancha: CC BY-SA,1,CC-BY-SA|CC-BY,named_licence
Catastro licence of access and use for INSPIRE datasets and services,1,,no_standard_licence
CeCILL-2.1,1,CeCILL,named_licence
"CeCILL-C (STICS), CeCILL-B (JavaSTICS), LGPL (R packages)",1,LGPL|CeCILL,named_licence
Certification files copyright buildingSMART International; community files CC BY 4.0,1,CC-BY,named_licence
CesiumJS: Apache-2.0; Cesium ion: commercial SaaS with free trial,1,Apache,named_licence
Challenge terms on AIcrowd,1,,no_standard_licence
"Charter terms; archive free to view, imagery licensed to authorised users",1,,no_standard_licence
Chicago Data Portal terms of use,1,,no_standard_licence
City of Chicago data portal terms of use (no licence named in the metadata),1,,no_standard_licence
City of Courtenay terms: general reference and non-commercial use,1,,no_standard_licence
City of Madison Data Policy,1,,no_standard_licence
City of Philadelphia open data terms of use,1,,no_standard_licence
City of Tacoma open data terms (custom),1,,no_standard_licence
"Cityscapes terms of use: registration required, restricted to scientific use by affiliated persons",1,,no_standard_licence
Closed source (DOE software record),1,,no_standard_licence
Coastal Resilience terms of use (not read in detail),1,,no_standard_licence
Code Apache-2.0; data licence on Zenodo not read,1,Apache,named_licence
Code Apache-2.0; dataset terms on the project page (not read),1,Apache,named_licence
Code GPL-3.0; data under each source dataset's terms,1,GPL,named_licence
Code: GPL-3.0; data: ODbL,1,ODbL|GPL,named_licence
Code: ISC-style permission text with copyright notice; each mirrored feed has its own licence in README.,1,ISC,named_licence
Code: LGPL-3.0; documentation and graphics: CC-BY-SA-4.0,1,CC-BY-SA|LGPL,named_licence
Code: MIT; ESPENI and ERA5 inputs: CC-BY-4.0,1,CC-BY|MIT,named_licence
Code: MIT; derived database CSV files: CC-BY-4.0,1,CC-BY|MIT,named_licence
Collaborative Standards Software License v1.0 (OAI),1,,no_standard_licence
Commercial (Digital Alchemy),1,,no_standard_licence
"Commercial (annual licences, modules or packages)",1,,no_standard_licence
"Commercial (business, university and student licences)",1,,no_standard_licence
Commercial (free sign-up offered),1,,no_standard_licence
Commercial (legal notices on the site),1,,no_standard_licence
Commercial (pricing on request),1,,no_standard_licence
Commercial (purchased files),1,,no_standard_licence
Commercial (sold through official distributors),1,,no_standard_licence
Commercial (terms on the Meteonorm site),1,,no_standard_licence
Commercial 6- or 12-month licences; separate noncommercial EDU terms,1,,no_standard_licence
Commercial API terms,1,,no_standard_licence
Commercial Ansys licence,1,,no_standard_licence
Commercial CERC licence,1,,no_standard_licence
Commercial DIANA licence,1,,no_standard_licence
Commercial Dlubal licence,1,,no_standard_licence
Commercial IES product terms; exact current licence terms were not verified.,1,,no_standard_licence
Commercial POTOK licence,1,,no_standard_licence
Commercial SOFiSTiK licence,1,,no_standard_licence
Commercial SaaS licence (standard terms; GIBIT terms for municipalities),1,,no_standard_licence
Commercial Sankom licence,1,,no_standard_licence
Commercial SimWalk licence,1,,no_standard_licence
Commercial cloud service (Azure pricing),1,,no_standard_licence
Commercial licence (licensed users area; demo software available),1,,no_standard_licence
Commercial licence (quotation),1,,no_standard_licence
Commercial licence for insurance market participants,1,,no_standard_licence
Commercial licence for the full dataset (individual and multi-user options),1,,no_standard_licence
Commercial licence from NIST (single-user purchase or site licence agreement),1,,no_standard_licence
"Commercial licences for MYNTS-Gas, MYNTS-CO2 and MYNTS-E on Windows and Linux; MYNTS-H, MYNTS-W and sector coupling available for research with a licence in progress; MYNTS-Reader open access",1,,no_standard_licence
"Commercial licences, with a free version (WUFI Free)",1,,no_standard_licence
Commercial perpetual licence; updates and support renewable annually,1,,no_standard_licence
Commercial product; module-specific terms unknown,1,,no_standard_licence
Commercial programme-specific terms,1,,no_standard_licence
Commercial software; precise agreement not inspected,1,,no_standard_licence
Commercial subscription terms,1,,no_standard_licence
Commercial subscriptions,1,,no_standard_licence
Commercial terms (enterprise data licence available),1,,no_standard_licence
Commercial terms for the API; free online consultation,1,,no_standard_licence
Commercial; detailed terms not established,1,,no_standard_licence
Commercial; free trial offered,1,,no_standard_licence
Commercialised in-house TownScope software; exact licence terms not stated.,1,,no_standard_licence
Commonwealth of Australia copyright (government publication),1,,no_standard_licence
Commonwealth of Australia copyright; CC BY 3.0 AU where marked,1,CC-BY,named_licence
"Commonwealth of Australia, CC BY 4.0 (ANAO and department publications)",1,CC-BY,named_licence
"Commonwealth of Australia, CC BY 4.0 (government website default)",1,CC-BY,named_licence
Competition terms; open licence not found,1,,no_standard_licence
"Concawe reports, reproduction permitted with due acknowledgement",1,,no_standard_licence
Conference paper; commercial reproduction prohibited (ETDE record),1,,no_standard_licence
Confidential filings; access for authorised agencies,1,,no_standard_licence
Conflict: CC-BY-4.0 metadata; MIT template file; README restricts use to non-commercial research,1,CC-BY|MIT,named_licence
Conflict: Zenodo field CC-BY-SA-4.0; provider description CC-BY-NC-SA-4.0 and non-commercial only,1,CC-BY-NC-SA|CC-BY-SA,named_licence
Consortium model; use through member institutions (terms not stated on the page read),1,,no_standard_licence
Contains information licensed under the Open Government license - West Vancouver. https://mapping.westvancouver.ca/OD/Open_Government_License_West_Vancouver.pdf,1,OGL-UK,named_licence
CoolProp licence (free of charge for commercial and academic use),1,,no_standard_licence
"Copernicus Programme, free of charge without restriction of use (citation required)",1,,no_standard_licence
Copernicus Sentinel data terms (credit required),1,,no_standard_licence
"Copernicus data policy (free, full and open access with attribution; Regulation (EU) 2021/696)",1,,no_standard_licence
Copernicus free and open data policy,1,,no_standard_licence
"Copernicus free, full and open access under Regulation (EU) 2021/696 (CEMS terms and conditions)",1,,no_standard_licence
Copernicus licence (C3S products),1,,no_standard_licence
Copyleft licence (per project description),1,,no_standard_licence
Copyright (C) OpenStreetMap Contributors,1,,no_standard_licence
Copyright 2022 Pipeline Association for Public Awareness; reproduction on request,1,,no_standard_licence
"Copyright AEM, all rights reserved; cite AEM as the source",1,,no_standard_licence
Copyright BRE 2015 (free specification document),1,,no_standard_licence
Copyright Basarnas; quoting or reproducing requires permission of Pusdatin Basarnas (stated in the publication),1,,no_standard_licence
Copyright CRIRSCO 2024 (no reuse licence stated),1,,no_standard_licence
Copyright Commonwealth of Australia (Geoscience Australia) 2022; licence not stated in the metadata read,1,,no_standard_licence
"Copyright Consumer Affairs Agency, all rights reserved (site footer)",1,,no_standard_licence
Copyright Crossrail Ltd; site terms and conditions apply,1,,no_standard_licence
Copyright Deutscher Bundestag (2026),1,,no_standard_licence
"Copyright Georgia Tech Research Corporation, all rights reserved (as stated by the API); free public access",1,,no_standard_licence
Copyright Gunter Dirk Krebs 1996-2026; terms of use restrict reuse and machine-learning training,1,,no_standard_licence
"Copyright Hydro-Informatics Institute, all rights reserved (page footer)",1,,no_standard_licence
Copyright IAEA 2005 (permission to use whole or parts of texts must be obtained; non-commercial reproduction proposals considered case by case),1,,no_standard_licence
"Copyright IAEA, all rights reserved; content is the responsibility of the reporting authorities",1,,no_standard_licence
Copyright ICCT 2023,1,,no_standard_licence
Copyright IXP.US; free to read,1,,no_standard_licence
Copyright International Society of Arboriculture (all rights reserved),1,,no_standard_licence
"Copyright JARW, all rights reserved (site footer)",1,,no_standard_licence
Copyright JPIX; free to view,1,,no_standard_licence
Copyright Ministry of Agriculture and Livestock (all rights reserved),1,,no_standard_licence
Copyright Nikkei BizRuptors; copying or posting not allowed,1,,no_standard_licence
Copyright Payments Canada; no reuse licence stated,1,,no_standard_licence
Copyright ReCAAP ISC; brief extracts may be reproduced for non-commercial use with acknowledgement,1,ISC,named_licence
Copyright The Regents of the University of California (LBNL); terms on the download page,1,,no_standard_licence
"Copyright The Urban Institute, all rights reserved (short quotes permitted)",1,,no_standard_licence
Copyright The Water Research Foundation; permission to copy must be obtained from WRF,1,,no_standard_licence
Copyright Trustees of Dartmouth College; free download for research,1,,no_standard_licence
"Copyright United Nations 2021, all rights reserved",1,,no_standard_licence
"Copyright United Nations 2023, all rights reserved (member states may reproduce without authorisation)",1,,no_standard_licence
"Copyright World Peace Foundation, all rights reserved; free to read",1,,no_standard_licence
Copyright held for SpaceOps (all rights reserved),1,,no_standard_licence
Copyright of the standards bodies; paid,1,,no_standard_licence
"Copyrighted standard, sold by ISA; members can view most ISA standards read-only",1,,no_standard_licence
Core: LGPL-2.1; MeshKernelPy wrapper: MIT (wheels bundle LGPL core),1,LGPL|MIT,named_licence
Cornell JiST/SWANS software licence terms,1,,no_standard_licence
Council of Europe; free access,1,,no_standard_licence
Council of Europe; paid subscription,1,,no_standard_licence
Creative Commons (CC BY 4.0 per Papers with Code archive),1,CC-BY,named_licence
Creative Commons (as noted in the site footer),1,,no_standard_licence
Creative Commons (as stated on the WRI data page),1,,no_standard_licence
Creative Commons (variant not stated on the page read),1,,no_standard_licence
Creative Commons (version not stated on the page read),1,,no_standard_licence
Creative Commons 4.0 (per the data page; see Climate TRACE terms of use),1,,no_standard_licence
"Creative Commons Attribution (CC BY), (c) The Authors 2024, Oxford University Press",1,CC-BY,named_licence
Creative Commons Attribution (as labelled in the NSO Data Catalogue),1,CC-BY,named_licence
Creative Commons Attribution (as shown by the portal record),1,CC-BY,named_licence
Creative Commons Attribution (as shown by the portal records),1,CC-BY,named_licence
Creative Commons Attribution (as stated on the DesignSafe publication),1,CC-BY,named_licence
Creative Commons Attribution (as tagged on the dataset),1,CC-BY,named_licence
Creative Commons Attribution (most data sets); ODbL for some,1,CC-BY|ODbL,named_licence
Creative Commons Attribution (stated in the ontology file),1,CC-BY,named_licence
Creative Commons Attribution (version not stated on the portal),1,CC-BY,named_licence
Creative Commons Attribution 3.0 Australia (as shown on the dataset page),1,CC-BY,named_licence
"Creative Commons Attribution 3.0 Australia, http://creativecommons.org/licenses/by/3.0/au/, (c) Commonwealth of Australia (Geoscience Australia) 2014",1,CC-BY,named_licence
Creative Commons Attribution 3.0 Germany,1,CC-BY,named_licence
Creative Commons Attribution 3.0 United States for the public AWS WIND Toolkit listing.,1,CC-BY,named_licence
Creative Commons Attribution 4.0 (CC BY 4.0) for the relational snapshot tables (page statement); licences of the other files on the downloads page were not read,1,CC-BY,named_licence
Creative Commons Attribution 4.0 (Productivity Commission copyright notice),1,CC-BY,named_licence
Creative Commons Attribution 4.0 International (CC-BY-4.0),1,CC-BY,named_licence
Creative Commons Attribution 4.0 International (Embargo: 2020-04-29),1,CC-BY,named_licence
Creative Commons Attribution 4.0 International (Embargo: 2023-02-27T23:59:59),1,CC-BY,named_licence
Creative Commons Attribution 4.0 unless otherwise noted (OEDI),1,CC-BY,named_licence
Creative Commons Attribution 4.23,1,CC-BY,named_licence
Creative Commons Attribution 4.7,1,CC-BY,named_licence
Creative Commons Attribution 4.8,1,CC-BY,named_licence
Creative Commons Attribution License (cc-by) (http://www.opendefinition.org/licenses/cc-by),1,CC-BY,named_licence
Creative Commons Attribution Non-Commercial Share-Alike,1,CC-BY-NC-SA,named_licence
Creative Commons Attribution Share-Alike 3.0 (CC-BY-SA-3.0),1,CC-BY-SA,named_licence
Creative Commons Attribution Share-Alike 3.0 Australia,1,CC-BY-SA,named_licence
Creative Commons Attribution-NonCommercial 4.0 (as given on the registry page),1,CC-BY-NC,named_licence
Creative Commons Attribution-NonCommercial 4.0 International license (http://www.opendefinition.org/licenses/cc-by/),1,CC-BY-NC|CC-BY,named_licence
Creative Commons Attribution-NonCommercial-NoDerivatives,1,CC-BY-NC-ND,named_licence
Creative Commons Attribution-NonCommercial-NoDerivatives 4.0 International,1,CC-BY-NC-ND,named_licence
Creative Commons Attribution-NonCommercial-ShareAlike 4.0,1,CC-BY-NC-SA,named_licence
Creative Commons Attribution-NonCommercial-ShareAlike 4.0 International License (http://creativecommons.org/licenses/by-nc-sa/4.0/),1,CC-BY-NC-SA,named_licence
Creative Commons Attribution–NonCommercial 4.0 International,1,CC-BY,named_licence
Creative Commons Attribution–NonCommercial–ShareAlike 4.0 International,1,CC-BY,named_licence
Creative Commons BY-NC-SA 2.0 France,1,CC-BY,named_licence
Creative Commons CC-BY 4.0,1,CC-BY,named_licence
Creative Commons CC0 1.0 (public domain),1,CC0,named_licence
Creative Commons License CC-BY-NC-SA 4.0,1,CC-BY-NC-SA,named_licence
Creative Commons licence (per the LICENSE file),1,,no_standard_licence
Creative Commons licence named in the catalogue licence facet (exact type not shown on the page read),1,,no_standard_licence
Creative Commons-CC0 (http://opendefinition.org/od/1.1/fr/),1,CC0,named_licence
"Creative Commons-CC0 (http://opendefinition.org/od/1.1/fr/), Licence Ouverte (https://www.etalab.gouv.fr/wp-content/uploads/2014/05/Licence_Ouverte.pdf), Licence Ouverte 2.0 (Etalab) (https://www.etal",1,CC0|Etalab,named_licence
CrisisNLP terms of use (research on humanitarian computing only; no open licence),1,,no_standard_licence
Crown Copyright (Met Office information; reuse licensed by the Met Office under its terms),1,,no_standard_licence
"Crown Copyright, published by Elsevier, all rights reserved",1,,no_standard_licence
Crown copyright (Government of Canada),1,,no_standard_licence
Crown copyright under the Open Government Licence for the GOV.UK copy; 2017 report all rights reserved,1,,no_standard_licence
"Crown copyright, Open Government Licence v3.0 for the government response",1,OGL-UK,named_licence
Crown copyright; UK Data Service End User Licence (Special Licence and Secure Access versions more restricted),1,,no_standard_licence
Custom Energy Dashboard subscription terms,1,,no_standard_licence
Custom MathWorks licence: redistribution allowed; use and derivatives restricted to MathWorks products and services,1,,no_standard_licence
"Custom Nationaal Energie Dashboard terms, version 2026-08-31",1,,no_standard_licence
Custom academic and research use only; citation and acknowledgement required,1,,no_standard_licence
Custom attribution and source-citation terms stated by provider,1,,no_standard_licence
Custom permission to use code with author citation; disclaimer in README,1,,no_standard_licence
DANS Licence (as named on the dataset),1,,no_standard_licence
DANS Licence (restricted access),1,,no_standard_licence
"DATA.GOV.HK terms and conditions (free reuse, including commercial, with attribution and indemnity conditions)",1,,no_standard_licence
DFV website terms (no open licence stated),1,,no_standard_licence
DHI licence (terms not on the page); academic licences offered,1,,no_standard_licence
DHS Program terms of use (registered research use),1,,no_standard_licence
DIAS Terms of Service; dataset and application-specific terms take precedence,1,,no_standard_licence
DL-DE-BY-2.0 (http://dcat-ap.de/def/licenses/dl-by-de/2.0),1,DL-DE,named_licence
DLR copyright; reuse needs permission (IMPC terms of use),1,,no_standard_licence
DTU data policies (no licence named on the station page),1,,no_standard_licence
DWD licence; DWD no longer issues licences,1,,no_standard_licence
Danish National Archives access rules (special access period),1,,no_standard_licence
Danish PSI act terms (free historical downloads; paid subscriptions),1,,no_standard_licence
Data CC BY 4.0; code MIT,1,CC-BY|MIT,named_licence
Data Center Watch copyright; free to read,1,,no_standard_licence
Data Hub Terms of Use (https://data.pnnl.gov/policy),1,,no_standard_licence
Data ODbL; code GPL-3.0,1,ODbL|GPL,named_licence
Data and figures CC-BY-4.0; code MIT,1,CC-BY|MIT,named_licence
Data files © Original Authors,1,,no_standard_licence
Data licence Germany attribution 2.0 for Hamburg source; ODbL for OpenStreetMap-derived content,1,ODbL|DL-DE,named_licence
Data licence Germany – attribution – non-commercial – Version 1.0,1,DL-DE,named_licence
Data licence Germany – attribution – version 2.0,1,DL-DE,named_licence
Data licence not stated on the pages read (software on the portal is GNU GPL),1,GPL,named_licence
Data may be exported for reports if GSA is cited as the source (page read); terms of the database not read,1,,no_standard_licence
Data shared through collaboration under study policies (no open licence),1,,no_standard_licence
Data under the Open Data Commons Attribution License; tracker under CC BY 4.0,1,CC-BY|ODC-By,named_licence
Data usage policy set per source document (see Data Usage Policies and Permissions),1,,no_standard_licence
Datafordeleren terms of use for BBR,1,,no_standard_licence
Dataforsyningen terms (not read),1,,no_standard_licence
Dataport licences and pricing apply (terms not read),1,,no_standard_licence
Dataset card and code: MIT; original LPIS sources: Open Data Commons Attribution,1,ODC-By|MIT,named_licence
Dataset v1.0: CC-BY-4.0; repository software: MIT,1,CC-BY|MIT,named_licence
Dataset-specific licences; no single licence applies to all portal content,1,,no_standard_licence
Datenlizenz Deutschland - Namensnennung - 2.0 (dl-de/by-2-0),1,DL-DE,named_licence
Datenlizenz Deutschland - Namensnennung - Version 2.0 (dl-de/by-2-0),1,DL-DE,named_licence
Datenlizenz Deutschland - Namensnennung - Version 2.0 (https://www.govdata.de/dl-de/by-2-0),1,DL-DE,named_licence
Datenlizenz Deutschland - Namensnennung - Version 2.0 (open use with attribution),1,DL-DE,named_licence
Datenlizenz Deutschland Namensnennung 2.0 (ältere DCAT-AP.de Version),1,DL-DE,named_licence
Datenlizenz Deutschland Zero 2.0,1,DL-DE,named_licence
Datenlizenz Deutschland Zero 2.0 (LoD2 buildings); mesh model under the download portal terms,1,DL-DE,named_licence
Datenlizenz Deutschland Zero 2.0 (potentials); no conditions apply (plants feed and WMS),1,DL-DE,named_licence
Described as an open-source database; no licence text found on the pages read,1,,no_standard_licence
Described as open source by the provider; exact code licence not inspected,1,,no_standard_licence
"Digital Twin Hub website terms (project pages); utility data shared under agreements, not published",1,,no_standard_licence
Disclaimer accepted before access (licence not stated on the page read),1,,no_standard_licence
Divvy Data License Agreement,1,,no_standard_licence
Documentation CC-BY-SA-4.0; machine learning scripts MIT,1,CC-BY-SA|MIT,named_licence
Documentation under GOV.UK terms; model not published,1,,no_standard_licence
DrivenData competition data terms,1,,no_standard_licence
"EASA copyright notice, all rights reserved; SIB text marked as information only",1,,no_standard_licence
"EBRD terms and conditions: personal, non-commercial use, no redistribution or derivative works",1,,no_standard_licence
"ECB copyright, all rights reserved; free download, reproduction only with written authorisation",1,,no_standard_licence
"ECB copyright; reproduction for non-commercial purposes with source acknowledged (standard ECB notice, not quoted on the pages read)",1,,no_standard_licence
ECB terms (reuse conditions not stated on the page read),1,,no_standard_licence
ECB working paper (reuse terms not stated in the pages read),1,,no_standard_licence
ECL-2.0,1,,no_standard_licence
EDF terms of use (no open licence named),1,,no_standard_licence
EDGAR conditions of use with citation (no licence named on the pages read),1,,no_standard_licence
EEA re-use policy (content re-usable with acknowledgement unless stated otherwise); not restated on the pages read,1,,no_standard_licence
EEA reuse policy,1,,no_standard_licence
EEA reuse policy (not stated on the page read),1,,no_standard_licence
EEA standard reuse policy (attribution),1,,no_standard_licence
EERI terms (not stated on the pages read),1,,no_standard_licence
EHP open access (public domain or CC licence per article; not confirmed),1,,no_standard_licence
EIB terms of use: no publication or commercial exploitation without prior written permission unless otherwise permitted,1,,no_standard_licence
EIOPA legal notice (reuse terms not stated on the page read),1,,no_standard_licence
EITI open data policy (terms on provider site),1,,no_standard_licence
ELSTAT copyright and reuse terms (document not readable from the cloud),1,,no_standard_licence
EMSA copyright (disclaimer; no open licence stated),1,,no_standard_licence
EMSA legal notice and copyright terms (no open licence stated),1,,no_standard_licence
EMSA website terms,1,,no_standard_licence
EMTP License Agreement (commercial),1,,no_standard_licence
ENA site licence: download and print for internal business use; extracted content expected under CC BY-NC,1,CC-BY-NC,named_licence
ENISA copyright; free to read,1,,no_standard_licence
ENISA legal notice (not read),1,,no_standard_licence
"ENTSO-E Transparency Platform terms and conditions; TSO data released under an open data licence since 2019, other providers' data per their policy",1,,no_standard_licence
EOSDIS Data Use and Citation Guidance,1,,no_standard_licence
EPA Data License (https://edg.epa.gov/EPA_Data_License.html),1,,no_standard_licence
EPA ScienceHub licence,1,,no_standard_licence
EPA ScienceHub licence (https://pasteur.epa.gov/license/sciencehub-license.html),1,,no_standard_licence
EPA website terms (no open licence stated on the page),1,,no_standard_licence
EPL (version not stated on the page read),1,EPL,named_licence
EPL-2.0 OR GPL-2.0-or-later,1,GPL|EPL,named_licence
EPL-2.0 and AGPL-3.0 (by component),1,AGPL|EPL,named_licence
EPRI Terms of Use (https://www.epri.com/help/privacy/terms-of-use),1,,no_standard_licence
EPRI supplementary terms and conditions for the repository,1,,no_standard_licence
EPRI terms of use; public deliverables free,1,,no_standard_licence
ERCOT Terms of Use (https://www.ercot.com/help/terms),1,,no_standard_licence
"ESA CCI data policy (open access; terms per dataset, not read)",1,,no_standard_licence
ESA Community Licence for MIDAS distribution; exact terms not inspected,1,,no_standard_licence
ESA SWE portal terms (product-specific; not stated on the pages read),1,,no_standard_licence
"ESA Standard Licence (education, editorial and information use only; other uses need a specific licence)",1,,no_standard_licence
ESA Third Party Missions terms (no separate licence named),1,,no_standard_licence
"ESA copyright; reproduction needs ESA consent (ECSS licence agreement, ECSS-P-00C clause 5.8)",1,,no_standard_licence
ESA terms of use for DISCOS (account required),1,,no_standard_licence
ESA terms of use for web content (not stated on the report page read),1,,no_standard_licence
"ESDAC data licence agreement (ESDB v2.0: free of charge, no passing to third parties, no commercial use); terms set per dataset",1,,no_standard_licence
ETH software licence agreement (accepted on download),1,,no_standard_licence
ETSAP,1,,no_standard_licence
ETSI and DVB copyright; free download,1,,no_standard_licence
EU Publications Office report; licence not read on the page,1,,no_standard_licence
EU agency information system; no open licence stated,1,,no_standard_licence
EU legal acts are free to reuse (Commission reuse policy),1,,no_standard_licence
EUMETSAT data policy and terms of use (not read),1,,no_standard_licence
EUPL 1.2,1,EUPL,named_licence
EUPL-1.2 for repository; separate licence for linked data archives not stated,1,EUPL,named_licence
EUPL-1.2 or AGPL-3.0 (source code); HSL data terms not readable from the cloud,1,AGPL|EUPL,named_licence
EUPL-1.2-or-later,1,EUPL,named_licence
EUROCONTROL ADRR terms of use (R&D use),1,,no_standard_licence
EUROCONTROL licence agreement (restricted to ANSPs and airlines in Europe),1,,no_standard_licence
Each linked dataset has its own terms (none stated for the catalogue),1,,no_standard_licence
Each model carries its own open-source licence; users must cite model authors,1,,no_standard_licence
Eclipse Public License (version not stated on the page read),1,EPL,named_licence
Eclipse Public License 2.0,1,EPL,named_licence
Economist Impact terms of use; free,1,,no_standard_licence
Educational use only; commercial use requires the paid IC+ database,1,,no_standard_licence
EirGrid Group Open Data Licence,1,,no_standard_licence
Elsevier copyright; database not publicly released,1,,no_standard_licence
Elsevier journal article (subscription; Elsevier user licence for text mining),1,,no_standard_licence
"Elsevier journal licence, all rights reserved",1,,no_standard_licence
Elsevier; accepted version open in NORA,1,,no_standard_licence
End User License Agreement (Vanderbilt; must be accepted before use),1,,no_standard_licence
Energy Commission terms of use (all rights reserved),1,,no_standard_licence
Environment Agency Conditional Licence,1,,no_standard_licence
Environment Agency Conditional Licence (attribution: © Environment Agency copyright and/or database right; contains information © Local Authorities),1,,no_standard_licence
Environment Agency conditional licence,1,,no_standard_licence
"Environment Agency copyright and/or database right 2025, all rights reserved (attribution statement on data.gov.uk)",1,,no_standard_licence
Eora licence (free for academic use at degree-granting institutions; other uses licensed),1,,no_standard_licence
Ericsson terms of use; free to view,1,,no_standard_licence
Esri Master License,1,,no_standard_licence
"Estonian open data terms of use (free of charge, attribution required)",1,,no_standard_licence
Etalab Licence Ouverte,1,Etalab,named_licence
Etalab Open Licence (version unspecified),1,Etalab,named_licence
Etalab-2.0 for site texts; data reuse subject to the portal's legal notice,1,Etalab,named_licence
Euro-IX copyright; free to read,1,,no_standard_licence
EuroGeographics Open licence (attribution; similar to CC BY),1,CC-BY,named_licence
European Commission legal notice; indicators drawn from public EU-wide datasets,1,,no_standard_licence
European Commission reuse notice (reuse authorised with acknowledgement),1,,no_standard_licence
European Commission reuse notice (reuse permitted with acknowledgement),1,,no_standard_licence
"European Commission reuse notice, as linked on the portal listing (http://aeronet.gsfc.nasa.gov/new_web/data_usage.html)",1,,no_standard_licence
"European Commission reuse notice, as linked on the portal listing (http://data.jrc.ec.europa.eu/licence/not_available), CC-BY-4.0",1,CC-BY,named_licence
European Commission reuse notice; source acknowledgement and third-party rights conditions,1,,no_standard_licence
European Commission reuse policy (CC BY 4.0) for Commission pages; news articles all rights reserved,1,CC-BY,named_licence
European Commission reuse policy (COM_REUSE),1,,no_standard_licence
European Commission reuse policy (Commission Decision 2011/833/EU); not stated on the page,1,,no_standard_licence
European Commission reuse policy (Decision 2011/833/EU),1,,no_standard_licence
European Commission reuse policy (Decision 2011/833/EU; reuse with acknowledgement),1,,no_standard_licence
European Commission reuse policy (free reuse with attribution),1,,no_standard_licence
"European Union 2016, reuse authorised with acknowledgement",1,,no_standard_licence
European Union Public Licence (as stated by the tool),1,EUPL,named_licence
"European Union publications, reuse under CC BY 4.0",1,CC-BY,named_licence
European Union reuse policy (Decision 2011/833/EU),1,,no_standard_licence
European Union; reuse allowed with acknowledgement,1,,no_standard_licence
European Urban Initiative website content,1,,no_standard_licence
Eurostat copyright notice and free re-use of data,1,,no_standard_licence
Eurostat copyright notice and free re-use of data (re-use allowed with source acknowledgement),1,,no_standard_licence
Eurostat copyright notice and licence provisions,1,,no_standard_licence
Eurostat reuse policy (free reuse with acknowledgement),1,,no_standard_licence
Eurostat reuse policy (reuse authorised with acknowledgement; website content CC BY 4.0),1,CC-BY,named_licence
Eurovent Certita terms of use (not an open licence),1,,no_standard_licence
Evaluation article CC BY; PAHO web content under PAHO terms,1,CC-BY,named_licence
FAO terms of use (not stated on the page read),1,,no_standard_licence
FDEP open data terms (provided without warranty),1,,no_standard_licence
FEMA publication (terms not stated on the pages read),1,,no_standard_licence
FEMA software (terms not stated on the pages read),1,,no_standard_licence
FEMA terms and conditions (US federal data),1,US-Gov-PD,named_licence
FIR general terms and conditions (Általános Szerződési Feltételek; not read),1,,no_standard_licence
"FMI website terms: attributed private, non-commercial, teaching and research use; other redistribution requires permission",1,,no_standard_licence
FOEN terms and conditions (not read),1,,no_standard_licence
FRED legal terms; each series keeps the copyright status of its source (no single licence on the page read),1,,no_standard_licence
FSB terms and conditions; XBRL described as a freely licensed open standard,1,,no_standard_licence
FTOT End User License Agreement,1,,no_standard_licence
Facility access terms for approved users,1,,no_standard_licence
FedCommunities terms of use (informational and educational purposes),1,,no_standard_licence
Federal Reserve Bank of New York publication (reuse terms not stated on the page read),1,,no_standard_licence
Figures reusable with citation of the Green Infrastructure Promotion Strategy 2030 (as stated on the page),1,,no_standard_licence
FireCARES data use agreement and API terms; processing code MIT,1,MIT,named_licence
Flemish model licence for free reuse (Modellicentie Gratis Hergebruik v1.0),1,,no_standard_licence
Florida public records (free use),1,,no_standard_licence
Food Banks Canada website terms (no open licence stated),1,,no_standard_licence
Fraunhofer QuaDRiGa software licence,1,,no_standard_licence
Free API; document copyright stays with contributing organisations (ReliefWeb terms of use),1,,no_standard_licence
Free EPA public distribution; GitHub source redistribution terms unstated,1,,no_standard_licence
Free U.S. government online tool,1,,no_standard_licence
Free US Government software (no licence statement on the page read),1,,no_standard_licence
Free US Government software (requires a commercial ArcGIS Pro licence); Python package GPL-3.0,1,GPL,named_licence
Free access platform (no licence stated); detailed data sold as Kermap services,1,,no_standard_licence
Free access under the European Commission legal notice,1,,no_standard_licence
Free access; responsibility for content stays with each dataset owner,1,,no_standard_licence
Free and open source (licence named in the code distribution),1,,no_standard_licence
Free and open source (licence not named on the home page),1,,no_standard_licence
Free and open source (licence per repository),1,,no_standard_licence
Free and open source (licensing page on the site),1,,no_standard_licence
"Free and open, provided as-is (no named licence on the pages read)",1,,no_standard_licence
Free client; engine not open source,1,,no_standard_licence
Free download (licence not stated on the page read),1,,no_standard_licence
Free download (licence terms not stated on the page read),1,,no_standard_licence
Free download (licence terms not stated),1,,no_standard_licence
Free download under the NLR data disclaimer,1,,no_standard_licence
Free edition of proprietary software (terms not checked),1,,no_standard_licence
Free for academic purposes with citation,1,,no_standard_licence
Free for academic research with citation; commercial use needs permission from the lead author,1,,no_standard_licence
Free for academic use; commercial use needs the authors' approval; cite the listed papers,1,,no_standard_licence
Free for non-commercial research and education with citation,1,,no_standard_licence
Free for non-commercial use; commercial licence separately available,1,,no_standard_licence
"Free for public use under Zillow's Terms of Use, with attribution to Zillow",1,,no_standard_licence
Free for research (no explicit licence stated on the project page),1,,no_standard_licence
Free for research with citation; Java library under the ZIB Academic License,1,,no_standard_licence
Free for research; contact authors for commercial use,1,,no_standard_licence
Free for the scientific community under bundled licence terms,1,,no_standard_licence
"Free of charge with acknowledgement: cite 'European Hydrogen Incidents and Accidents Database HIAD 2.2, European Commission, Joint Research Centre, Petten'; no warranty (conditions accepted on download)",1,,no_standard_licence
Free of charge with attribution ('incorporated from EuRIS (eurisportal.eu)'),1,,no_standard_licence
Free online maps (Climate Central terms); CoastalDEM proprietary,1,,no_standard_licence
"Free open data (terms on the CKW page, which blocked automated reading)",1,,no_standard_licence
Free open-access tool; API use under Building Transparency API terms,1,,no_standard_licence
Free public access,1,,no_standard_licence
Free public consultation,1,,no_standard_licence
Free public use under the RMC software distribution policy (no licence file in the repository),1,,no_standard_licence
Free registration and CTUR terms of use,1,,no_standard_licence
Free resource; reuse licence not stated on the page read,1,,no_standard_licence
Free reuse with attribution (Källa: Myndigheten för civilt försvar),1,,no_standard_licence
Free reuse with attribution ©Bundesnetzagentur,1,,no_standard_licence
Free service with attribution to CityBikes required; pybikes AGPL-3.0; operator data terms apply,1,AGPL,named_licence
Free specification; the exact redistribution licence was not checked,1,,no_standard_licence
Free to download from IPCC-TFI (IPCC copyright),1,,no_standard_licence
Free to download; ITU and UNITAR copyright,1,,no_standard_licence
Free to read (Elsevier COVID-19 resource centre terms),1,,no_standard_licence
Free to read (arXiv author version),1,,no_standard_licence
Free to read (author copy on figshare),1,,no_standard_licence
Free to read (author version in PubMed Central),1,,no_standard_licence
Free to read (author version in the VU repository),1,,no_standard_licence
Free to use (UN-Habitat publication terms),1,,no_standard_licence
Free to use (UNDRR terms),1,,no_standard_licence
Free to use (per the Enexis open data page),1,,no_standard_licence
Free to use (terms on the initiative website),1,,no_standard_licence
Free to use for everyone (OS product page); licence name not shown on the pages read,1,,no_standard_licence
Free to use per portal (partner-specific terms),1,,no_standard_licence
Free to use under the tool's terms and conditions,1,,no_standard_licence
Free use and free of charge with attribution: «© Ministerio para la Transición Ecológica y el Reto Demográfico»,1,,no_standard_licence
Free use under the JMA Legal Notice with DOI citation,1,,no_standard_licence
Free use with attribution (citation required); ISIMIP source terms apply,1,,no_standard_licence
"Free use with citation ""Fuente: DANE""; copying the data for resale prohibited (ANDA conditions)",1,,no_standard_licence
Free use with credit to data sources and map creator,1,,no_standard_licence
Free use with full source citation,1,,no_standard_licence
Free web application (terms not stated on the page read),1,,no_standard_licence
Free web calculator; Business Solutions and API under licence fees,1,,no_standard_licence
Free web service; the citation record in the Texas Data Repository is CC0 1.0; SWAT itself is public domain,1,CC0,named_licence
Free with Neighborhood Atlas terms of use (account required),1,,no_standard_licence
Free with attribution to Backblaze; resale of the data not allowed,1,,no_standard_licence
"Free, publicly available survey results; no formal licence named on the data pages",1,,no_standard_licence
Freeware (copyright GIDAI Group; no licence text),1,,no_standard_licence
Freeware; copyright Roger Coudé,1,,no_standard_licence
French government publication,1,,no_standard_licence
Functional Map of the World Challenge Public License,1,,no_standard_licence
"Functional Source License (FSL), becoming MIT after two years",1,MIT,named_licence
"GAMIT/GLOBK licence from MIT: free without royalty for non-commercial education and research by universities and government agencies, by application; other use by agreement",1,MIT,named_licence
"GAUL 2015 Data Licence, non-commercial",1,,no_standard_licence
GDV terms of use for data and graphics,1,,no_standard_licence
GESIS and ICPSR terms of use,1,,no_standard_licence
GIRO Rules of the Road (acknowledgement required; not read in full),1,,no_standard_licence
GNR Terms of Use (not read),1,,no_standard_licence
GNU GPL (version not specified on the reviewed homepage),1,GPL,named_licence
GNU GPL v2 or later,1,GPL,named_licence
GNU General Public License (version not stated in repository licence),1,GPL,named_licence
"GNU General Public License v3 (GPLv3), see LICENSE.md",1,GPL,named_licence
GNU LGPL,1,LGPL,named_licence
GNU LGPL (per the Eurac page),1,LGPL,named_licence
"GPL (>= 2) OR LGPL (>= 3), as stated by CRAN",1,LGPL|GPL,named_licence
"GPL (AMES V2.07 stated as free open-source under the GNU General Public License; terms of later versions, hosted on GitHub repositories, were not read)",1,GPL,named_licence
GPL (GNU General Public License); website text CC BY-NC-SA 4.0,1,CC-BY-NC-SA|GPL,named_licence
"GPL (GNU General Public License, per TU Delft)",1,GPL,named_licence
"GPL (GPL-3.0 on version 1.3, GPL-2.0 shown in the Zenodo licence field)",1,GPL,named_licence
GPL (as given in the list),1,GPL,named_licence
GPL (page states PSAT is distributed under the General Public License with no warranty),1,GPL,named_licence
GPL (per source headers),1,GPL,named_licence
GPL (version not stated on ascend4.org),1,GPL,named_licence
GPL (version not stated; the EPIC page says not for commercial use),1,GPL,named_licence
GPL for PEDSIM; LGPL for the core library libpedsim,1,LGPL|GPL,named_licence
GPL-2,1,GPL,named_licence
GPL-2 (CRAN label),1,GPL,named_licence
GPL-2+,1,GPL,named_licence
GPL-2.0 (as given in the list),1,GPL,named_licence
GPL-2.0 (code); CC-BY-4.0 (input and output data),1,CC-BY|GPL,named_licence
GPL-2.0 (linked source repository; Zenodo says other-open),1,GPL,named_licence
GPL-2.0 (provider repository label; exact version-or-later terms not independently inspected),1,GPL,named_licence
GPL-2.0 for code; population and other inputs carry separate terms,1,GPL,named_licence
GPL-2.0 shown on the repository; rights in individual input datasets require separate checking,1,GPL,named_licence
GPL-2.0 stated by the overview,1,GPL,named_licence
"GPL-2.0-only (ns3-sat-sim); MIT (satgenpy, satviz)",1,GPL|MIT,named_licence
GPL-2.0-or-later (non-code parts also CC-BY-SA-4.0),1,CC-BY-SA|GPL,named_licence
GPL-2.0-or-later (project files; some bundled code under other licences),1,GPL,named_licence
GPL-2.0-or-later (source header); accompanying study archive CC-BY-4.0,1,CC-BY|GPL,named_licence
GPL-2.0-or-later for the QGIS plugin; bundled component notices retained,1,GPL,named_licence
GPL-2.0; NIST-authored portions are US public domain and GPL-2.0 abroad,1,GPL|US-Gov-PD,named_licence
GPL-3 (CRAN label),1,GPL,named_licence
GPL-3.0 (CLIMADA licence as quoted on the page) with EIOPA usage terms,1,GPL,named_licence
GPL-3.0 (COPYING in GitHub mirror; spec file says GPL/LGPL),1,LGPL|GPL,named_licence
GPL-3.0 (DTALite); Apache-2.0 (Path4GMNS),1,GPL|Apache,named_licence
"GPL-3.0 (GitHub licence metadata, LICENSE and README).",1,GPL,named_licence
GPL-3.0 (GitHub); Other Open (Zenodo archive metadata),1,GPL,named_licence
GPL-3.0 (LICENSE file in the GitHub repository); some advanced features may require an activation key,1,GPL,named_licence
GPL-3.0 (PyPI metadata); Zenodo says other-open,1,GPL,named_licence
GPL-3.0 (code); CC BY 4.0 (companion data on Zenodo),1,CC-BY|GPL,named_licence
GPL-3.0 (code); CC-BY-4.0 (results),1,CC-BY|GPL,named_licence
GPL-3.0 (code); data licence not stated,1,GPL,named_licence
GPL-3.0 (current upstream repository),1,GPL,named_licence
GPL-3.0 (model generator); GAMS and VEDA are commercial,1,GPL,named_licence
GPL-3.0 (software); OpenStreetMap data under ODbL,1,ODbL|GPL,named_licence
"GPL-3.0 family (AGPL-3.0 on Zenodo, GPLv3 on PyPI)",1,AGPL|GPL,named_licence
GPL-3.0 for current fragility release; CC-BY-4.0 for earlier combined bundle,1,CC-BY|GPL,named_licence
GPL-3.0 for package code; GTFS and OSM inputs retain provider-specific terms.,1,GPL,named_licence
GPL-3.0 for software; Figshare archive metadata also labels CC-BY-4.0,1,CC-BY|GPL,named_licence
GPL-3.0 for software; underlying literature-data rights remain source-specific,1,GPL,named_licence
GPL-3.0 in GitHub; Zenodo states Other (Open),1,GPL,named_licence
GPL-3.0 in GitHub; archived Zenodo release labelled other-open,1,GPL,named_licence
GPL-3.0 in repository README; archived Zenodo metadata states GPL-2.0-or-later,1,GPL,named_licence
GPL-3.0 in root LICENSE and README; GitHub metadata labels the file Other rather than giving an SPDX identifier.,1,GPL,named_licence
GPL-3.0 in root LICENSE and README; IBM CPLEX solver terms are separate.,1,GPL,named_licence
"GPL-3.0 on SourceForge and DataCite; Zenodo record states GPL-2.0, unresolved version conflict",1,GPL,named_licence
GPL-3.0 or LGPL-3.0 (per component),1,LGPL|GPL,named_licence
GPL-3.0 plus the WHO Terms of Use and Software License Agreement,1,GPL,named_licence
GPL-3.0 source; CC-BY-NC-SA-3.0 README content,1,CC-BY-NC-SA|GPL,named_licence
GPL-3.0+,1,GPL,named_licence
GPL-3.0-only (code); CC BY-NC-SA (data),1,CC-BY-NC-SA|GPL,named_licence
GPL-3.0-only metadata umbrella; separate component licences described by the provider,1,GPL,named_licence
GPL-3.0-or-later (PyPI metadata),1,GPL,named_licence
GPL-3.0-or-later (Zenodo release),1,GPL,named_licence
GPL-3.0-or-later in versioned README and LICENSE; Other Open in Zenodo metadata,1,GPL,named_licence
GPL-3.0-or-later; LGPL-3.0 for WellIndexCalculator,1,LGPL|GPL,named_licence
GPL; exact version not resolved,1,GPL,named_licence
GPLv2 (stated on the project site),1,GPL,named_licence
"GRDC data policy: free of charge, no commercial use, no redistribution",1,,no_standard_licence
"GS1 standard, free to download; implementation under the GS1 IP Policy (royalty-free or RAND licence to necessary claims for GS1 members)",1,,no_standard_licence
GSC website terms (not read),1,,no_standard_licence
GSI content-use terms with layer-specific and third-party conditions,1,,no_standard_licence
"GSMA copyright; reports free, survey data on request",1,,no_standard_licence
GSMA terms; free to view,1,,no_standard_licence
"GSS public use dataset terms (statistical and research use only, no redistribution)",1,,no_standard_licence
GTAP licence (current release purchased; older releases free),1,,no_standard_licence
GTD end user licence (non-commercial research use; no redistribution),1,,no_standard_licence
"GazFlow Public License v1.0 (source available, non-OSI); commercial agreement for enterprise use",1,,no_standard_licence
General conditions of use of the digital geographical data of the SPW (http://geoportail.wallonie.be/files/documents/ConditionsSPW/DataSPW-CGU.pdf),1,,no_standard_licence
"GeoNutzV (German federal geodata terms, free, no attribution required)",1,,no_standard_licence
GeoSénégal data licence agreement (use under a licence agreement),1,,no_standard_licence
"German federal government; free to view, no open licence found",1,,no_standard_licence
GitHub code MIT; linked data-archive licence not stated in Hugging Face metadata,1,MIT,named_licence
Global Data Alliance copyright; free to read,1,,no_standard_licence
"Global Fishing Watch terms of use (non-commercial, attribution)",1,,no_standard_licence
Google Terms of Service,1,,no_standard_licence
Google copyright; free to read,1,,no_standard_licence
Google terms of service,1,,no_standard_licence
Government Open Data License India,1,,no_standard_licence
Government of Andorra copyright (no open licence stated),1,,no_standard_licence
Government of Canada terms (not read),1,,no_standard_licence
Government of Canada terms and conditions (Canada.ca),1,,no_standard_licence
Government of Canada terms and conditions (linked from the page),1,,no_standard_licence
Government of China; free to read,1,,no_standard_licence
Government of Japan Standard Terms of Use (CC BY 4.0 compatible),1,CC-BY,named_licence
Government of Japan Standard Terms of Use (compatible with CC BY 4.0),1,CC-BY,named_licence
Government platform; no public licence stated,1,,no_standard_licence
Graz University of Technology Software License Agreement,1,,no_standard_licence
GridLAB-D License (Battelle BSD-style open source licence),1,BSD,named_licence
HCUP Data Use Agreement (proprietary; no redistribution),1,,no_standard_licence
HDX 'other' licence with required attribution to Google Earth AI and DISHA,1,,no_standard_licence
HQSC website terms (no open licence stated),1,,no_standard_licence
HSE website terms (no open licence stated),1,,no_standard_licence
Harvard Dataverse terms (CC0 by default),1,CC0,named_licence
Harvard Dataverse terms (see dataset),1,,no_standard_licence
Health NZ data use standard operating procedure; approved requests only,1,,no_standard_licence
Health NZ terms; unit records by approved request,1,,no_standard_licence
Healthdirect integration terms; free to integration partners,1,,no_standard_licence
Helsedirektoratet terms (no licence named on the pages read),1,,no_standard_licence
Hydro-Québec website terms; paper under Wiley terms,1,,no_standard_licence
HydroCAD Software License Agreement (commercial),1,,no_standard_licence
"HydroSHEDS licence agreement (free for scientific, educational and commercial use, with attribution)",1,,no_standard_licence
Hydrus-1D is public domain; HYDRUS 2D/3D is sold under commercial licence,1,,no_standard_licence
IAEA terms of use (no open data licence stated on the pages read),1,,no_standard_licence
IBECs copyright; open-source-code application offered separately,1,,no_standard_licence
IBPSA BOPTEST licence (license.md in the repository),1,,no_standard_licence
ICAO terms and conditions,1,,no_standard_licence
"ICE Publishing, all rights reserved; free to read on the Learning Legacy site",1,,no_standard_licence
ICE use terms (layers custom; Agencias layer marked public use),1,,no_standard_licence
"ICMM terms: reproduction free of charge for non-commercial, informational purposes with the source acknowledged",1,,no_standard_licence
ICPSR terms of use,1,,no_standard_licence
ICPSR terms of use (licence not stated in the DataCite record),1,,no_standard_licence
ICPSR terms of use (not stated in metadata),1,,no_standard_licence
IDAES BSD-style licence with enhancement clause,1,BSD,named_licence
IDE-JETRO agreement on the use of input-output table data (no redistribution; citation required),1,,no_standard_licence
IEA EBC publication terms,1,,no_standard_licence
IEA terms and conditions (not an open licence),1,,no_standard_licence
IEA terms of use (free material reusable with attribution),1,,no_standard_licence
IEEE copyright (academic content mining permitted),1,,no_standard_licence
IEEE copyright (article licence terms of IEEE Xplore),1,,no_standard_licence
IET custom redistribution licence,1,,no_standard_licence
IFPRI Datasets Terms of Use (custom terms),1,,no_standard_licence
IFPRI terms of use; free to view,1,,no_standard_licence
IFRC GO terms of use (not read),1,,no_standard_licence
"IG-EPN terms and conditions (non-profit use, no redistribution, citation required)",1,,no_standard_licence
IGAC terms of use (Resolución 616 de 2020); SINIC open cadastral base stated as without use limitations,1,,no_standard_licence
"IGC copyright; free summary, full report by subscription",1,,no_standard_licence
IGN licence of use compatible with CC-BY-4.0,1,CC-BY,named_licence
IGN terms and conditions of use of geospatial information,1,,no_standard_licence
IHME free-of-charge non-commercial user agreement (IHME data); third-party terms otherwise,1,,no_standard_licence
IIASA public licence adapted from CC BY 4.0,1,CC-BY,named_licence
IMF Copyright and Usage terms (not quoted on the page read),1,,no_standard_licence
IMF copyright and terms of use (not readable from the cloud on 2026-09-29; the dataset page does not restate them),1,,no_standard_licence
IMF terms of use (https://www.imf.org/external/terms.htm),1,,no_standard_licence
IMO terms of use (not an open licence),1,,no_standard_licence
IMPACT data use terms; commercial use listed as unknown,1,,no_standard_licence
"INE Open Data License Agreement (worldwide, royalty-free, commercial and non-commercial use with acknowledgement)",1,,no_standard_licence
INEC copyright; citation of INEC required; statistical confidentiality rules,1,,no_standard_licence
"INEGI free-use terms (open, attribution)",1,,no_standard_licence
INMSS terms (no licence named on the page),1,,no_standard_licence
"INS Niger open data licence (copy, adapt and redistribute for commercial and non-commercial use with source attribution)",1,,no_standard_licence
INS Tunisia open licence (commercial and non-commercial reuse permitted),1,,no_standard_licence
INSTAT open data licence agreement (commercial and non-commercial use under its conditions),1,,no_standard_licence
"IOM terms: non-commercial use only, no redistribution or derivative works, credit IOM DTM",1,,no_standard_licence
IPUMS NHGIS terms of use: free with registration and citation; redistribution needs permission,1,,no_standard_licence
IPUMS conditions of use (registration required),1,,no_standard_licence
"IRENA publication terms for the brochure: material may be freely used, shared, copied and reproduced with acknowledgement of IRENA, third-party material may have separate terms; platform data terms not read",1,,no_standard_licence
IRF licence agreement for Kiruna observatory data,1,,no_standard_licence
IRIDE data policy (no licence named in the announcement),1,,no_standard_licence
ISC (GitHub licence metadata and license.md).,1,ISC,named_licence
ISC license,1,ISC,named_licence
ISC-style permissive licence,1,ISC,named_licence
ISO copyright (paid standard),1,,no_standard_licence
ISPRA terms (no licence named on the page),1,,no_standard_licence
ITU copyright notice; the publication page states free download,1,,no_standard_licence
"ITU copyright, all rights reserved, no reproduction without written permission",1,,no_standard_licence
"ITU copyright, all rights reserved; reproduction needs ITU written permission (as printed in the document)",1,,no_standard_licence
"ITU copyright: all rights reserved, no reproduction without written permission (cover page)",1,,no_standard_licence
ITU copyright; free download,1,,no_standard_licence
ITU copyright; free to download,1,,no_standard_licence
ITU copyright; free to read,1,,no_standard_licence
ITU terms of use,1,,no_standard_licence
"ITU; free to view, no open licence stated",1,,no_standard_licence
ITU; subscription for parts,1,,no_standard_licence
ITU; terms not stated,1,,no_standard_licence
IUGS CGI copyright for site content; licence of the standard not stated on the page read,1,,no_standard_licence
IXPDB Acceptable Use Policy (all rights reserved),1,,no_standard_licence
Images CC BY-SA according to the OpenStreetMap wiki,1,CC-BY-SA,named_licence
Images CC BY-SA according to the OpenStreetMap wiki; platform terms of use apply,1,CC-BY-SA,named_licence
Images: CC-BY-NC-SA-4.0; Python code: Apache-2.0,1,CC-BY-NC-SA|Apache,named_licence
In Copyright,1,,no_standard_licence
In copyright; data by data use agreement,1,,no_standard_licence
Indonesian government licence for high-resolution data; no open licence stated,1,,no_standard_licence
Internal use only,1,,no_standard_licence
"Internet Society Pulse Terms and Conditions (Pulse Data may be used, copied and published for non-commercial purposes; no resale or redistribution)",1,,no_standard_licence
Italian Open Data License 2.0,1,,no_standard_licence
Italian Open Data License IODL 2.0,1,,no_standard_licence
JARTIC terms of use; G-Space API terms,1,,no_standard_licence
JAXA AMSR Research Product Distribution Service terms; exact reuse rights require review,1,,no_standard_licence
JAXA terms of use (not named on the pages read),1,,no_standard_licence
JCPRA website terms (no licence named on the pages read),1,,no_standard_licence
JPCERT/CC terms of use,1,,no_standard_licence
Japan Government Standard Terms of Use,1,,no_standard_licence
Japanese Government Standard Terms of Use 2.0 (compatible with CC-BY-4.0),1,CC-BY,named_licence
Japanese Government publications (PDL 1.0 or government terms of use),1,,no_standard_licence
Journal article (Elsevier); accepted manuscript free on OSTI; model licence not stated,1,,no_standard_licence
Journal article (publisher copyright; abstract free),1,,no_standard_licence
Journal articles (publisher copyright; abstracts free),1,,no_standard_licence
KITopen licence,1,,no_standard_licence
KSJ terms (non-commercial),1,,no_standard_licence
Kaggle dataset and competition terms,1,,no_standard_licence
King's Printer for Ontario,1,,no_standard_licence
Korea Expressway Corporation public data use policy,1,,no_standard_licence
"Korea Public Nuri licence type 2 or 4 (attribution, non-commercial)",1,,no_standard_licence
"Korea public data, no restriction on use (이용허락범위 제한 없음)",1,,no_standard_licence
"Korean public data, free with no restriction on the scope of use (data.go.kr terms)",1,,no_standard_licence
LBNL BCVTB licence (licence page with DOE rights notice),1,,no_standard_licence
LBNL COMFEN licence (licence page linked from the tool page),1,,no_standard_licence
LBNL RESFEN 6 end-user licence: royalty-free executable use with restrictions,1,,no_standard_licence
LBNL TOUGH licence agreement (paid),1,,no_standard_licence
LBNL frads licence: three-clause BSD terms plus an enhancements clause,1,BSD,named_licence
LBNL web platform (terms not stated beyond disclaimers),1,,no_standard_licence
"LGPL (GNU Lesser General Public License, Version5 distribution)",1,LGPL,named_licence
LGPL (LICENSE file in the source tree is LGPL-2.1; the COPYING file carries LGPL-3.0),1,LGPL,named_licence
LGPL (as stated in the paper's code metadata),1,LGPL,named_licence
LGPL (some components GPL-3.0),1,LGPL|GPL,named_licence
LGPL (version not stated on the page read),1,LGPL,named_licence
LGPL / entire code based on open source,1,LGPL,named_licence
LGPL-2.1 (as given in the list),1,LGPL,named_licence
LGPL-2.1 for CrowNet; component licences differ,1,LGPL,named_licence
LGPL-2.1 with LLNL/DOE notices; third-party components have separate licences,1,LGPL,named_licence
LGPL-2.1-only,1,LGPL,named_licence
LGPL-2.1-or-later,1,LGPL,named_licence
LGPL-3.0 (as given in the list),1,LGPL,named_licence
LGPL-3.0 (as given on the fact sheet),1,LGPL,named_licence
LGPL-3.0 for repository; version 0.0.1 archive metadata states CC-BY-4.0,1,CC-BY|LGPL,named_licence
LGPL-3.0 software; linked WorldFloods v2 data and trained models CC-BY-NC-4.0,1,CC-BY-NC|LGPL,named_licence
LGPL-3.0-only (backend); BSD-3-Clause (web interface),1,LGPL|BSD,named_licence
LGPL-3.0-or-later for the suite documentation; component-specific GPL/LGPL terms; CC-BY-4.0 for 2017 Figshare snapshot metadata,1,CC-BY|LGPL|GPL,named_licence
LGPL-3.0; GPL-3.0,1,LGPL|GPL,named_licence
LICENSE,1,,no_standard_licence
"LINZ copyright terms, free reuse",1,,no_standard_licence
Legacy Humanitarian Response terms of use (HDX licence: Other),1,,no_standard_licence
LeoLabs terms of use,1,,no_standard_licence
Libre Uso MX,1,,no_standard_licence
Licence ODBL,1,ODbL,named_licence
Licence ODBL: https://opendatacommons.org/licenses/odbl/summary/ (http://opendatacommons.org/licenses/odbl/),1,ODbL,named_licence
Licence ODbL Version Française (http://vvlibri.org/fr/licence/odbl-10/legalcode/unofficial),1,ODbL,named_licence
"Licence ODbL Version Française (https://doc.transport.data.gouv.fr/le-point-d-acces-national/cadre-juridique/conditions-dutilisation-des-donnees/licence-odbl), ODbL-1.0",1,ODbL,named_licence
"Licence Ouverte (Etalab) (https://www.etalab.gouv.fr/wp-content/uploads/2014/05/Licence_Ouverte.pdf), Licence Ouverte (https://www.etalab.gouv.fr/licence-ouverte-open-licence/), Licence Ouverte 2.0 (E",1,Etalab,named_licence
"Licence Ouverte (Etalab) (https://www.etalab.gouv.fr/wp-content/uploads/2014/05/Licence_Ouverte.pdf), Licence Ouverte (https://www.etalab.gouv.fr/licence-ouverte-open-licence/), Licence Ouverte v2.0 (",1,Etalab,named_licence
"Licence Ouverte (https://www.etalab.gouv.fr/licence-ouverte-open-licence/), Licence Ouverte v2.0 (Etalab)",1,Etalab,named_licence
Licence Ouverte / Open Licence (Etalab; version not shown on the page read),1,Etalab,named_licence
Licence Ouverte / Open Licence 2.0 (RSS feeds on data.gouv.fr),1,Etalab,named_licence
Licence Ouverte / Open Licence version 2.0 (Etalab),1,Etalab,named_licence
Licence Ouverte 2.0 (Etalab),1,Etalab,named_licence
Licence Ouverte 2.0 (Etalab) for the data sets read,1,Etalab,named_licence
Licence Ouverte 2.0 (schema); licences vary by publisher,1,Etalab,named_licence
"Licence Ouverte v2.0 with DGFiP conditions of use (no re-identification of persons, no indexing by external search engines)",1,Etalab,named_licence
Licence agreement HBEFA 5.x (internal-use and commercial licences),1,,no_standard_licence
Licence and usage agreement; third parties license the heat demand atlas from Geomer GmbH,1,,no_standard_licence
Licence field blank on the dataset pages read,1,,no_standard_licence
Licence nationale de données publiques ouvertes (Tunisia),1,,no_standard_licence
Licence ouverte (https://www.etalab.gouv.fr/wp-content/uploads/2014/05/Licence_Ouverte.pdf),1,Etalab,named_licence
Licence required from Argonne National Laboratory; terms supplied through the request process,1,,no_standard_licence
Licence to use Copernicus Products,1,,no_standard_licence
Licencia de Datos Abiertos de Uruguay,1,,no_standard_licence
Licencia de Datos Abiertos de Uruguay (dag-uy),1,,no_standard_licence
Licencia de Datos Abiertos de Uruguay (odc-uy),1,,no_standard_licence
Licencia de Datos Abiertos del Uruguay,1,,no_standard_licence
Licencia de Datos Abiertos del Uruguay (dag-uy),1,,no_standard_licence
Licencia de datos abiertos del Ministerio de Transportes y Movilidad Sostenible,1,,no_standard_licence
Limited non-commercial licence with required citation,1,,no_standard_licence
Links in the waterway network represent actual shipping lanes or serve as representative paths in open water where no defined shipping lanes exist.,1,,no_standard_licence
LoCaT Project copyright; free to read,1,,no_standard_licence
MCA copyright (terms of use: all material is owned by MCA),1,,no_standard_licence
MCF website terms (no licence named on the page),1,,no_standard_licence
"METI terms of use (copyright METI; non-commercial use, no redistribution)",1,,no_standard_licence
MIC Web-API terms of use (not read),1,,no_standard_licence
MIMU Terms and Conditions of Use; no commercial or advertising use,1,,no_standard_licence
MIMU products may be used free of charge with attribution (site footer),1,,no_standard_licence
MIMU terms (free with attribution; no online platform use without prior written agreement),1,,no_standard_licence
MIMU terms (not an open licence): use on online platforms needs prior written agreement from MIMU,1,,no_standard_licence
MIT (API code),1,MIT,named_licence
MIT (Crop2ML); CeCILL-C (PyCrop2ML),1,CeCILL|MIT,named_licence
MIT (ERES capacity code); third-party notices apply to bundled SWITCH components,1,MIT,named_licence
MIT (GitHub licence metadata and root LICENSE); original competition input rights were not separately checked.,1,MIT,named_licence
MIT (GitHub repository),1,MIT,named_licence
MIT (GitHub repository); Other Open (Zenodo archive metadata),1,MIT,named_licence
MIT (LICENSE file; the README badge says GPL v3),1,GPL|MIT,named_licence
MIT (PyPI package metadata),1,MIT,named_licence
MIT (README badge); the Zenodo deposit of v3.0.0 lists CC-BY-4.0,1,CC-BY|MIT,named_licence
MIT (Runtime v4); GPL-3.0 (Runtime v3),1,GPL|MIT,named_licence
MIT (VC Map Core); commercial product licences for the full suite,1,MIT,named_licence
MIT (Zenodo V1.0); CC0-1.0 (current GitHub),1,CC0|MIT,named_licence
MIT (Zenodo archived release); GPL-3.0 (current GitHub model repository),1,GPL|MIT,named_licence
MIT (as stated on Kaggle),1,MIT,named_licence
MIT (benchmark file); upstream Edge-IIoTset free for academic use,1,MIT,named_licence
MIT (code and derived data),1,MIT,named_licence
"MIT (code and software documentation); CC-BY-4.0 (rainfall realisations, diagnostics and configuration)",1,CC-BY|MIT,named_licence
MIT (code and traces); paper CC BY 4.0,1,CC-BY|MIT,named_licence
MIT (code); CC BY 4.0 (data and figures),1,CC-BY|MIT,named_licence
MIT (code); CC-BY (assets),1,CC-BY|MIT,named_licence
MIT (code); CC-BY-4.0 (data and figures); third-party inputs retain their own terms,1,CC-BY|MIT,named_licence
MIT (code); CC-BY-4.0 (data and outputs),1,CC-BY|MIT,named_licence
MIT (code); CC-BY-4.0 (global dataset),1,CC-BY|MIT,named_licence
MIT (code); CC-BY-4.0 (other files),1,CC-BY|MIT,named_licence
MIT (code); CC-BY-4.0 (powerplants.csv),1,CC-BY|MIT,named_licence
MIT (code); Dryad data are CC0,1,CC0|MIT,named_licence
MIT (code); README and documentation CC-BY-4.0,1,CC-BY|MIT,named_licence
MIT (code); input data keep their own licences,1,MIT,named_licence
"MIT (code, as stated in GitHub README); Zenodo bundle CC-BY-4.0",1,CC-BY|MIT,named_licence
"MIT (code, per README); Zenodo metadata CC-BY-4.0",1,CC-BY|MIT,named_licence
MIT (deployment repository); components have their own terms,1,MIT,named_licence
MIT (linked GitHub repository; Zenodo metadata says other-open),1,MIT,named_licence
MIT (linked repository metadata; Zenodo says other-open),1,MIT,named_licence
MIT (linked repository; Zenodo uses Other Open),1,MIT,named_licence
"MIT (node, dashboard, desktop app and SDK); some libraries Apache-2.0 or PolyForm Noncommercial 1.0.0",1,Apache|MIT,named_licence
MIT (ontology files on GitHub),1,MIT,named_licence
MIT (package.json),1,MIT,named_licence
MIT (repository); Gurobi has separate terms,1,MIT,named_licence
MIT (repository); US Government work,1,MIT|US-Gov-PD,named_licence
MIT (repository); article CC-BY-4.0,1,CC-BY|MIT,named_licence
MIT (repository); contact CDC on attribution of team forecasts,1,MIT,named_licence
MIT (repository); source city licences apply,1,MIT,named_licence
MIT (repository); upstream data terms separate,1,MIT,named_licence
MIT (scripts); original datasets under their publishers' terms,1,MIT,named_licence
MIT (server code; input data retain separate terms),1,MIT,named_licence
MIT (source code since 2021); compiled executable under Deltares terms and conditions,1,MIT,named_licence
MIT (source code); CC-BY-4.0 (input data),1,CC-BY|MIT,named_licence
MIT (stack repository; component and upstream data terms should be checked),1,MIT,named_licence
MIT (stated in README; linked LICENSE file absent),1,MIT,named_licence
MIT (website code); datasets under the WRI data platforms terms of use,1,MIT,named_licence
MIT (with bundled BSD-licensed third-party code),1,BSD|MIT,named_licence
MIT License,1,MIT,named_licence
MIT License (https://opensource.org/license/mit),1,MIT,named_licence
"MIT License. Copyright (c) 2026 Omowumi Erukubami and Austin Farnum. Permission is hereby granted, free of charge, to an",1,MIT,named_licence
MIT OR Apache-2.0 (RAPS),1,Apache|MIT,named_licence
MIT according to the README badge; no LICENSE file found in the repository root,1,MIT,named_licence
MIT amended with required research reference to ETH Architecture and Building Systems,1,MIT,named_licence
MIT applies to software and documentation only; source-derived observations retain original publisher terms,1,MIT,named_licence
MIT as stated by repository metadata and README; original operator timetable rights not separately documented.,1,MIT,named_licence
MIT author code; DOE prototype and Climate.OneBuilding weather retain upstream terms,1,MIT,named_licence
MIT code and configuration; original WSN1 benchmark attribution is separately requested.,1,MIT,named_licence
MIT code; CC-BY-4.0 author data; third-party ODbL and Riyadh terms retained,1,CC-BY|ODbL|MIT,named_licence
MIT code; CC-BY-4.0 author-generated processed data; upstream EPW terms apply,1,CC-BY|MIT,named_licence
MIT code; CC-BY-4.0 data and prose (Zenodo description),1,CC-BY|MIT,named_licence
MIT code; CC-BY-4.0 data in linked repository; original third-party terms also apply,1,CC-BY|MIT,named_licence
MIT code; CC-BY-4.0 derived tables; upstream KEYMARK and WPZ rights separate,1,CC-BY|MIT,named_licence
MIT code; CC-BY-ND-4.0 logos,1,CC-BY-ND|MIT,named_licence
MIT code; CC0-1.0 companion Dryad data,1,CC0|MIT,named_licence
MIT code; NHS public-sector source data under OGL-3.0 and stated component rights.,1,OGL-UK|MIT,named_licence
MIT code; Renfe CC BY 4.0 and AEMET source terms separate.,1,CC-BY|MIT,named_licence
"MIT code; USGS, Nepal government, OSM, OCHA and other input layers retain their own rights.",1,MIT,named_licence
MIT declared for the repository; underlying Invert/EE-Lab model-output rights are not separately established.,1,MIT,named_licence
MIT for AWH Python code; CC-BY-4.0 for EnergyPlus models and outputs (Zenodo description),1,CC-BY|MIT,named_licence
MIT for code and software archive; processed NHS England data retain original-source terms.,1,MIT,named_licence
MIT for code in Zenodo and repository; repository labels included data CC-BY-4.0,1,CC-BY|MIT,named_licence
MIT for code; CC-BY-4.0 documentation; CC-BY-SA-4.0 OpenCellID input; ODbL OpenStreetMap boundaries,1,CC-BY-SA|CC-BY|ODbL|MIT,named_licence
"MIT for code; CC-BY-4.0 for configuration, inputs and results (Zenodo description)",1,CC-BY|MIT,named_licence
MIT for code; CC-BY-4.0 for data,1,CC-BY|MIT,named_licence
MIT for code; CC-BY-4.0 for data and documentation,1,CC-BY|MIT,named_licence
MIT for code; CC-BY-4.0 for processed data; source-specific input terms,1,CC-BY|MIT,named_licence
MIT for code; CC-BY-4.0 for stated EPA example data,1,CC-BY|MIT,named_licence
MIT for code; EAGLE-I raw outage redistribution may be restricted.,1,MIT,named_licence
MIT for code; Project PLATEAU and derived city bundles are CC BY 4.0 with attribution.,1,CC-BY|MIT,named_licence
MIT for directory repository; linked datasets retain their own terms.,1,MIT,named_licence
MIT for extractor code; Google and Microsoft building data terms separate.,1,MIT,named_licence
MIT for generator code; EnergyPlus and weather inputs retain separate terms.,1,MIT,named_licence
MIT for original code; third-party data retain provider terms documented in DATA_SOURCES.md,1,MIT,named_licence
MIT for pipeline code; Busitalia Veneto feeds are described as IODL 2.0 by the README.,1,MIT,named_licence
MIT for project code; BfEE PfA and sEEnergies input-data rights remain separate.,1,MIT,named_licence
MIT for project code; Gurobi has separate licensing,1,MIT,named_licence
MIT for project files; bundled components retain separate licences including BSD terms,1,BSD|MIT,named_licence
MIT for project software; Copernicus and other source imagery retain their own terms.,1,MIT,named_licence
MIT for project-authored software; external measured datasets retain their own rights.,1,MIT,named_licence
MIT for repository code and extracted database; original public construction documents retain their own terms.,1,MIT,named_licence
MIT for repository code and published results; external dependencies and input data have separate terms.,1,MIT,named_licence
"MIT for repository code; ADEME, RNB, BDNB, AQC and other source data retain their own terms.",1,MIT,named_licence
"MIT for repository code; OSM, Copernicus, ICNF and other input layers keep their source terms.",1,MIT,named_licence
MIT for repository code; OSM/Geofabrik road-data rights remain separate.,1,MIT,named_licence
"MIT for repository code; scraped commercial facility data, geocoded coordinates and third-party infrastructure layers retain separate unverified rights.",1,MIT,named_licence
MIT for repository code; the upstream CMS data terms are separate.,1,MIT,named_licence
MIT for repository dataset; original TeSiP/SIRF guideline rights not independently checked.,1,MIT,named_licence
MIT for repository notebook; underlying IEEE and rail assumptions are documented separately in the README.,1,MIT,named_licence
MIT for repository scripts and documentation; ArcGIS Pro runtime requires separate access.,1,MIT,named_licence
MIT for software; CC-BY-4.0 for experiment data (Zenodo description),1,CC-BY|MIT,named_licence
MIT for software; source road-map data rights are not documented in the README.,1,MIT,named_licence
MIT for the City of Chicago repository release.,1,MIT,named_licence
MIT for the ODT catalogue; feeds keep their operators' terms,1,MIT,named_licence
"MIT for the curated list repository; every linked data, model, tool and paper has its own terms.",1,MIT,named_licence
"MIT for the processing scripts, CC-BY for the website text; data packages keep the licences of their original sources",1,CC-BY|MIT,named_licence
MIT for the repository; Hong Kong geospatial inputs have separate terms.,1,MIT,named_licence
MIT for tool; input datasets have separate licences,1,MIT,named_licence
MIT in Figshare archive metadata; EPL-2.0 in current GitHub repository,1,EPL|MIT,named_licence
MIT in GitHub repository metadata; embedded City Energy Analyst software and third-party weather/database contents retain separately unverified terms.,1,MIT,named_licence
MIT in deposited LICENSE and README; CC-BY-4.0 in Zenodo metadata,1,CC-BY|MIT,named_licence
MIT in included LICENSE; Zenodo metadata state CC-BY-4.0,1,CC-BY|MIT,named_licence
MIT in linked GitHub repository; Zenodo metadata says Other Open,1,MIT,named_licence
MIT in linked repository LICENSE; Zenodo labels release Other Open,1,MIT,named_licence
MIT in linked repository; Other Open in Zenodo metadata,1,MIT,named_licence
MIT in linked source repository; Zenodo release says Other Open,1,MIT,named_licence
MIT only in General/LICENSE for sample code; rights to country scripts and source registries are not expressly established.,1,MIT,named_licence
MIT project repository; separate image rights not explicitly stated.,1,MIT,named_licence
MIT repository licence; rights of any original benchmark inputs were not separately documented.,1,MIT,named_licence
MIT repository; OpenStreetMap-derived data subject to ODbL,1,ODbL|MIT,named_licence
MIT source; CC-BY-4.0 wind-correction data,1,CC-BY|MIT,named_licence
MIT stated in README; GitHub licence metadata is empty and no LICENSE file appears in the tree.,1,MIT,named_licence
MIT stated in README; upstream data terms separate,1,MIT,named_licence
MIT with EPA disclaimer,1,MIT,named_licence
MIT with an added attribution clause (LicenseRef-AequilibraE),1,MIT,named_licence
MIT-0,1,MIT,named_licence
MIT; MPL-2.0,1,MPL|MIT,named_licence
"MIT; README also mentions Revised BSD, unresolved wording conflict",1,BSD|MIT,named_licence
MIT; changelog records relicensing in 2015,1,MIT,named_licence
"MITRE ATT&CK terms of use (royalty-free for research, development and commercial use with copyright notice)",1,,no_standard_licence
MITRE software licence for US domestic use,1,,no_standard_licence
MLIT site policy,1,,no_standard_licence
MLIT website terms of use (not read on this page),1,,no_standard_licence
MOENV website open data declaration (linked from the page; its text sat behind a bot check and was not read),1,,no_standard_licence
MPL-2.0 (GPL-3.0 for versions before 9.0),1,GPL|MPL,named_licence
MPL-2.0 (pyincore),1,MPL,named_licence
MPL-2.0 (pyincore); no LICENSE file in the incore-docs repository holding the testbed notebooks,1,MPL,named_licence
MPL-2.0 code; CC-BY-4.0 documentation,1,CC-BY|MPL,named_licence
"MRC data use licence by account type: none for the public, a licence for research users, a commercial data use licence for commercial users",1,,no_standard_licence
MVR terms of use (no open licence named),1,,no_standard_licence
Maa- ja Ruumiamet open data licence (attribution),1,,no_standard_licence
Maa- ja Ruumiamet open data terms (attribution),1,,no_standard_licence
MathWorks commercial licence,1,,no_standard_licence
Meridian Project data policy (page not read),1,,no_standard_licence
Met Office terms of use (data not quality checked),1,,no_standard_licence
MeteoSwiss Open Data terms (free use with source citation 'Source: MeteoSwiss'),1,,no_standard_licence
Miami-Dade County open data terms (custom),1,,no_standard_licence
Microsoft copyright; free to read,1,,no_standard_licence
Ministerio de Sanidad terms (reuse of public sector information),1,,no_standard_licence
Ministry of the Environment website terms (no licence named on the pages read); also published on e-Stat,1,,no_standard_licence
Mixed (source TSO terms; CC-BY-4.0 for Fingrid data; MIT for scripts),1,CC-BY|MIT,named_licence
"Mixed open licences per source dataset (CC BY, CC BY-SA, CC0, ODbL)",1,CC-BY-SA|CC0|CC-BY|ODbL,named_licence
"Mixed per dataset (CC BY, CC BY-IGO or HDX Other)",1,CC-BY,named_licence
"Mixed per dataset (CC BY, CC0 or HDX Other)",1,CC0|CC-BY,named_licence
Mixed: GEM default CC-BY-4.0; Plumes tab CC-BY-NC-SA-4.0 and Carbon Mapper terms,1,CC-BY-NC-SA|CC-BY,named_licence
Mixed: source datasets keep their own licences (for example a modified CC BY-SA 4.0 for Carbon Mapper plumes),1,CC-BY-SA,named_licence
Model code not published; scenario data downloadable (licence not stated on the pages read),1,,no_standard_licence
Model not published; reports and tables free to download (licence not stated),1,,no_standard_licence
Modelica License 1.1,1,,no_standard_licence
Modellicentie voor gratis hergebruik (Flemish free reuse licence) or CC BY-SA 4.0 for texts,1,CC-BY-SA,named_licence
"Modified BSD licence, as stated in the repository",1,BSD,named_licence
Modified BSD with advertising acknowledgement and attribution clauses in v1.0 LICENSE.txt; CC-BY-4.0 companion input/output archive,1,CC-BY|BSD,named_licence
Modified BSD-3-Clause (repository licence),1,BSD,named_licence
Modified BSD-style licence with enhancements grant and U.S. DOE government clauses,1,BSD,named_licence
NAO copyright (reproduction for non-commercial use under the NAO copyright statement; commercial use needs permission),1,,no_standard_licence
NASA EOSDIS open data use and citation guidance; no SPDX licence stated,1,,no_standard_licence
NASA full and open data policy (acknowledgement requested),1,,no_standard_licence
NASA open science data policy (open data),1,,no_standard_licence
NASA public content,1,,no_standard_licence
NASA public data (no restriction stated; acknowledgement of SPDF and data providers requested),1,,no_standard_licence
NASA public data (open; acknowledgement requested),1,,no_standard_licence
"NATO STO publication (distribution statement on back cover, not read)",1,,no_standard_licence
NCSA,1,,no_standard_licence
NEA Open Data Licence (linked from the page),1,,no_standard_licence
NEA copyright (contents owned by or licensed to NEA),1,,no_standard_licence
NEEP terms of use (not an open licence),1,,no_standard_licence
NEMSIS terms of use for the public-release research dataset,1,,no_standard_licence
"NERC publication, free to read",1,,no_standard_licence
NFZ terms (no licence named on the page),1,,no_standard_licence
NGFS Scenario Explorer licence (research and commercial use; substantial redistribution restricted),1,,no_standard_licence
"NGMN copyright, all rights reserved; public document provided as is",1,,no_standard_licence
NHS England terms (the ODS service pages on digital.nhs.uk were blocked from this environment and not read),1,,no_standard_licence
"NIC.br; free to view, no licence stated",1,,no_standard_licence
NICT website terms,1,,no_standard_licence
"NIST data licence (https://www.nist.gov/open/license, cited in the repository record)",1,,no_standard_licence
NIST open licence,1,,no_standard_licence
NIST open licence (public domain in the US),1,US-Gov-PD,named_licence
NIST public-service software notice; third-party components retain their licences,1,,no_standard_licence
NIST publication (US Government work); other documents all rights reserved,1,US-Gov-PD,named_licence
"NIST publication, U.S. federal government work (public domain inferred); Cal OES report has no licence stated",1,US-Gov-PD,named_licence
"NIST software disclaimer (public-domain-style use, copy and modification with notice kept)",1,,no_standard_licence
NIST software licence (see repository),1,,no_standard_licence
"NIST software, public domain in the US (as-is)",1,US-Gov-PD,named_licence
"NJDEP Data Distribution Agreement (as-is, no warranty, user responsible for accuracy limits)",1,,no_standard_licence
NLOD,1,NLOD,named_licence
NLOD (Norwegian Licence for Open Government Data),1,NLOD,named_licence
"NLOD (Norwegian Licence for Open Government Data), compatible with CC BY 3.0 Norway",1,CC-BY|NLOD,named_licence
"NLOD (Norwegian Licence for Open Government Data), with Riksantikvaren conditions on resale and redistribution",1,NLOD,named_licence
NLOD (open component),1,NLOD,named_licence
NOAA open data (no restrictions),1,,no_standard_licence
NORA open access deposit,1,,no_standard_licence
NParks terms of use (not stated on the home page),1,,no_standard_licence
"NRFA click-through licence: non-exclusive, royalty-free, commercial and non-commercial use with acknowledgement ('Data from the UK National River Flow Archive'); no redistribution for download without agreement",1,,no_standard_licence
NS API terms (per product),1,,no_standard_licence
"NSI licence for use of statistical information (free reuse, including commercial)",1,,no_standard_licence
NSTA Open User Licence,1,,no_standard_licence
NSW Government terms (per dataset in the Spatial Collaboration Portal),1,,no_standard_licence
"NTPF website re-use terms: free use in any format with source and copyright acknowledgement, accurate reproduction, no misleading use, and no use primarily for product advertising.",1,,no_standard_licence
NTRS marks the report as public use permitted (US government work),1,US-Gov-PD,named_licence
NVD terms of use (US government data; not checked in detail),1,US-Gov-PD,named_licence
NVIDIA Software License Agreement (proprietary),1,,no_standard_licence
NYC Open Data terms of use (no licence field set),1,,no_standard_licence
NYC Open Data terms of use (no licence named in the metadata),1,,no_standard_licence
NYC Open Data terms of use (no licence named on the dataset),1,,no_standard_licence
NYC Open Data terms of use (no licence named),1,,no_standard_licence
NYCBS Data Use Policy,1,,no_standard_licence
NYS DEC terms: credit DEC in derived products; secondary distribution not allowed; documentation is integral to the data,1,,no_standard_licence
National Academies Press copyright; PDF free to download,1,,no_standard_licence
National Laboratory of the Rockies data licence,1,,no_standard_licence
National Land Numerical Information terms; this layer is marked non-commercial (非商用),1,,no_standard_licence
National Rail data feed terms,1,,no_standard_licence
Nationwide dataset under AdV fee directive and terms; most state datasets are open data / high value data,1,,no_standard_licence
Natural Hazards Portal Terms of Use; third-party data keep their own licences (some non-commercial only),1,,no_standard_licence
NetMob 2026 Data Challenge terms and conditions with a non-disclosure agreement,1,,no_standard_licence
Network Rail terms and conditions; BPLAN under OGL,1,OGL-UK,named_licence
"News and company pages, all rights reserved; EASA bulletin free",1,,no_standard_licence
No blanket data licence; original per-row source terms apply. Map code MIT.,1,MIT,named_licence
No copyright asserted in PxWeb table metadata,1,,no_standard_licence
No licence (Alberta open government portal),1,,no_standard_licence
No licence file found,1,,no_standard_licence
No licence file found in the repository root (check terms before reuse),1,,no_standard_licence
No licence file in the repository (LICENSE not found),1,,no_standard_licence
No licence file in the repository (paper CC BY 4.0),1,,no_standard_licence
No licence file in the repository (terms unclear),1,,no_standard_licence
No licence stated (California state publication),1,,no_standard_licence
No licence stated (Oregon state public record),1,,no_standard_licence
No licence stated (copyright Combustion Science & Engineering),1,,no_standard_licence
No licence stated (public assessment web page),1,,no_standard_licence
No licence stated; NIFC disclaimer of liability (US federal interagency data),1,,no_standard_licence
No licence stated; users are asked to cite the named papers,1,,no_standard_licence
No licence stated; users are asked to email the dataset author on download,1,,no_standard_licence
No open licence stated in the document (City of New York publication),1,,no_standard_licence
No restriction on use (as stated for the API on the public data portal),1,,no_standard_licence
No restrictions on distribution (report documentation page),1,,no_standard_licence
No se especificó la licencia,1,,no_standard_licence
No use limitations and no access conditions (Nationaal Georegister metadata); IHW data policy applies,1,,no_standard_licence
Non-Commercial Government Licence for public sector information,1,,no_standard_licence
Non-Commercial Government Licence v2.0,1,,no_standard_licence
"Non-Free Software, as stated by the JRC model inventory",1,,no_standard_licence
Non-commercial research dataset; repository code has Apache-2.0 licence,1,Apache,named_licence
Non-commercial use (非商用) under the National Land Numerical Information terms,1,,no_standard_licence
Non-commercial volunteer project; free login,1,,no_standard_licence
Noncommercial research only for dataset; MIT parent repository does not override folder terms,1,MIT,named_licence
"Noncommercial research only, as stated by provider",1,,no_standard_licence
None. This dataset is approved for public distribution. Personally identifiable applicant contact information from the source Adopt-A-Highway database is removed during processing.,1,,no_standard_licence
Norfolk Southern copyright (no open licence stated),1,,no_standard_licence
Norge digitalt licence (limited access),1,,no_standard_licence
Norge digitalt licence; restricted to entitled parties,1,,no_standard_licence
Northern Powergrid Open Data Licence v1.0,1,,no_standard_licence
"Norwegian Licence for Open Government Data (NLOD), with third-party exceptions",1,NLOD,named_licence
Norwegian Licence for Open Government Data 1.0 (stated on the data.norge.no description),1,NLOD,named_licence
"Norwegian Licence for Open Government Data 1.0, as linked on the portal listing (http://inspire.ec.europa.eu/metadata-codelist/ConditionsApplyingToAccessAndUse/noConditionsApply), Creative Commons Attribution 3.0 Unported",1,CC-BY|NLOD,named_licence
Norwegian public sector information; free to read,1,,no_standard_licence
Not clearly stated,1,,no_standard_licence
Not open data (purchase terms); available to road authorities on request,1,,no_standard_licence
Not read (GPSS pages returned 403),1,,no_standard_licence
Not read (download pages unreachable here),1,,no_standard_licence
Not readable (download page needs JavaScript),1,,no_standard_licence
Not restricted; cite CMAP as the source,1,,no_standard_licence
Not stated (Antennekaart.nl has its own terms of use),1,,no_standard_licence
"Not stated (CEC public report, free to download)",1,,no_standard_licence
Not stated (Cal OES provides the data as is and disclaims warranties),1,,no_standard_licence
Not stated (City of New York publication),1,,no_standard_licence
Not stated (City of New York website terms),1,,no_standard_licence
Not stated (ESRI copyright),1,,no_standard_licence
Not stated (FEPC invites use of the data book),1,,no_standard_licence
"Not stated (KFF copyright, free to read)",1,,no_standard_licence
Not stated (Kaggle lists the licence as unknown),1,,no_standard_licence
Not stated (NBER working paper),1,,no_standard_licence
Not stated (NCDEQ liability disclaimer),1,,no_standard_licence
Not stated (NIFC disclaimer on use and accuracy),1,,no_standard_licence
"Not stated (NRC Publications Archive, Government of Canada terms)",1,,no_standard_licence
Not stated (National Academies Press publication),1,,no_standard_licence
Not stated (SSRN preprint free to read),1,,no_standard_licence
Not stated (TRB online publication),1,,no_standard_licence
Not stated (Texas House of Representatives publication),1,,no_standard_licence
Not stated (US DOT University Transportation Centers publication),1,,no_standard_licence
Not stated (US federal website),1,,no_standard_licence
Not stated (US federal work),1,,no_standard_licence
Not stated (Washington State government report),1,,no_standard_licence
Not stated (academic use; all rights reserved notice on the site),1,,no_standard_licence
"Not stated (arXiv, free to read)",1,,no_standard_licence
Not stated (article in PubMed Central),1,,no_standard_licence
Not stated (copyright Space Environment Prediction Center),1,,no_standard_licence
Not stated (data on request),1,,no_standard_licence
Not stated (fees and access constraints left blank in the service metadata),1,,no_standard_licence
Not stated (free public archive),1,,no_standard_licence
Not stated (free to read on the journal website),1,,no_standard_licence
Not stated (free watermarked download; premium version offered),1,,no_standard_licence
"Not stated (government laboratory model, not released)",1,,no_standard_licence
Not stated (government news release),1,,no_standard_licence
Not stated (government publication),1,,no_standard_licence
Not stated (government technical note),1,,no_standard_licence
Not stated (links to agency documents),1,,no_standard_licence
Not stated (list); each feed has its own licence,1,,no_standard_licence
Not stated (model run by TU Wien EEG),1,,no_standard_licence
Not stated (no licence file found),1,,no_standard_licence
Not stated (no licence file in the repository),1,,no_standard_licence
Not stated (no licence file),1,,no_standard_licence
Not stated (no licence file); MTC disclaimer applies,1,,no_standard_licence
Not stated (open access journal),1,,no_standard_licence
Not stated (paper CC-BY-4.0),1,,no_standard_licence
Not stated (posted on a US government archive),1,,no_standard_licence
Not stated (public EU FP7 deliverable),1,,no_standard_licence
Not stated (public operator information),1,,no_standard_licence
Not stated (public registry statistics),1,,no_standard_licence
Not stated (public reports),1,,no_standard_licence
Not stated (site copyright Pakistan Railways),1,,no_standard_licence
Not stated (site notice: all rights reserved),1,,no_standard_licence
Not stated (state agency report),1,,no_standard_licence
Not stated (vendor web page),1,,no_standard_licence
Not stated as an SPDX licence on the pages read (Python client copyright R.S. Weigel),1,,no_standard_licence
Not stated as an open licence (site footer: all rights reserved),1,,no_standard_licence
Not stated for the data (arXiv non-exclusive licence for the paper),1,,no_standard_licence
Not stated for the data (paper on arXiv under CC-BY-4.0),1,,no_standard_licence
Not stated in DataCite metadata (DesignSafe published data),1,,no_standard_licence
Not stated in the DataCite record,1,,no_standard_licence
Not stated in the README text (a licence badge links to a file that could not be read),1,,no_standard_licence
Not stated in the abstract (stated as openly released),1,,no_standard_licence
Not stated in the catalogue metadata read,1,,no_standard_licence
Not stated in the dataset metadata (Open Data NY terms of use apply),1,,no_standard_licence
Not stated in the layer metadata; copyright City of Charles Sturt,1,,no_standard_licence
Not stated in the metadata read (USGS data release),1,,no_standard_licence
Not stated in the pages read (California state agency publication),1,,no_standard_licence
Not stated in the paper,1,,no_standard_licence
Not stated in the part of the page read,1,,no_standard_licence
Not stated in the portal metadata read,1,,no_standard_licence
Not stated in the report; funded by US DOT and Caltrans grants,1,,no_standard_licence
Not stated in the reports read,1,,no_standard_licence
Not stated in the repository; the article is behind the SAGE text and data mining policy,1,,no_standard_licence
Not stated in the workbook's read-me,1,,no_standard_licence
Not stated on public pages (terms behind the portal login),1,,no_standard_licence
Not stated on the PQR page,1,,no_standard_licence
Not stated on the application page,1,,no_standard_licence
Not stated on the data page,1,,no_standard_licence
Not stated on the data page; cite the source papers,1,,no_standard_licence
Not stated on the dataset card (paper CC BY 4.0),1,,no_standard_licence
Not stated on the homepage,1,,no_standard_licence
Not stated on the overview page,1,,no_standard_licence
Not stated on the overview page read; data described as free for everyone,1,,no_standard_licence
Not stated on the page (NASA code; no public download offered),1,,no_standard_licence
Not stated on the page (U.S. government website),1,,no_standard_licence
Not stated on the page read (BIS website terms),1,,no_standard_licence
Not stated on the page read (Bank of England website terms),1,,no_standard_licence
Not stated on the page read (DOE PAGES public access record),1,,no_standard_licence
Not stated on the page read (EEB disclaimer on data accuracy),1,,no_standard_licence
Not stated on the page read (GeoJSON and API offered free),1,,no_standard_licence
Not stated on the page read (NYC government publication),1,,no_standard_licence
Not stated on the page read (RBA copyright and disclaimer apply),1,,no_standard_licence
Not stated on the page read (US Government programme),1,,no_standard_licence
Not stated on the page read (USGS-authored journal article),1,,no_standard_licence
Not stated on the page read (World Bank terms of use apply),1,,no_standard_licence
Not stated on the page read (data from the definitive source keep their own terms),1,,no_standard_licence
Not stated on the page read (described as open access),1,,no_standard_licence
Not stated on the page read (news article excerpt),1,,no_standard_licence
Not stated on the page read (site copyright CDRI),1,,no_standard_licence
Not stated on the page read (software developed openly),1,,no_standard_licence
Not stated on the page read; Landscape Architecture Foundation content,1,,no_standard_licence
Not stated on the page read; citation requested as EPPO (year) EPPO Global Database,1,,no_standard_licence
Not stated on the page read; files are unofficial research compilations,1,,no_standard_licence
Not stated on the page; data supplied by manufacturers,1,,no_standard_licence
Not stated on the pages read (ACEEE site terms),1,,no_standard_licence
Not stated on the pages read (EU agency publication),1,,no_standard_licence
Not stated on the pages read (EUROCONTROL guidelines for the general public),1,,no_standard_licence
"Not stated on the pages read (U.S. federal data, publicly downloadable)",1,,no_standard_licence
Not stated on the pages read (company website),1,,no_standard_licence
Not stated on the pages read (no public code release found),1,,no_standard_licence
Not stated on the pages read (open access article under CC-BY-4.0),1,,no_standard_licence
Not stated on the pages read (open access journal),1,,no_standard_licence
Not stated on the pages read (state research report),1,,no_standard_licence
Not stated on the pages read; cite Paulik et al. (2023),1,,no_standard_licence
Not stated on the pages read; some contributors restrict distribution,1,,no_standard_licence
Not stated on the portal record,1,,no_standard_licence
Not stated on the project page,1,,no_standard_licence
Not stated on the provider page (U.S. federal open data),1,,no_standard_licence
Not stated on the repository README or Hugging Face pages read,1,,no_standard_licence
Not stated site-wide; cite the providing institution (per the geoportal notice); datos.gob.cl mirrors CC-BY,1,,no_standard_licence
Not stated; access to the tool and base forecast is requested from Trafikverket,1,,no_standard_licence
"Not stated; built from public records, with a no-warranty disclaimer",1,,no_standard_licence
"Not stated; marked for official use only, published without personal information",1,,no_standard_licence
Not stated; no code release was found,1,,no_standard_licence
Not stated; paper after free registration,1,,no_standard_licence
Not stated; rights held by ORGI (catalogue entries); free download,1,,no_standard_licence
Not stated; the report opens with a Deloitte hold harmless agreement for third-party readers,1,,no_standard_licence
Not stated; the repository has no LICENSE file,1,,no_standard_licence
O-UDA-1.0 (Open Use of Data Agreement),1,,no_standard_licence
"OASIS IPR Policy, RF on RAND terms; copyright OASIS Open and HL7 2019",1,,no_standard_licence
OASIS IPR Policy; copyright OASIS,1,,no_standard_licence
ODBL 1.0,1,ODbL,named_licence
ODC-BY (as tagged in the list),1,ODC-By,named_licence
ODC-BY 1.0 (as recorded in the DesignSafe DataCite metadata),1,ODC-By,named_licence
ODC-By-1.0 (DesignSafe); CC-BY-4.0 (Zenodo),1,CC-BY|ODC-By,named_licence
ODC-By-1.0 (updated first round); CC-BY-NC-SA-4.0 (2025 deposit),1,CC-BY-NC-SA|ODC-By,named_licence
ODbL (as given on the registry page),1,ODbL,named_licence
ODbL (reproduced from ODbL-licensed sources),1,ODbL,named_licence
ODbL 1.0 (OpenStreetMap data),1,ODbL,named_licence
ODbL 1.0 for the redistributed collection as stated by repository attribution; underlying source-layer terms require separate check.,1,ODbL,named_licence
ODbL database; component contents retain source-specific licences,1,ODbL,named_licence
ODbL for most datasets,1,ODbL,named_licence
"ODbL-1.0 (GBA.ODbLPolygon); CC-BY-NC-4.0 (GBA.Polygon, GBA.LoD1, GBA.Height)",1,CC-BY-NC|ODbL,named_licence
ODbL-1.0 (OpenStreetMap contributors),1,ODbL,named_licence
ODbL-1.0 (OpenStreetMap data),1,ODbL,named_licence
ODbL-1.0 (OpenStreetMap data); CC-BY-4.0 (map design and analysis); BSD-3-Clause (code),1,CC-BY|ODbL|BSD,named_licence
ODbL-1.0 (OpenStreetMap extracts); CC-BY-4.0 (ENTSO-E extract); MIT (code),1,CC-BY|ODbL|MIT,named_licence
"ODbL-1.0 (Prague sources CC-BY-SA, Abruzzo CC-BY-NC)",1,CC-BY-NC|CC-BY-SA|ODbL,named_licence
ODbL-1.0 (as given in the list),1,ODbL,named_licence
"ODbL-1.0 (attributes, edit history, verification); DataCite lists CC-BY-SA-2.0",1,CC-BY-SA|ODbL,named_licence
ODbL-1.0 (data after 12 September 2012; earlier planet files CC BY-SA 2.0),1,CC-BY-SA|ODbL,named_licence
"ODbL-1.0 (data), MIT (code)",1,ODbL|MIT,named_licence
ODbL-1.0 (database content); CC-BY-4.0 (documentation); MIT (scripts),1,CC-BY|ODbL|MIT,named_licence
"ODbL-1.0 (database), DbCL-1.0 (contents)",1,ODbL,named_licence
ODbL-1.0 (database); DbCL-1.0 (contents),1,ODbL,named_licence
ODbL-1.0 (database); contents keep the licences of their sources,1,ODbL,named_licence
ODbL-1.0 (database); package code under a BSD-style licence,1,ODbL|BSD,named_licence
ODbL-1.0 (dataset distribution); Commission rights under CC BY 4.0 per the copyright notice,1,CC-BY|ODbL,named_licence
ODbL-1.0 database; DBCL-1.0 individual contents,1,ODbL,named_licence
ODbL-1.0 for most infrastructure sets; varies by dataset,1,ODbL,named_licence
ODbL-1.0 for most sets; CC-BY-4.0 for the mapathon sets; other terms per dataset,1,CC-BY|ODbL,named_licence
ODbL-1.0 for route data; API under the CycleStreets usage policy,1,ODbL,named_licence
"ODbL-1.0, as explicitly stated in the government catalogue metadata.",1,ODbL,named_licence
ODbL-1.0; DbCL-1.0 for upstream contents,1,ODbL,named_licence
"OECD copyright notice: content may be copied, downloaded or printed for own use and excerpts included in documents, presentations, blogs, websites and teaching materials with acknowledgement of the OECD as source; public or commercial use and translation need permission",1,,no_standard_licence
OECD terms and conditions (CC BY 4.0 for OECD data),1,CC-BY,named_licence
OECD terms and conditions (CC BY 4.0 for most data),1,CC-BY,named_licence
OECD terms and conditions (not read),1,,no_standard_licence
OGC document licence (free to download and implement),1,,no_standard_licence
"OGC standards, free to download",1,,no_standard_licence
"OGL (Isle of Man Government Open Government Licence, site-wide)",1,OGL-UK,named_licence
OGL-3.0 (Crown copyright),1,OGL-UK,named_licence
OGL-Ontario-1.0,1,OGL-Canada,named_licence
OGL-UK-3.0 (BODS site: all content under OGL v3.0 except where otherwise stated),1,OGL-UK,named_licence
OGL-UK-3.0 (GIAS site: all content under OGL v3.0 except where otherwise stated),1,OGL-UK,named_licence
OGL-UK-3.0 (ONS: all content under the Open Government Licence v3.0 unless otherwise stated),1,OGL-UK,named_licence
OGL-UK-3.0 (attribution statement requested),1,OGL-UK,named_licence
OGL-UK-3.0 (© Environment Agency copyright and/or database right 2025),1,OGL-UK,named_licence
OGL-UK-3.0 for Crown copyright material (Ofgem copyright page),1,OGL-UK,named_licence
OGL-UK-3.0 for most datasets (varies by dataset),1,OGL-UK,named_licence
OGL-UK-3.0 for non-address fields; address fields under Ordnance Survey and Royal Mail terms for permitted purposes,1,OGL-UK,named_licence
"OPC Foundation licences and terms portal; some resources are offered free with no obligations, others under member licences (terms not detailed on the page read)",1,,no_standard_licence
OPEN ACCESS (as tagged in the list),1,,no_standard_licence
OPEN DATA COMMONS OPEN DATABASE LICENSE (ODBL),1,ODbL,named_licence
OPENACCESS,1,,no_standard_licence
"OPW terms and conditions (worldwide, royalty-free, non-exclusive licence)",1,,no_standard_licence
ORFEUS EIDA Data Policy: free use; unaltered commercial reuse prohibited,1,,no_standard_licence
OS OpenData Plan terms (no licence text on the page read),1,,no_standard_licence
"OS OpenData, free to use for everyone",1,,no_standard_licence
OS licence (Public Sector Geospatial Agreement),1,,no_standard_licence
OS licence (free under the Public Sector Geospatial Agreement),1,,no_standard_licence
OS licence: free to PSGA members; otherwise premium product via OS partners,1,,no_standard_licence
OSMC Public License (OSMC-PL 1.8),1,,no_standard_licence
OTHER,1,,no_standard_licence
OTHER-CLOSED,1,,no_standard_licence
OTL (shown on the routes dataset),1,,no_standard_licence
Ofcom copyright; UK public sector information,1,,no_standard_licence
Ofcom copyright; free to read,1,,no_standard_licence
Ofcom terms of use,1,,no_standard_licence
Oman Government Open Licence (linked from the open data pages),1,,no_standard_licence
Open (as listed on the Spatial Hub),1,,no_standard_licence
"Open (usable without restriction, per the portal)",1,,no_standard_licence
Open Calgary Open Data Terms,1,,no_standard_licence
Open Data Commons Attribution License (ODC-By) in this repository; underlying Namma BMTC app rights are not separately verified.,1,ODC-By,named_licence
Open Data Commons Attribution License (stated on the portal page),1,ODC-By,named_licence
Open Data Commons Attribution in deposit metadata; source imagery described as CC-BY-NC-4.0,1,CC-BY-NC|ODC-By,named_licence
Open Data Commons Open Database License (ODbL) (http://dcat-ap.de/def/licenses/odbl),1,ODbL,named_licence
"Open Data Commons Open Database License (ODbL), as stated in the datos.gob.do dataset metadata; the sns.gob.do page states none",1,ODbL,named_licence
"Open Data Commons Open Database License v1.0, CC-BY-4.0",1,CC-BY|ODbL,named_licence
Open Data Commons Public Domain Dedication and Licence (PDDL),1,PDDL,named_licence
Open Data Commons Public Domain Dedication and License (PDDL 1.0),1,PDDL,named_licence
Open Data Policy (M 13-13) (https://digital.gov/open-data-policy-m-13-13/),1,,no_standard_licence
Open Data; no restrictions on use,1,,no_standard_licence
Open Database Licence and Database Contents Licence (registry labels; versions not stated).,1,ODbL,named_licence
Open Database License,1,ODbL,named_licence
Open Database License (as listed in the World Bank Data Catalog),1,ODbL,named_licence
"Open Government Data License, version 1.0 (政府資料開放授權條款-第1版)",1,,no_standard_licence
Open Government Licence (GOV.UK publications),1,OGL-UK,named_licence
Open Government Licence (Scottish Government official statistics),1,OGL-UK,named_licence
Open Government Licence - Toronto (open-government-licence-toronto),1,OGL-UK,named_licence
Open Government Licence Canada,1,OGL-Canada,named_licence
Open Government Licence for most open data; some data charged for preparation,1,,no_standard_licence
"Open Government Licence v2, Open Data Commons Open Database License (ODbL)",1,ODbL|OGL-UK,named_licence
"Open Government Licence v3, public domain (as labelled on the portal)",1,OGL-UK,named_licence
Open Government Licence v3.0 (GOV.UK content),1,OGL-UK,named_licence
"Open Government Licence v3.0 (GOV.UK content, unless stated)",1,OGL-UK,named_licence
Open Government Licence v3.0 (all 222 datasets),1,OGL-UK,named_licence
Open Government Licence v3.0 (separate conditions for the UPRN and INSPIRE ID look-up tables),1,OGL-UK,named_licence
Open Government Licence v3.0 except where otherwise stated (from the PDF front matter),1,OGL-UK,named_licence
Open Government Licence v3.0 with HM Land Registry and Ordnance Survey attribution statements,1,OGL-UK,named_licence
Open Government Licence – Newfoundland and Labrador,1,OGL-Canada,named_licence
Open Government Licence – Ontario – Metrolinx,1,OGL-Canada,named_licence
Open Government Licence; version unspecified; NERC acknowledgement,1,OGL-UK,named_licence
Open License v2.0,1,Etalab,named_licence
Open Source release stated by NASA; exact licence not established,1,,no_standard_licence
Open Supply Hub Terms of Service (no open data licence stated on the page read),1,,no_standard_licence
Open Transit Data Terms and Conditions,1,,no_standard_licence
Open access (WHO terms of use; attribution required),1,,no_standard_licence
"Open access (licence terms on the dataset page, not read)",1,,no_standard_licence
Open access (repository record),1,,no_standard_licence
Open access article (PLOS),1,,no_standard_licence
"Open access article (publisher statement: The Authors, Elsevier)",1,,no_standard_licence
Open access chapter (licence shown on the chapter page; not recorded),1,,no_standard_licence
Open access on ScienceDirect (licence as stated by the publisher),1,,no_standard_licence
Open access on the publisher site (licence not stated),1,,no_standard_licence
"Open access; each publication carries its own licence, and users accept the DDR Data Usage Agreement",1,,no_standard_licence
Open data (World Bank Microdata Library; licence details on each catalogue entry),1,,no_standard_licence
Open data (as stated),1,,no_standard_licence
Open data (licence name not stated on the pages read),1,,no_standard_licence
Open data (licence not read),1,,no_standard_licence
Open data (per feed),1,,no_standard_licence
Open data (policies page not read),1,,no_standard_licence
Open data (routes marked Open Data in the API documentation); module source code under MIT,1,MIT,named_licence
Open data (terms not detailed on the pages read); platform code MIT,1,MIT,named_licence
Open data version available; licence terms not stated on the page read,1,,no_standard_licence
Open data via the G-Spatial Information Center (terms not read on the day),1,,no_standard_licence
Open data where marked open; per-episode terms,1,,no_standard_licence
"Open data, no conditions on use (Geonorge metadata)",1,,no_standard_licence
Open dataset on Zenodo (licence shown on the record); gcamfaostat under BSD-2-Clause,1,BSD,named_licence
Open for non-commercial use per the repository; commercial use requires a licence agreement with GEM,1,,no_standard_licence
Open for use across the health sector without restrictions (as stated on the catalogue page),1,,no_standard_licence
Open government data published under the OPEN Government Data Act; no specific licence named on the pages read,1,,no_standard_licence
Open licence (Brazilian open data portal),1,,no_standard_licence
Open licence (Zenodo 'other-open'; see repository),1,,no_standard_licence
Open licence (https://www.etalab.gouv.fr/wp-content/uploads/2018/11/open-licence.pdf),1,Etalab,named_licence
"Open licence (other, as stated on Zenodo)",1,,no_standard_licence
Open source (licence linked from the user guide),1,,no_standard_licence
Open source (licence not confirmed); article CC-BY-NC-ND-4.0,1,CC-BY-NC-ND,named_licence
Open source (licence not named on the page read),1,,no_standard_licence
Open source (licence not stated on the CMCC page),1,,no_standard_licence
Open source (licence not stated on the page read),1,,no_standard_licence
Open source (licence not stated on the pages read),1,,no_standard_licence
Open source (licence stated in the repository),1,,no_standard_licence
Open source (stated for WE-UQ; licences per application),1,,no_standard_licence
Open specification,1,,no_standard_licence
Open standard (licence not stated on the page read),1,,no_standard_licence
Open standard (licence of the specification text not stated on the pages read),1,,no_standard_licence
"Open standard, freely licensed (as described by the FSB); XBRL International legal terms apply",1,,no_standard_licence
Open standard; ISO 16739-1:2024 text sold by ISO; buildingSMART documentation free online,1,,no_standard_licence
"Open use, must provide the source (opendata.swiss terms)",1,,no_standard_licence
Open-source initiative; anonymised data for registered users (terms on the platform),1,,no_standard_licence
Open-source licences per package on GitHub (not each checked),1,,no_standard_licence
Open-source module (licence not stated in the abstract); article published by Elsevier,1,,no_standard_licence
"Open-source modules (licence named in the repositories, not on the pages read)",1,,no_standard_licence
Open-source solver (per kaemco); CitySim Pro under kaemco terms,1,,no_standard_licence
OpenCelliD data under CC BY-SA 4.0 as stated in the dataset description; the portal's own licence field is empty,1,CC-BY-SA,named_licence
OpenGeodata.NRW open data (dataset licence not read),1,,no_standard_licence
OpenSky Network terms of use (non-profit research and education; commercial licence required),1,,no_standard_licence
Openly shared without restriction under the DOE Public Access Plan (HydroSource data use policy); citation requested,1,,no_standard_licence
Openly shared without restriction under the EOSDIS Data Use and Citation Guidance,1,,no_standard_licence
"Operator web page, all rights reserved",1,,no_standard_licence
Oppla terms of use (contributors retain ownership; no automated collection),1,,no_standard_licence
Ordnance Survey premium data licence; free sample data and a Data Exploration Licence are offered,1,,no_standard_licence
"Original analysis scripts and tabular diagnostics © Esam M. Aboudoumat, 2026. Third-party geospatial components retain their upstream rights and attribution terms; see the README and source manifests inside the archive. No blanket license is asserted for the combined package.",1,,no_standard_licence
"Other (Non-Commercial), as described by the depositor; IPCC permission required for other uses; previous CC BY label withdrawn",1,CC-BY,named_licence
Other (Open) for Zenodo archive; MIT in current GitHub repository,1,MIT,named_licence
"Other (Open), as stated by Zenodo; exact code licence is not identified in the linked GitHub repository",1,,no_standard_licence
Other (as listed on HDX),1,,no_standard_licence
"Other (attribution), per Zenodo",1,,no_standard_licence
Other Open (Zenodo classification; specific licence text not identified),1,,no_standard_licence
Other Open on Zenodo; CC0-1.0 in the current GitHub repository,1,CC0,named_licence
Other open licence (Zenodo metadata); specific software terms not identified,1,,no_standard_licence
Other(Open),1,,no_standard_licence
"Other, unspecified in dataset card; NVE source permits unchanged attributed reuse",1,,no_standard_licence
Otra (Abierta),1,,no_standard_licence
Otra (Open),1,,no_standard_licence
Otvorena dozvola (Croatian open licence),1,,no_standard_licence
Outra (Aberta),1,,no_standard_licence
PARETO custom BSD-style licence,1,BSD,named_licence
PCH copyright; free to read,1,,no_standard_licence
PDDL-1.0 (DataSF default),1,PDDL,named_licence
"PJM Data Miner 2 terms of use: internal business or commercial use permitted, including publishing and derivatives, under the PJM data licence agreement",1,,no_standard_licence
PKP PLK API terms of use,1,,no_standard_licence
PSF-2.0,1,,no_standard_licence
Paper CC BY-NC-ND 4.0; dataset terms not read,1,CC-BY-NC-ND,named_licence
Paper CC-BY-4.0; data set licence not read,1,CC-BY,named_licence
Paper CC-BY-4.0; model code not released,1,CC-BY,named_licence
Paper CC-BY-4.0; platform access by credentials,1,CC-BY,named_licence
Paper CC-BY-NC-ND-4.0; software licence not stated in the abstract read,1,CC-BY-NC-ND,named_licence
Paper CC-BY-NC-SA-4.0; SOLWEIG-GPU open source on GitHub,1,CC-BY-NC-SA,named_licence
Paper copyright Association for European Transport and contributors; model owned by Rijkswaterstaat,1,,no_standard_licence
Paper on arXiv; platform not released,1,,no_standard_licence
Paper on arXiv; software licence not stated,1,,no_standard_licence
Paper under arXiv non-exclusive licence; no code release stated,1,,no_standard_licence
Parliamentary copyright (Open Parliament Licence); news articles all rights reserved,1,,no_standard_licence
PeeringDB Acceptable Use Policy (free; no commercial use of the data),1,,no_standard_licence
Per data set (US federal open data for most; not read),1,,no_standard_licence
"Per dataset (CC BY, CC BY-IGO, CC BY-SA, ODbL, ODC-BY, PDDL, CC0 or other)",1,CC-BY-SA|CC0|CC-BY|PDDL|ODC-By|ODbL,named_licence
Per dataset (hub terms),1,,no_standard_licence
"Per dataset; mostly dl-de/zero-2-0, some dl-de/by-2-0 and CC BY",1,CC-BY|DL-DE,named_licence
Per dataset; those marked on the page are CC BY-NC 4.0 (non-commercial use only),1,CC-BY-NC,named_licence
"Per directory: IETF Trust (Note Well), EPL for OpenDaylight, IEEE and Broadband Forum terms, vendor terms",1,EPL,named_licence
Per national source as listed in the metadata (several marked TBD); Eurostat GISCO terms,1,,no_standard_licence
Per source (mostly attribution-only open licences); repository code BSD-style,1,BSD,named_licence
Permission page on the site (terms not stated on the page read),1,,no_standard_licence
Personal hobby use only; business or government use requires a licence from the author,1,,no_standard_licence
Pew Research Center terms of use,1,,no_standard_licence
Planet NICFI participant licence agreement,1,,no_standard_licence
Please refer to the U.S. Department of Transportation website for information on the National Address Database (NAD) Disclaimer .,1,,no_standard_licence
PolyForm-Noncommercial-1.0.0,1,,no_standard_licence
Port of Rotterdam website terms (no open licence stated),1,,no_standard_licence
Portal content free; the standards themselves are sold by national standards bodies,1,,no_standard_licence
Portal rules: free general access under the 2008 Polish act on environmental information; attribution of source and date required,1,,no_standard_licence
Portal terms (no open licence stated),1,,no_standard_licence
Portal-content licence not stated; associated HydroShare dataset CC-BY-4.0,1,CC-BY,named_licence
Postdata terms of use: free access to public data without restriction (no named licence),1,,no_standard_licence
PostgreSQL License (code); CC BY-SA 3.0 (documentation),1,CC-BY-SA,named_licence
Preprint CC-BY (article licence not read),1,CC-BY,named_licence
Preprint CC-BY-NC-4.0; journal article CC-BY-4.0,1,CC-BY-NC|CC-BY,named_licence
"Press articles, all rights reserved",1,,no_standard_licence
Private,1,,no_standard_licence
ProcessModel End-user licence agreement (commercial),1,,no_standard_licence
Project publications and web tool (terms on the EPISCOPE site),1,,no_standard_licence
Project-page reuse licence not stated; linked calibration data CC0-1.0,1,CC0,named_licence
Proprietary (AASHTOWare),1,,no_standard_licence
Proprietary (Drewry terms),1,,no_standard_licence
Proprietary (Esri ArcGIS Pro based); demonstrations for transportation agencies on request,1,,no_standard_licence
Proprietary (Esri licence),1,,no_standard_licence
Proprietary (FieldView terms of service),1,,no_standard_licence
Proprietary (Freightos terms),1,,no_standard_licence
Proprietary (ICOLD); terms not published on the register page,1,,no_standard_licence
Proprietary (Ookla); paid licence for historical data and API,1,,no_standard_licence
Proprietary (Uptime Institute),1,,no_standard_licence
Proprietary (annual subscription),1,,no_standard_licence
Proprietary (commercial API; data licensing terms on the provider site),1,,no_standard_licence
Proprietary (commercial licence; academic licence programme),1,,no_standard_licence
Proprietary (commercial software; free account tier offered),1,,no_standard_licence
Proprietary (commercial subscription),1,,no_standard_licence
"Proprietary (commercial, 30-day trial licence)",1,,no_standard_licence
Proprietary (owned by Rijkswaterstaat),1,,no_standard_licence
Proprietary (pricing and licensing via McTrans),1,,no_standard_licence
Proprietary (term licence; read-only evaluation version free),1,,no_standard_licence
Proprietary Autodesk Revit subscription licence; a named-user Autodesk account is required for use.,1,,no_standard_licence
Proprietary FAA licence (paid seats),1,,no_standard_licence
Proprietary agency licence (unlimited workstations within the licensing agency; SaaS available),1,,no_standard_licence
Proprietary commercial data (Descartes terms of use),1,,no_standard_licence
Proprietary commercial data (terms not stated on the page read),1,,no_standard_licence
Proprietary commercial data licence,1,,no_standard_licence
Proprietary commercial data service,1,,no_standard_licence
Proprietary commercial licence (free student versions offered),1,,no_standard_licence
Proprietary commercial licences,1,,no_standard_licence
Proprietary commercial licences (bundles on the 3DEXPERIENCE platform),1,,no_standard_licence
Proprietary commercial licences in several versions; free trial version,1,,no_standard_licence
Proprietary commercial licences through the Deswik client portal,1,,no_standard_licence
Proprietary commercial platform,1,,no_standard_licence
Proprietary commercial product; exact terms on request,1,,no_standard_licence
Proprietary commercial software and data,1,,no_standard_licence
Proprietary commercial software with role-based licensing,1,,no_standard_licence
Proprietary commercial terms,1,,no_standard_licence
Proprietary database (reports free to read),1,,no_standard_licence
"Proprietary freeware (USACE distribution policy; use not restricted, no charge)",1,,no_standard_licence
Proprietary membership terms (WAGRI terms of use),1,,no_standard_licence
Proprietary publication (purchase),1,,no_standard_licence
Proprietary service; customers own their readings,1,,no_standard_licence
Proprietary subscription service,1,,no_standard_licence
Proprietary subscription software,1,,no_standard_licence
"Proprietary, subscription licence",1,,no_standard_licence
"Proprietary, subscription terms of S&P Global",1,,no_standard_licence
"Proprietary, subscription-based commercial licences",1,,no_standard_licence
"Proprietary, subscription-based role bundles",1,,no_standard_licence
Proprietary: 12-month named or shared subscription licences; enterprise licences on contact,1,,no_standard_licence
Proprietary: ICA Data Hub disclaimer (non-commercial use with attribution to the ICA; commercial exploitation not permitted; all rights reserved),1,,no_standard_licence
"Proprietary: direct purchase, subscription and academic licences",1,,no_standard_licence
Proprietary: free Mine Design module after sign-up; paid subscription modules,1,,no_standard_licence
Proprietary: member data under the IFA Data License Agreement; items marked for public distribution are open to all,1,,no_standard_licence
"Proprietary: subscription licences, education licences and free trials",1,,no_standard_licence
Proprietary: subscription licensing,1,,no_standard_licence
"Proprietary; free read-only view of selected codes, Premium subscription for full features",1,,no_standard_licence
"Proprietary; free to browse, paid exports",1,,no_standard_licence
Proprietary; licensed by purchase,1,,no_standard_licence
Proprietary; results only for participating companies,1,,no_standard_licence
Proprietary; terms by agreement with RTI,1,,no_standard_licence
Provided as-is for research use (hub terms),1,,no_standard_licence
Provider licence; academic licences free; commercial offers on request,1,,no_standard_licence
Provider permits duplication and redistribution with source acknowledgement,1,,no_standard_licence
"Provider reuse conditions: acknowledge model and EU source, label user results and modifications, avoid implying endorsement; see provider page",1,,no_standard_licence
Provider terms permit non-commercial use subject to material-specific restrictions,1,,no_standard_licence
Provider terms; commercial service access and component source-code licences must be distinguished.,1,,no_standard_licence
Provider-distributed product; full licence terms not inspected,1,,no_standard_licence
Public,1,,no_standard_licence
Public . Please do not redistribute this dataset. Refer requestors back to Caltrans.,1,,no_standard_licence
Public Data License 1.0 (Japan) for editions from 2020; free commercial use with attribution for earlier editions,1,,no_standard_licence
"Public Data License 1.0 (Japan), compatible with CC-BY-4.0",1,CC-BY,named_licence
Public Data License version 1.0 (PDL1.0),1,,no_standard_licence
"Public Data Portal terms: free of charge, use permission range stated as limitless",1,,no_standard_licence
Public Domain (US Government); WastewaterSCAN rows CC BY-NC 4.0,1,CC-BY-NC|US-Gov-PD,named_licence
Public Domain Dedication (as given on the wiki page),1,,no_standard_licence
Public Domain Mark 1.0,1,,no_standard_licence
Public Domain U.S. Government (City of Austin Open Data Terms of Use),1,US-Gov-PD,named_licence
Public Transportation Open Data Challenge Limited License and specific terms,1,,no_standard_licence
Public data (IBGE: all files on the server are public),1,,no_standard_licence
Public data (no licence stated),1,,no_standard_licence
Public document that may be shared (licence not stated),1,,no_standard_licence
Public document; may be shared,1,,no_standard_licence
Public domain (Caltrans website: information presented is in the public domain unless otherwise indicated),1,,no_standard_licence
Public domain (City of Austin open data terms),1,,no_standard_licence
Public domain (EIA: public domain and use of EIA content),1,US-Gov-PD,named_licence
"Public domain (EPA software, as the EPA page describes it)",1,US-Gov-PD,named_licence
"Public domain (Geomag 7.0 software, US Government work)",1,US-Gov-PD,named_licence
Public domain (HDX 'other-pd-nr'),1,,no_standard_licence
Public domain (HRSA data use notice),1,,no_standard_licence
"Public domain (NIST, 17 U.S.C. 105)",1,US-Gov-PD,named_licence
Public domain (NPS: website materials generally in the public domain unless indicated),1,,no_standard_licence
Public domain (NWS: information on NWS web pages is in the public domain unless noted otherwise),1,,no_standard_licence
Public domain (Natural Earth terms of use),1,,no_standard_licence
Public domain (U.S. Government public domain label in the DataCite rights),1,US-Gov-PD,named_licence
Public domain (U.S. federal government data),1,US-Gov-PD,named_licence
Public domain (US Government report; no restrictions),1,US-Gov-PD,named_licence
Public domain (US Government work; citation requested),1,US-Gov-PD,named_licence
Public domain (US federal regulation),1,US-Gov-PD,named_licence
Public domain (US government data),1,US-Gov-PD,named_licence
Public domain (US government work); linked reports keep their own terms,1,US-Gov-PD,named_licence
Public domain (US public domain mark),1,US-Gov-PD,named_licence
Public domain (USGS information product; may contain copyrighted material as noted in the text),1,US-Gov-PD,named_licence
Public domain (USGS information product; may contain noted copyrighted material),1,US-Gov-PD,named_licence
Public domain (USGS software),1,US-Gov-PD,named_licence
Public domain (USGS-authored data),1,US-Gov-PD,named_licence
"Public domain (USGS; some commercial uses may be restricted, as stated)",1,US-Gov-PD,named_licence
Public domain (United States government work; Kaggle source registry also identifies U.S. Government Works).,1,US-Gov-PD,named_licence
"Public domain (article free of all copyright, CC0 statement)",1,CC0,named_licence
Public domain (as given on the registry page),1,,no_standard_licence
Public domain (dados.gov.br licence label: Outra (Domínio Público)),1,,no_standard_licence
Public domain (free copy marked public domain by OpenAlex),1,,no_standard_licence
Public domain (provider README statement; source-layer terms not individually checked),1,,no_standard_licence
Public domain (stated in the feed's copyright element),1,,no_standard_licence
Public domain (stated in the feed's rights element),1,,no_standard_licence
Public domain (stated in the report),1,,no_standard_licence
Public domain (stated on the raw data page),1,,no_standard_licence
"Public domain / public use, varying by layer",1,,no_standard_licence
Public domain as labelled by Zenodo (other-pd),1,,no_standard_licence
Public domain dedication (provider user agreement),1,,no_standard_licence
Public domain for most resources (per GeoNode metadata); a few not specified,1,,no_standard_licence
Public domain in the US (NIST software disclaimer of copyright),1,US-Gov-PD,named_licence
Public domain with explicit worldwide dedication and unrestricted reuse terms,1,,no_standard_licence
Public information from NIST (US government work),1,US-Gov-PD,named_licence
Public information of the Dutch government,1,,no_standard_licence
Public level A data may be used without restriction,1,,no_standard_licence
Public municipal document,1,,no_standard_licence
Public programme information; free to read,1,,no_standard_licence
Public records under EPCRA (no licence; location information can be withheld from public disclosure),1,,no_standard_licence
Public regulatory documents (Arcep site terms),1,,no_standard_licence
Public release (stated in the document),1,,no_standard_licence
Public report,1,,no_standard_licence
"Public report, no distribution restrictions",1,,no_standard_licence
Public reports; HDX tables under CC BY,1,CC-BY,named_licence
Public search free to use; bulk directory data under a separate AHRI Directory licence,1,,no_standard_licence
Public testimony document,1,,no_standard_licence
Public use data sets (licence not stated on the page read),1,,no_standard_licence
"Public use files of the World Bank Microdata Library; the dataset must be cited with the survey title, reference number, source and download date; (c) 2018 The World Bank",1,,no_standard_licence
Public version: view-only non-commercial licence (Crown copyright); detailed data under data sharing agreements,1,,no_standard_licence
Public web page (Scottish Ambulance Service),1,,no_standard_licence
Public web page of a U.S. federal website (reuse terms not stated on the page),1,,no_standard_licence
Public – data could be made publicly available without restrictions.,1,,no_standard_licence
Public. Please do not redistribute this dataset. Refer requestors back to Caltrans.,1,,no_standard_licence
Publicly available LBNL software (licence page linked from the tools page),1,,no_standard_licence
Publisher copyright (ASCE; not open access),1,,no_standard_licence
"Publisher copyright (CRC Press, Taylor and Francis)",1,,no_standard_licence
Publisher copyright (SAGE; not open access),1,,no_standard_licence
Publisher copyright (abstract free),1,,no_standard_licence
Publisher copyright (book chapter),1,,no_standard_licence
Publisher copyright (closed access),1,,no_standard_licence
Publisher copyright (conference paper),1,,no_standard_licence
Publisher copyright (free-to-read abstract),1,,no_standard_licence
Publisher copyright for the paper; software licence not confirmed,1,,no_standard_licence
Publisher copyright; PMC copy available for text mining and fair use,1,,no_standard_licence
Publisher copyright; accepted manuscript on OSTI (terms not read),1,,no_standard_licence
Publisher copyright; author copy free for personal research in the Huddersfield repository,1,,no_standard_licence
Publisher copyright; free to read,1,,no_standard_licence
Publisher licence (free to read),1,,no_standard_licence
"Publisher open access terms (Springer, free to read)",1,,no_standard_licence
Publisher terms (Wiley),1,,no_standard_licence
"Publisher terms (free to read, Wiley)",1,,no_standard_licence
"RAJAR copyright; topline free, detail by subscription",1,,no_standard_licence
RAND copyright with permission to share (terms not read in full),1,,no_standard_licence
RAND copyright; free to download,1,,no_standard_licence
RAND permissions (limited print and electronic distribution; not read),1,,no_standard_licence
"RBA copyright; not to be reproduced, sold or distributed without consent",1,,no_standard_licence
"RBA copyright; not to be reproduced, sold or distributed without the Bank's consent",1,,no_standard_licence
RFNSA Terms and Conditions (updated 15 Jan 2025) govern use; reuse terms not read,1,,no_standard_licence
RINF terms of use (ERA),1,,no_standard_licence
RIPE Atlas terms and conditions; public measurement results openly available,1,,no_standard_licence
RIPE NCC Terms of Service (free use),1,,no_standard_licence
RTE Data Portal general terms and conditions of use,1,,no_standard_licence
"Radiance Software License, Version 2.0",1,,no_standard_licence
Rebuild by Design website content (all rights reserved),1,,no_standard_licence
Region of Waterloo Open Data Licence v1.0,1,,no_standard_licence
Register terms of use,1,,no_standard_licence
"Released as Traffic Light Protocol White, which may be distributed without restriction subject to copyright controls",1,,no_standard_licence
Released open source (repository licence not checked),1,,no_standard_licence
Repository: no licence file; frozen replication files CC-BY-4.0,1,CC-BY,named_licence
Reproduction authorised with source acknowledged (CEWEP copyright notice),1,,no_standard_licence
Research agreement required by NII/LIFULL; not an unrestricted open-data licence.,1,,no_standard_licence
Research use with citation (no formal licence stated),1,,no_standard_licence
"Research-only, strictly non-commercial custom licence",1,,no_standard_licence
Restricted government system under the E-Plan acceptable use policy,1,,no_standard_licence
Restricted to closed user group members,1,,no_standard_licence
Restricted; microdata are accessed on site at the INSEED national data centre after an approved request,1,,no_standard_licence
Restrictive (as given on the wiki page),1,,no_standard_licence
Restrictive Licence,1,,no_standard_licence
"Reuse of content allowed with attribution to LIWO, Watermanagementcentrum Nederland (copyright reserved by WMCN; no open licence named)",1,,no_standard_licence
Reuse of public sector information under the Polish Open Data Act 2021 with mandatory attribution to IMGW-PIB (and a note when data are processed),1,,no_standard_licence
Revised BSD / three-clause BSD with LBNL enhancements clause,1,BSD,named_licence
Revised BSD-3-Clause with additional contributed-enhancements paragraph,1,BSD,named_licence
Revised BSD-3-Clause with additional enhancement-grant paragraph,1,BSD,named_licence
RiverWare commercial licence,1,,no_standard_licence
Russian government open data (standard 3.0; no licence named in the passport),1,,no_standard_licence
Russian open data standard terms of use,1,,no_standard_licence
SAICE copyright; reproduction allowed with clear reference,1,,no_standard_licence
SBB open data licence (data.sbb.ch/page/licence),1,,no_standard_licence
SDG&E License (https://sdge.sdsc.edu/SDGE-LICENSE),1,,no_standard_licence
SEAI terms and conditions for the BER Research Tool,1,,no_standard_licence
SEDAC data terms (not read),1,,no_standard_licence
"SFDA open data (free use without technical, financial or legal restrictions, as stated on the page)",1,,no_standard_licence
SIA terms (commercial resale by contract); data.gouv.fr copy under Licence Ouverte 2.0,1,Etalab,named_licence
SIDC data policy and terms of use,1,,no_standard_licence
SP ENW Shared Licence,1,,no_standard_licence
SP ENW Shared Licence (https://electricitynorthwest.opendatasoft.com/explore/dataset/enwl-shared-data-licence/table/),1,,no_standard_licence
"SPENVIS terms and conditions (free of charge, registration)",1,,no_standard_licence
SPTrans terms of use,1,,no_standard_licence
SZPI website terms (no licence named on the page),1,,no_standard_licence
Sandia National Laboratory Terms of Use (https://gesdb.sandia.gov/terms-of-use.html),1,,no_standard_licence
"Scientific use only, for accredited users",1,,no_standard_licence
Scraper code MIT; no data licence stated (data come from the Länder sources listed),1,MIT,named_licence
Se conformer aux recommandations du producteur,1,,no_standard_licence
Secretaría de Economía terms (no licence named on the pages read),1,,no_standard_licence
See DesignSafe project page,1,,no_standard_licence
See Terms of Use (City of Chicago Data Portal),1,,no_standard_licence
See repository record,1,,no_standard_licence
See the portal's terms of use (no named licence),1,,no_standard_licence
Separate non-commercial research/education and commercial licence options; exact terms require provider confirmation,1,,no_standard_licence
Serbian open data licence (sodl),1,,no_standard_licence
SiReNT terms and conditions (no open licence stated),1,,no_standard_licence
Sikt access terms (not stated in DataCite),1,,no_standard_licence
"SimMobility Version Control License (MIT, non-commercial use)",1,MIT,named_licence
Singapore Open Data Licence (data.gov.sg),1,,no_standard_licence
Singapore Open Data Licence (data.gov.sg); IMDA website terms for the PDFs,1,,no_standard_licence
"Singapore Open Data Licence (worldwide, royalty-free, commercial and non-commercial use)",1,,no_standard_licence
Sirius licence (as named in the DataCite rights),1,,no_standard_licence
Site conditions of use for report data; platform software under mySociety licensing (copyright UK Citizens Online Democracy),1,,no_standard_licence
Sociedade Ponto Verde website terms (no licence named),1,,no_standard_licence
Sofar Ocean software subscription and data licence agreements,1,,no_standard_licence
Sofiaplan terms of use for materials,1,,no_standard_licence
Software Apache-2.0; data terms set by national custodians,1,Apache,named_licence
"Source-specific terms, including ODbL, CC BY and CC BY-SA; repository documentation CC-BY-4.0",1,CC-BY-SA|CC-BY|ODbL,named_licence
"Southern Regional Science Association copyright, 2024 (free PDF)",1,,no_standard_licence
Space-Track.org user agreement (free account; redistribution terms set in the agreement),1,,no_standard_licence
Spanish public sector information; reuse terms not stated for the viewer,1,,no_standard_licence
Spanish public sector reuse terms (not stated on the page read),1,,no_standard_licence
St Kitts and Nevis Department of Statistics Open Licence Agreement,1,,no_standard_licence
State agency report (no licence stated),1,,no_standard_licence
State of California conditions of use (no open licence named),1,,no_standard_licence
"State of California work, free to use (no licence stated)",1,,no_standard_licence
Statistics Canada Open Licence (tables); Data Liberation Initiative licence (microdata),1,,no_standard_licence
Strava Metro partnership terms,1,,no_standard_licence
Style: BSD-3-Clause with some Apache-2.0 parts; map data ODbL (OpenStreetMap); tiles under a fair-use policy,1,ODbL|Apache|BSD,named_licence
"SuperMAG rules of the road (fair use, no redistribution, acknowledgement and citation required)",1,,no_standard_licence
Supplementary data CC-BY-4.0; article open access on SciELO,1,CC-BY,named_licence
Swiss federal administration terms (no licence named on the page),1,,no_standard_licence
Swiss federal administration terms of use,1,,no_standard_licence
Swiss federal publication; free to read,1,,no_standard_licence
Syctom open data (no licence named on the page),1,,no_standard_licence
TDengine TSDB-OSS open source; commercial editions under paid licences (licence names not stated on the page read),1,,no_standard_licence
TGE website terms of use (rules for using quotation information),1,,no_standard_licence
"TIA copyright; standard sold, TIF guide free",1,,no_standard_licence
"TLP:CLEAR: may be distributed without restriction, reproduction authorised if the source is acknowledged",1,,no_standard_licence
TM Forum copyright; member licence,1,,no_standard_licence
"TNC terms of use: single copy for personal, non-commercial use",1,,no_standard_licence
TNO noncommercial data-use conditions,1,,no_standard_licence
TRA open data use licence,1,,no_standard_licence
TRCA website terms (all rights reserved),1,,no_standard_licence
Telraam terms of use (no open licence named),1,,no_standard_licence
Terms of use (non-commercial free); archive CC-BY-NC-ND-4.0; commercial licence paid,1,CC-BY-NC-ND,named_licence
Terms of use (利用約款) not read,1,,no_standard_licence
Terms of use of each district or city (the data are municipal property); no open licence stated,1,,no_standard_licence
"Terms shown on the Get Microdata page allow copying, distribution and adaptation for commercial and non-commercial use at no cost, with attribution",1,,no_standard_licence
TfL Transport Data Service licence,1,,no_standard_licence
TfL transport data terms and conditions,1,,no_standard_licence
The Green Grid copyright; free to read,1,,no_standard_licence
The data provided in this product represents the best available data from FEMA’s Mitigation Planning Portal (MPP) and does not contain Personally Identifiable Information (PII).,1,,no_standard_licence
This application is available to the public.,1,,no_standard_licence
"This framework has been implemented in some softwares (e.g. WinPQ), which is not open source, but directly downloadable.",1,,no_standard_licence
This material is licensed under Creative Commons Attribution 4.0 International licence (CC BY 4.0)&#x0D;&#x0D;Gladstone Area Water Board requests attribution in the following manner:&#x0D;&amp;copy Gladstone Area Water Board (GAWB) 2024,1,CC-BY,named_licence
This resource is shared under the Creative Commons Attribution-NoCommercial CC BY-NC.,1,CC-BY-NC|CC-BY,named_licence
This resource is shared under the Creative Commons Attribution-ShareAlike CC BY-SA.,1,CC-BY-SA,named_licence
"This work is licensed under the Creative Commons Attribution 4.0 International License (https://creativecommons.org/licenses/by/4.0). Users are free to use, copy, distribute, transmit, and adapt the work for commercial and non-commercial purposes, without restriction, as long as clear attribution of the source is provided.",1,CC-BY,named_licence
Tiered distribution; some datasets restricted,1,,no_standard_licence
Time-limited commercial licence; free non-commercial research and education licences,1,,no_standard_licence
Trafikverket API licence (accepted at registration),1,,no_standard_licence
"Transitional, do not use - Creative Commons Attribution 4.0",1,CC-BY,named_licence
Trimble terms of use; free,1,,no_standard_licence
Trust for Public Land terms (not read; tpl.org blocked automated access),1,,no_standard_licence
"Términos de Libre Uso de la Información del INEGI (free use, including commercial, with attribution)",1,,no_standard_licence
U-AInSPECT Project,1,,no_standard_licence
U.S. Census Bureau public data (terms not stated on the page read),1,,no_standard_licence
U.S. Government Purpose Release,1,,no_standard_licence
U.S. Government Works (catalog.data.gov licence: usa.gov/government-works),1,US-Gov-PD,named_licence
U.S. Government Works (public domain),1,US-Gov-PD,named_licence
U.S. Government data release (no licence stated on the item),1,US-Gov-PD,named_licence
U.S. Government public data (no licence stated on the service),1,,no_standard_licence
U.S. Government public data (no licence stated),1,,no_standard_licence
U.S. federal data (no restrictions stated; Forest Service disclaimer applies),1,US-Gov-PD,named_licence
U.S. federal data (no restrictions stated; NOAA disclaimer and citation requested),1,US-Gov-PD,named_licence
U.S. federal government publication (terms not stated on the page read),1,,no_standard_licence
U.S. federal government statistics (public domain),1,US-Gov-PD,named_licence
U.S. federal government work (no licence stated in the catalogue; public domain inferred),1,US-Gov-PD,named_licence
U.S. federal government work (no licence stated; public domain inferred for the public map data),1,US-Gov-PD,named_licence
U.S. federal government work (public-use files; public domain inferred),1,US-Gov-PD,named_licence
U.S. federal government work (the catalogue's licence field is empty; public domain inferred),1,US-Gov-PD,named_licence
"U.S. federal government work, free of charge (no licence stated; public domain inferred)",1,US-Gov-PD,named_licence
U.S. federal website content (linked resources keep their own terms),1,,no_standard_licence
U.S. government information,1,US-Gov-PD,named_licence
"U.S. government public domain for EIA data, with source acknowledgement requested; check any separately credited third-party material.",1,US-Gov-PD,named_licence
U.S. government report (no licence stated),1,,no_standard_licence
U.S. government statistical data (BLS); IPUMS terms of use for extracts,1,,no_standard_licence
U.S. government website (no licence stated),1,,no_standard_licence
UBOS copyright and disclaimer page; no open licence found,1,,no_standard_licence
"UC Regents licence: free for educational, research and non-profit non-commercial use; internal use by others",1,,no_standard_licence
"UC Regents terms: free for research, education and non-profit non-commercial use; internal use by others; commercial redistribution requires a separate licence",1,,no_standard_licence
UK Data Service End User Licence (microdata); published tables on gov.scot,1,,no_standard_licence
UK Data Service End User Licence (microdata); reports and live tables on GOV.UK,1,,no_standard_licence
UK Data Service Special Licence,1,,no_standard_licence
UK Data Service terms (no commercial use),1,,no_standard_licence
UK Open Government Licence,1,OGL-UK,named_licence
UK Open Government Licence (London Datastore default),1,OGL-UK,named_licence
UK Open Government Licence v3 (http://www.nationalarchives.gov.uk/doc/open-government-licence/version/3/),1,OGL-UK,named_licence
UK Power Networks Shared Data Licence - Common Information Model (https://ukpowernetworks.sharepoint.com/:b:/s/OpenDataPortalLibrary/IQBOc_U7vx1GQqIOIMlkBAzhAW7sqW9vVvcm1twzb7lIy_Y?e=BG45N3),1,,no_standard_licence
UKCEH click-through licence,1,,no_standard_licence
ULI website terms (not read),1,,no_standard_licence
UN Comtrade policy on use and re-dissemination,1,,no_standard_licence
UN publication terms,1,,no_standard_licence
UN terms of use,1,,no_standard_licence
"UN terms of use: personal, non-commercial use (no separate open licence found on the SDG portal)",1,,no_standard_licence
"UN terms of use: personal, non-commercial use (the WPP site gives no separate open licence)",1,,no_standard_licence
"UN terms of use: personal, non-commercial use only, no redistribution or derivative works without permission",1,,no_standard_licence
UNCTAD terms of use (no open licence stated),1,,no_standard_licence
UNICEF terms of use; free,1,,no_standard_licence
UNIDO terms of use (education and research only),1,,no_standard_licence
UNOOSA terms of use; texts as submitted by States,1,,no_standard_licence
"UNSD terms of use: data and metadata may be copied freely, duplicated and further distributed provided UNSD is cited as the source",1,,no_standard_licence
UNaLab website content (all rights reserved); deliverables as published,1,,no_standard_licence
UNdata terms of use (free reuse with citation),1,,no_standard_licence
UQ General Usage Terms and Conditions for data publishing in eSpace,1,,no_standard_licence
URA terms of use; not read,1,,no_standard_licence
US Government data (no licence terms stated),1,US-Gov-PD,named_licence
US Government distribution; individual model terms vary (not stated on the page read),1,,no_standard_licence
US Government funded data usable without additional permissions or fees (citation requested),1,,no_standard_licence
US Government funded report; free to use,1,,no_standard_licence
US Government product (no licence statement on the page read),1,,no_standard_licence
US Government public domain (NOAA),1,US-Gov-PD,named_licence
US Government public domain (Public Domain Mark 1.0),1,US-Gov-PD,named_licence
US Government public domain (model output); code not distributed by NOAA,1,US-Gov-PD,named_licence
US Government public information,1,US-Gov-PD,named_licence
"US Government public release, Distribution A (distribution unlimited); licence file in the package",1,,no_standard_licence
US Government public-use data (no licence stated),1,,no_standard_licence
US Government service; free,1,,no_standard_licence
US Government work (DOE laboratory data),1,US-Gov-PD,named_licence
US Government work (EPA ScienceHub licence for the 2019 extract),1,US-Gov-PD,named_licence
US Government work (ORNL release),1,US-Gov-PD,named_licence
US Government work (no licence stated),1,US-Gov-PD,named_licence
US Government work (public domain in the US),1,US-Gov-PD,named_licence
US Government work (public domain in the US) with NTIA software disclaimer,1,US-Gov-PD,named_licence
"US Government work (public domain, except copyrighted material noted in the text)",1,US-Gov-PD,named_licence
"US Government work, no copyright (17 U.S.C. 101); some layers CC BY 3.0 US",1,CC-BY|US-Gov-PD,named_licence
"US Government work, public domain (EIA copyright and reuse page)",1,US-Gov-PD,named_licence
"US Government work, public use (provided as is)",1,US-Gov-PD,named_licence
US Government work; Census Bureau data are public (no licence statement on the page read),1,US-Gov-PD,named_licence
US Government work; chart data only where the Council has permission from data suppliers,1,US-Gov-PD,named_licence
US Government work; free to read,1,US-Gov-PD,named_licence
US Government-funded dataset (licence not stated on the page read),1,,no_standard_licence
US Government-funded report (free to use with citation),1,,no_standard_licence
US Government-sponsored report (no licence statement; standard government disclaimer),1,,no_standard_licence
US federal data (public),1,US-Gov-PD,named_licence
US federal government data,1,US-Gov-PD,named_licence
US federal government data (public domain in the United States; not stated on the page),1,US-Gov-PD,named_licence
US federal government data (public domain),1,US-Gov-PD,named_licence
US federal government data (public domain; citation requested),1,US-Gov-PD,named_licence
US federal government information,1,US-Gov-PD,named_licence
US federal government page; some listed resources are restricted,1,,no_standard_licence
US federal government publication (public domain status not stated in the report),1,US-Gov-PD,named_licence
US federal government software; terms not stated on the page read,1,,no_standard_licence
US federal government work (no copyright stated),1,US-Gov-PD,named_licence
US federal government work (public domain in the US),1,US-Gov-PD,named_licence
US federal government work (public domain in the US; not stated on the page),1,US-Gov-PD,named_licence
US federal government work (public domain in the United States),1,US-Gov-PD,named_licence
US federal government work; full datasets restricted,1,US-Gov-PD,named_licence
US federal public records,1,US-Gov-PD,named_licence
US federal report (public),1,,no_standard_licence
US government data (terms not stated); API code MIT,1,MIT|US-Gov-PD,named_licence
"US government data, free of charge (EIA copyright and reuse policy)",1,US-Gov-PD,named_licence
"US government data, free to use; some licensed source variables carry conditions noted in the documentation",1,US-Gov-PD,named_licence
"US government information (public domain), with HRSA usage disclaimer",1,US-Gov-PD,named_licence
US government public data (no licence stated),1,,no_standard_licence
US government public data (no licence stated; citation requested),1,,no_standard_licence
US government public data (snapshot CC0 1.0),1,CC0,named_licence
US government purpose license (NASA),1,,no_standard_licence
US government service; model licences vary,1,,no_standard_licence
"US government tool, free to use (no licence stated)",1,,no_standard_licence
US government web page (no licence stated),1,,no_standard_licence
US government work (EIA copyright and reuse policy: public domain with attribution requested),1,US-Gov-PD,named_licence
US government work (public domain in the United States),1,US-Gov-PD,named_licence
"US government work (public domain), photo rights reserved",1,US-Gov-PD,named_licence
US government work; no licence stated,1,US-Gov-PD,named_licence
US public domain (EPA ScienceHub licence),1,US-Gov-PD,named_licence
US public domain and CC0-1.0 worldwide,1,CC0|US-Gov-PD,named_licence
US public domain and CC0-1.0 worldwide dedication,1,CC0|US-Gov-PD,named_licence
"USC ANRG licence (LICENSE.md in the GitHub repository): free use and redistribution with citation, no commercial use",1,,no_standard_licence
USFWS data disclaimer (no licence named),1,,no_standard_licence
"UT-Battelle ExaGO v2 permissive open-source licence; notice, modification attribution and acknowledgement conditions",1,,no_standard_licence
UT-Battelle custom permissive open-source licence,1,,no_standard_licence
UT-Battelle open-source licence (BSD-style; see repository),1,BSD,named_licence
UTD19 conditions of use (accepted at sign-up),1,,no_standard_licence
United Nations terms of use; free,1,,no_standard_licence
United Nations; free to read,1,,no_standard_licence
United States Government Public Domain License,1,US-Gov-PD,named_licence
United States Government publication (no licence terms stated),1,,no_standard_licence
University of Illinois/NCSA Open Source License,1,,no_standard_licence
University of New Hampshire licence (commercial licensing via Regrow),1,,no_standard_licence
University of Vienna thesis terms,1,,no_standard_licence
Unknown: Zenodo record has no licence metadata,1,,no_standard_licence
Unlicense (current GitHub repository),1,Unlicense,named_licence
Unlicense for repository content per GitHub metadata; original city report rights not independently stated.,1,Unlicense,named_licence
"Unlicense for repository data and code, as reported by GitHub metadata.",1,Unlicense,named_licence
Upon accessing the Licensed Data you will be deemed to have accepted the terms of the Public Sector End User Licence - INSPIRE (https://www.ordnancesurvey.co.uk/documents/licensing/inspire-end-user-licence.pdf),1,,no_standard_licence
Usage policy: cite the dataset DOI (no named licence on the page read),1,,no_standard_licence
Use of these data is covered by the following licence: http://www.nationalarchives.gov.uk/doc/open-government-licence/version/3/ . When using these data you must cite them correctly using the citation given on the CEDA Data Catalogue record.,1,,no_standard_licence
"Use permitted without restrictions, as stated by the national metadata page",1,,no_standard_licence
Users should be aware that the IENCs reflect best available information at the time the data was collected. These data products are subject to change.,1,,no_standard_licence
VERA licence (ORNL licence page),1,,no_standard_licence
"VIIRS Nightfire Data Use License (academic no-cost, commercial paid, non-profit licence)",1,,no_standard_licence
VTTI Data Use License,1,,no_standard_licence
Varies by dataset (many U.S. government works or CC BY),1,CC-BY|US-Gov-PD,named_licence
Varies by item and contributing collection,1,,no_standard_licence
Varies by project (DesignSafe published data),1,,no_standard_licence
"Various open data licences, set per dataset",1,,no_standard_licence
Vegagerðin terms of use for data services,1,,no_standard_licence
Vendor web page (copyright Simul8); free to read,1,,no_standard_licence
Vendor web page (no licence stated),1,,no_standard_licence
"Vendor web page, all rights reserved",1,,no_standard_licence
Vendor-distributed product; full licence terms not established,1,,no_standard_licence
Vendor-distributed software; exact terms not established,1,,no_standard_licence
Version 3 part 1 CC-BY-4.0; part 2 CC-BY-NC-4.0; provider-specific terms for current versions,1,CC-BY-NC|CC-BY,named_licence
VesselFinder terms of use (no open licence),1,,no_standard_licence
Vietnamese government document (no licence stated),1,,no_standard_licence
"Virginia state publication, free to read",1,,no_standard_licence
Volpe Center End User License Agreement (RDR),1,,no_standard_licence
WDPA terms and conditions (no commercial use without written permission from UNEP-WCMC),1,,no_standard_licence
"WHO Datasets terms and conditions (royalty-free use for public health purposes, attribution, no commercial promotion)",1,,no_standard_licence
WHO terms of use (tools and manuals under WHO copyright),1,,no_standard_licence
WHO terms of use; tools free to download,1,,no_standard_licence
WMO website terms (no open licence stated),1,,no_standard_licence
"WRI use constraints: not for use in litigation, no warranty (no open licence stated)",1,,no_standard_licence
"WSDOT terms, for planning use only",1,,no_standard_licence
WSL Data Policy,1,,no_standard_licence
"WWF Risk Filter Suite terms of use: free of charge with an account; content protected, copying for other uses prohibited",1,,no_standard_licence
"Waste Atlas legal notice (free, non-commercial use; no open licence named)",1,,no_standard_licence
Water Action Hub terms of use (no open licence stated),1,,no_standard_licence
"Waterways Ireland terms, for information and public reference",1,,no_standard_licence
Web page; listed datasets have their own licences,1,,no_standard_licence
Website and CORDIS terms (not read); deliverables' licences unknown,1,,no_standard_licence
Website content,1,,no_standard_licence
Website terms of DE-CIX,1,,no_standard_licence
Wiley terms (2005 paper); CC-BY-4.0 (2022 follow-up),1,CC-BY,named_licence
WindEurope legal notice: site content may be reproduced if data integrity is kept and WindEurope copyright is indicated,1,,no_standard_licence
Wisconsin public records,1,,no_standard_licence
"Working paper, free download (licence not stated)",1,,no_standard_licence
World Bank Microdata Library open access terms,1,,no_standard_licence
"World Bank Microdata Library terms of use (research use, no redistribution)",1,,no_standard_licence
"World Bank copyright, 2020 (rights statement in the report)",1,,no_standard_licence
World Bank copyright; non-commercial reuse with attribution,1,,no_standard_licence
World Bank dataset terms of use; CC BY 4.0 in the World Bank data catalogue,1,CC-BY,named_licence
World Bank document (disclosed; no licence statement in the pages read),1,,no_standard_licence
World Bank terms of use (licence not stated on the pages read),1,,no_standard_licence
World Bank terms of use (no open licence stated),1,,no_standard_licence
World Bank terms of use; source data from UN Comtrade and UNCTAD TRAINS keep their own terms (not stated on the page read),1,,no_standard_licence
World Bank: report reproducible for noncommercial purposes with full attribution; tool provided as is,1,,no_standard_licence
World Nuclear Association content licence (copy and distribute under its terms),1,,no_standard_licence
"XDI report, all rights reserved",1,,no_standard_licence
"Zenodo metadata and README: CC-BY-4.0; page description also says ODbL-1.0, unresolved",1,CC-BY|ODbL,named_licence
Zenodo nosl3.0; public LICENSE.txt names NPOSL-3.0; upstream RTE terms separate,1,,no_standard_licence
Zenodo registry classifies the release as other-open; no detailed redistribution licence is displayed. The GitHub repository has no declared licence; README asks users to cite the paper.,1,,no_standard_licence
[TRR228DB] Data policy agreement,1,,no_standard_licence
a licence or disclaimer text is given on the hub listing (Functional Classification is made available to the public solely for informational purposes. Information provided is acc ...); terms not read in full,1,,no_standard_licence
"a licence or disclaimer text is given on the hub listing (Nodes may represent physical entities such as river confluences, ports/facilities, and intermodal terminals, US Army Cor ...); terms not read in full",1,,no_standard_licence
a licence or disclaimer text is given on the hub listing (Postmiles is made available to the public solely for informational purposes. Information provided is accurate to the bes ...); terms not read in full,1,,no_standard_licence
a licence or disclaimer text is given on the hub listing (StateHighways is made available to the public solely for informational purposes. Information provided is accurate to the ...); terms not read in full,1,,no_standard_licence
a licence or disclaimer text is given on the hub listing (The CA 2020 Adjusted Urban Area boundaries is made available to the public solely for informational purposes. Informatio ...); terms not read in full,1,,no_standard_licence
a licence or disclaimer text is given on the hub listing (The TIGER/Line Shapefile products are not copyrighted however TIGER/Line and Census TIGER are registered trademarks of t ...); terms not read in full,1,,no_standard_licence
"a licence or disclaimer text is given on the hub listing (This geographic data set was developed by CPUC and Caltrans. As such, CPUC and Caltrans make no representation about the ...); terms not read in full",1,,no_standard_licence
a licence or disclaimer text is given on the hub listing (This layer is made available to the public solely for informational purposes. Information provided is accurate to the be ...); terms not read in full,1,,no_standard_licence
"a licence or disclaimer text is given on the hub listing (This map can be shared via Social Networks, email, and embedded in websites using the share button. Attribution to the E ...); terms not read in full",1,,no_standard_licence
a licence or disclaimer text is given on the hub listing (he TIGER/Line Shapefile products are not copyrighted however TIGER/Line and Census TIGER are registered trademarks of th ...); terms not read in full,1,,no_standard_licence
academic research use after signing a copyright form,1,,no_standard_licence
academic research use only,1,,no_standard_licence
all rights reserved (Fundación CONAMA grants no licence on its site content),1,,no_standard_licence
all rights reserved (IPA terms: no reproduction without prior written consent),1,,no_standard_licence
all rights reserved (Tree Register); DATA.GOV.HK terms and conditions (open datasets),1,,no_standard_licence
"all rights reserved (no use without written permission, per the site terms)",1,,no_standard_licence
all rights reserved (site footer),1,,no_standard_licence
"all rights reserved by LVGL; viewing free, other use under paid contract",1,,no_standard_licence
all rights reserved by MTA and AFAD; written permission is needed to reproduce or distribute,1,,no_standard_licence
"all rights reserved by SGM; attribution required, reproduction for profit needs written permission",1,,no_standard_licence
all rights reserved to SUEN (stated in the report),1,,no_standard_licence
all rights reserved; data sharing agreement and data guidelines apply,1,,no_standard_licence
all rights reserved; educational and scientific use allowed with citation,1,,no_standard_licence
all rights reserved; reuse and placing content in any database need the provider's prior written permission (Jogi nyilatkozat),1,,no_standard_licence
any use allowed with attribution to Eusko Jaurlaritza / Gobierno Vasco,1,,no_standard_licence
aopdata MIT; project code GPL-3.0-or-later or MIT; data terms on the Ipea site,1,GPL|MIT,named_licence
arXiv licence (not read),1,,no_standard_licence
arXiv non-exclusive distribution licence (journal article under ASCE copyright),1,,no_standard_licence
arXiv non-exclusive distribution licence (not stated on the abstract page read),1,,no_standard_licence
arXiv preprint (licence as listed on arXiv),1,,no_standard_licence
arXiv.org perpetual non-exclusive licence (as shown on the HTML version); no data or code licence read,1,,no_standard_licence
article open access on PMC; code and data availability not read,1,,no_standard_licence
article under Elsevier licence; data CC-BY-4.0,1,CC-BY,named_licence
as linked on the portal listing (http://adelie.application.developpement-durable.gouv.fr/condition.do?convention=diffusion_public),1,,no_standard_licence
as linked on the portal listing (http://creativecommons.org/licenses/by-nd/4.0/deed.nl),1,CC-BY-ND,named_licence
as linked on the portal listing (http://creativecommons.org/licenses/by-sa/4.0/deed.nl),1,CC-BY-SA,named_licence
as linked on the portal listing (http://creativecommons.org/licenses/by/3.0/no/),1,CC-BY,named_licence
"as linked on the portal listing (http://creativecommons.org/publicdomain/zero/1.0/deed.nl), as linked on the portal listing (http://geoh.conterra:8080/oai-pmh-geo-harvest/harvesters/None)",1,CC0,named_licence
"as linked on the portal listing (http://creativecommons.org/publicdomain/zero/1.0/deed.nl), as linked on the portal listing (https://downloads.rijkswaterstaatdata.nl/pdf-documenten/Geogedeeld-licentie-rijkswaterstaat.pdf)",1,CC0,named_licence
as linked on the portal listing (http://data.europa.eu/88u/.well-known/genid/81d5ed4e02f41ecc6cbd4ee682dbd152),1,,no_standard_licence
"as linked on the portal listing (http://data.europa.eu/88u/.well-known/genid/89de35009625f923e446f920227679cd), as linked on the portal listing (http://data.europa.eu/88u/.well-known/genid/cd0825b5108df74261cc609cf4e8604e)",1,,no_standard_licence
"as linked on the portal listing (http://data.europa.eu/88u/.well-known/genid/945052102d03ac0ef0c1bdc74130b308), as linked on the portal listing (http://data.europa.eu/88u/.well-known/genid/0c01c11f941ca549329aed4c1778d5f0)",1,,no_standard_licence
as linked on the portal listing (http://data.europa.eu/88u/.well-known/genid/a53c34baec8e6153dcbbde27a2c7e2ec),1,,no_standard_licence
as linked on the portal listing (http://data.gov.be/.well-known/genid/63236b7128d642e2a86d55d8b03caaf52-54021D28A9A813B1DB417201A5DA890F),1,,no_standard_licence
as linked on the portal listing (http://data.gov.be/.well-known/genid/63236b7128d642e2a86d55d8b03caaf55-4F0950288003A114B44F086155D85AA8),1,,no_standard_licence
as linked on the portal listing (http://data.gov.be/license/cbe/full),1,,no_standard_licence
as linked on the portal listing (http://data.gov.be/license/cbe/open),1,,no_standard_licence
as linked on the portal listing (http://data.jrc.ec.europa.eu/licence/not_available),1,,no_standard_licence
"as linked on the portal listing (http://data.jrc.ec.europa.eu/licence/not_available), European Commission reuse notice, CC-BY-4.0",1,CC-BY,named_licence
as linked on the portal listing (http://datosabiertos.regiondemurcia.es/avisolegal),1,,no_standard_licence
as linked on the portal listing (http://dcat-ap.de/def/licenses/cc-by/4.0),1,CC-BY,named_licence
as linked on the portal listing (http://dcat-ap.de/def/licenses/dl-by-de/2.0),1,DL-DE,named_licence
"as linked on the portal listing (http://dcat-ap.de/def/licenses/dl-zero-de/2.0), as linked on the portal listing (http://inspire.ec.europa.eu/metadata-codelist/ConditionsApplyingToAccessAndUse/noConditionsApply)",1,DL-DE,named_licence
"as linked on the portal listing (http://dcat-ap.de/def/licenses/dl-zero-de/2.0), as linked on the portal listing (http://inspire.ec.europa.eu/metadata-codelist/ConditionsApplyingToAccessAndUse/noConditionsApply), as linked on the portal listing (https://www.govdata.de/dl-de/zero-2-0)",1,DL-DE,named_licence
"as linked on the portal listing (http://dcat-ap.de/def/licenses/dl-zero-de/2.0), as linked on the portal listing (https://www.govdata.de/dl-de/zero-2-0)",1,DL-DE,named_licence
"as linked on the portal listing (http://eplca.jrc.ec.europa.eu/ELCD3/templates/default/html/datasetLicense.html), CC-BY-4.0",1,CC-BY,named_licence
as linked on the portal listing (http://geoh.conterra:8080/oai-pmh-geo-harvest/harvesters/www.denkmalpflege-bw.de),1,,no_standard_licence
as linked on the portal listing (http://inspire.ec.europa.eu/metadata-codelist/%20ConditionsApplyingToAccessAndUse/noConditionsApply),1,,no_standard_licence
"as linked on the portal listing (http://inspire.ec.europa.eu/metadata-codelist/ConditionsApplyingToAccessAndUse/conditionsUnknown), Data licence Germany – attribution – Version 2.0",1,DL-DE,named_licence
"as linked on the portal listing (http://inspire.ec.europa.eu/metadata-codelist/ConditionsApplyingToAccessAndUse/conditionsUnknown), as linked on the portal listing (https://www.govdata.de/dl-de/zero-2-0)",1,DL-DE,named_licence
"as linked on the portal listing (http://inspire.ec.europa.eu/metadata-codelist/ConditionsApplyingToAccessAndUse/noConditionsApply), CC-BY-4.0",1,CC-BY,named_licence
"as linked on the portal listing (http://inspire.ec.europa.eu/metadata-codelist/ConditionsApplyingToAccessAndUse/noConditionsApply), Data licence Germany – attribution – Version 2.0",1,DL-DE,named_licence
"as linked on the portal listing (http://inspire.ec.europa.eu/metadata-codelist/ConditionsApplyingToAccessAndUse/noConditionsApply), as linked on the portal listing (http://dcat-ap.de/def/licenses/dl-zero-de/2.0)",1,DL-DE,named_licence
"as linked on the portal listing (http://inspire.ec.europa.eu/metadata-codelist/ConditionsApplyingToAccessAndUse/noConditionsApply), as linked on the portal listing (http://inspire.ec.europa.eu/metadata-codelist/ConditionsApplyingToAccessAndUse/conditionsUnknown)",1,,no_standard_licence
"as linked on the portal listing (http://inspire.ec.europa.eu/metadata-codelist/ConditionsApplyingToAccessAndUse/noConditionsApply), as linked on the portal listing (https://creativecommons.org/licenses/by-nd/4.0//)",1,CC-BY-ND,named_licence
"as linked on the portal listing (http://inspire.ec.europa.eu/metadata-codelist/ConditionsApplyingToAccessAndUse/noConditionsApply), as linked on the portal listing (https://creativecommons.org/licenses/by/4.0/deed.sk)",1,CC-BY,named_licence
"as linked on the portal listing (http://inspire.ec.europa.eu/metadata-codelist/ConditionsApplyingToAccessAndUse/noConditionsApply), as linked on the portal listing (https://geoport.lk-vr.de/geoport/agnb)",1,,no_standard_licence
"as linked on the portal listing (http://inspire.ec.europa.eu/metadata-codelist/ConditionsApplyingToAccessAndUse/noConditionsApply), as linked on the portal listing (https://www.kartverket.no/geodataarbeid/norge-digitalt/partsinformasjon/avtaler-og-vilkar/norge-digitalt-lisens)",1,,no_standard_licence
"as linked on the portal listing (http://inspire.ec.europa.eu/metadata-codelist/ConditionsApplyingToAccessAndUse/noConditionsApply), as linked on the portal listing (https://www.kartverket.no/geodataarbeid/norge-digitalt/partsinformasjon/avtaler-og-vilkar/norge-digitalt-lisens), as linked on the portal listing (https://www.geonorge.no/Geodataarbeid/Norge-digitalt/Avtaler-og-maler/Norge-digitalt-lisens/)",1,,no_standard_licence
as linked on the portal listing (http://inspire.ec.europa.eu/metadata-codelist/LimitationsOnPublicAccess/INSPIRE_Directive_Article13_1d),1,,no_standard_licence
"as linked on the portal listing (http://opendatacommons.org/licenses/odbl/summary/), as linked on the portal listing (https://www.etalab.gouv.fr/licence-ouverte-open-licence), as linked on the portal listing (https://www.etalab.gouv.fr/wp-content/uploads/2014/05/Licence_Ouverte.pdf)",1,ODbL|Etalab,named_licence
as linked on the portal listing (http://opingogn.is/pages/notkunarleidbeiningar),1,,no_standard_licence
"as linked on the portal listing (http://resources.geodata.se/codelist/metadata/anvandningsrestriktioner.xml#CC01.0), as linked on the portal listing (http://inspire.ec.europa.eu/metadata-codelist/ConditionsApplyingToAccessAndUse/noConditionsApply)",1,CC0,named_licence
as linked on the portal listing (http://www.aemet.es/es/nota_legal),1,,no_standard_licence
as linked on the portal listing (http://www.mapama.gob.es/es/atencion-al-ciudadano/aviso-legal.aspx),1,,no_standard_licence
"as linked on the portal listing (http://www.opendefinition.org/licenses/cc-zero), as linked on the portal listing (https://creativecommons.org/licenses/by/4.0/)",1,CC0|CC-BY,named_licence
"as linked on the portal listing (http://www.opendefinition.org/licenses/odc-by), as linked on the portal listing (http://www.opendefinition.org/licenses/cc-by)",1,CC-BY|ODC-By,named_licence
as linked on the portal listing (http://www.puertogijon.es/index.asp?MP=27&MS=0&MN=1&TR=C&IDR=417),1,,no_standard_licence
"as linked on the portal listing (https://administraciodigital.gencat.cat/ca/dades/dades-obertes/informacio-practica/llicencies/), as linked on the portal listing (http://governobert.gencat.cat/ca/dades_obertes/llicencia-oberta-informacio-catalunya/)",1,,no_standard_licence
"as linked on the portal listing (https://administraciodigital.gencat.cat/ca/dades/dades-obertes/informacio-practica/llicencies/), as linked on the portal listing (https://web.gencat.cat/ca/generalitat/dades-indicadors/dades-obertes/llicencies)",1,,no_standard_licence
as linked on the portal listing (https://creativecommons.org/licenses/by-nc-sa/3.0/deed.it),1,CC-BY-NC-SA,named_licence
as linked on the portal listing (https://creativecommons.org/licenses/by-nc/4.0/),1,CC-BY-NC,named_licence
as linked on the portal listing (https://creativecommons.org/licenses/by-nd/4.0/),1,CC-BY-ND,named_licence
as linked on the portal listing (https://creativecommons.org/licenses/by-sa/4.0/deed.lt),1,CC-BY-SA,named_licence
as linked on the portal listing (https://creativecommons.org/licenses/by-sa/4.0/deed.sk),1,CC-BY-SA,named_licence
"as linked on the portal listing (https://creativecommons.org/licenses/by-sa/4.0/deed.sk), as linked on the portal listing (https://creativecommons.org/licenses/by-nc-sa/4.0/deed.sk)",1,CC-BY-NC-SA|CC-BY-SA,named_licence
as linked on the portal listing (https://creativecommons.org/licenses/by/3.0/es/),1,CC-BY,named_licence
as linked on the portal listing (https://creativecommons.org/licenses/by/3.0/legalcode.it),1,CC-BY,named_licence
"as linked on the portal listing (https://creativecommons.org/licenses/by/4.0), as linked on the portal listing (http://inspire.ec.europa.eu/metadata-codelist/ConditionsApplyingToAccessAndUse/noConditionsApply)",1,CC-BY,named_licence
"as linked on the portal listing (https://creativecommons.org/licenses/by/4.0), as linked on the portal listing (https://creativecommons.org/licenses/by-nc-nd/4.0)",1,CC-BY-NC-ND|CC-BY,named_licence
"as linked on the portal listing (https://creativecommons.org/licenses/by/4.0/), as linked on the portal listing (http://www.opendefinition.org/licenses/cc-by-sa)",1,CC-BY-SA|CC-BY,named_licence
"as linked on the portal listing (https://creativecommons.org/licenses/by/4.0/), as linked on the portal listing (https://creativecommons.org/licenses/by-sa/3.0/)",1,CC-BY-SA|CC-BY,named_licence
"as linked on the portal listing (https://creativecommons.org/licenses/by/4.0/), as linked on the portal listing (https://creativecommons.org/licenses/by-sa/3.0/), as linked on the portal listing (https://opendatacommons.org/licenses/by/)",1,CC-BY-SA|CC-BY,named_licence
"as linked on the portal listing (https://creativecommons.org/licenses/by/4.0/deed.ca), as linked on the portal listing (https://www.icgc.cat/condicions)",1,CC-BY,named_licence
"as linked on the portal listing (https://creativecommons.org/licenses/by/4.0/deed.de), as linked on the portal listing (http://inspire.ec.europa.eu/metadata-codelist/ConditionsApplyingToAccessAndUse/conditionsUnknown)",1,CC-BY,named_licence
"as linked on the portal listing (https://creativecommons.org/licenses/by/4.0/deed.de), cc-by",1,CC-BY,named_licence
"as linked on the portal listing (https://creativecommons.org/licenses/by/4.0/deed.es_ES), as linked on the portal listing (http://creativecommons.org/licenses/by/3.0/es/)",1,CC-BY,named_licence
"as linked on the portal listing (https://creativecommons.org/licenses/by/4.0/legalcode.de), as linked on the portal listing (http://inspire.ec.europa.eu/metadata-codelist/ConditionsApplyingToAccessAndUse/noConditionsApply)",1,CC-BY,named_licence
"as linked on the portal listing (https://creativecommons.org/licenses/by/4.0/legalcode.es), as linked on the portal listing (https://mobilitylabs.emtmadrid.es/sip/terms-of-use)",1,CC-BY,named_licence
"as linked on the portal listing (https://data.cnmc.es/condiciones-de-uso), as linked on the portal listing (http://data.cnmc.es/datagraph/jsp/nota-legal.jsp)",1,,no_standard_licence
"as linked on the portal listing (https://data.gov.cz/zdroj/datové-sady/00003352/1467541327/distribuce/fabd2ebb9953735415a0b445798cf7c8/podmínky-užití), as linked on the portal listing (https://data.gov.cz/zdroj/datové-sady/00003352/1467540066/distribuce/2488782e00bcb84e652e7dd000078e02/podmínky-užití), as linked on the portal listing (https://data.gov.cz/zdroj/datové-sady/00003352/1467546079/distribuce/6cc47cf2568b173461122da6227ba152/podmínky-užití)",1,,no_standard_licence
"as linked on the portal listing (https://data.gov.cz/zdroj/datové-sady/00006947/17e5105150367f71c6448c65998d9c13/distribuce/6e76a7580a3c6ae0c9a209bb2af58a06/podmínky-užití), as linked on the portal listing (https://data.gov.cz/zdroj/datové-sady/00006947/2b9e41b24bbcd49bc692642fea328d9f/distribuce/0a9fbc7710c94c0a1c5dbc4c76a00e96/podmínky-užití), as linked on the portal listing (https://data.gov.cz/zdroj/datové-sady/00006947/ea6c2914bfc3ebfa41a708b67ba00fc9/distribuce/616924e837b281e5f6bf0ecae04b4f2a/podmínky-užití)",1,,no_standard_licence
"as linked on the portal listing (https://data.gov.cz/zdroj/datové-sady/00006947/471129ecc20674522bc62a109ae2187e/distribuce/062b8bd8e38cea769aae710f3613c172/podmínky-užití), as linked on the portal listing (https://data.gov.cz/zdroj/datové-sady/00006947/5540dfe83a7854cf15395ef38639374e/distribuce/941e8bfd4af817a290b10d519d7b3696/podmínky-užití), as linked on the portal listing (https://data.gov.cz/zdroj/datové-sady/00006947/858ffa941db0abda6fc40e68739452e3/distribuce/96bc2c088ef17613978fe925ebd76348/podmínky-užití)",1,,no_standard_licence
as linked on the portal listing (https://data.gov.cz/zdroj/datové-sady/00006947/86d71dd7220d91a6428a2ca26ce3602b/distribuce/f7dff0436a697de6c66f648a57bb6d89/podmínky-užití),1,,no_standard_licence
as linked on the portal listing (https://data.gov.cz/zdroj/datové-sady/00007064/98442/distribuce/b72bf3285e37d434ce4a3316d5d6a597/podmínky-užití),1,,no_standard_licence
"as linked on the portal listing (https://data.gov.cz/zdroj/datové-sady/00020478/373a2d65e166ee1e30a599f6604af022/distribuce/e7c21581863e8623f3ad3c68574f23b6/podmínky-užití), as linked on the portal listing (https://data.gov.cz/zdroj/datové-sady/00020478/b364ebf42dc8db1048d0037fdf844e7b/distribuce/26b822c0bdf8d13db6d1de3e46736c95/podmínky-užití), as linked on the portal listing (https://data.gov.cz/zdroj/datové-sady/00020478/14ae0e97eb9a6f9de72957440a031758/distribuce/a31e487c81cada4eda602e05866b2b47/podmínky-užití)",1,,no_standard_licence
"as linked on the portal listing (https://data.gov.cz/zdroj/datové-sady/00020478/5bc201cfaeb94e49eabbc18df2e14677/distribuce/3dc9bbfa28e2fcf604ceeb400d3ce89d/podmínky-užití), as linked on the portal listing (https://data.gov.cz/zdroj/datové-sady/00020478/e250b943c7a19487974381d408584d21/distribuce/e862035bcf9cdd027903c9e264130cce/podmínky-užití), as linked on the portal listing (https://data.gov.cz/zdroj/datové-sady/00020478/d41252e2141f70a767348be363c952e7/distribuce/5e6c6d0d9867ed7d693d33c9e4cb2f09/podmínky-užití)",1,,no_standard_licence
as linked on the portal listing (https://data.gov.cz/zdroj/datové-sady/00020478/cb778e63831a70a31eebb0f9fb7fca41/distribuce/bf6f3ef02cc2b65477f31ae7bbe20da0/podmínky-užití),1,,no_standard_licence
"as linked on the portal listing (https://data.gov.cz/zdroj/datové-sady/00020699/819662ae2e51123f936bd2f2ddf267cf/distribuce/2e68a8860bbfdb37f7d60301c123e662/podmínky-užití), as linked on the portal listing (https://data.gov.cz/zdroj/datové-sady/00020699/501721083afbc1448f5c22c38ee23e80/distribuce/6566825ddf69e3d6cdee4187516f8cb4/podmínky-užití), as linked on the portal listing (https://data.gov.cz/zdroj/datové-sady/00020699/be56a5c472d98190066fa312942bb0eb/distribuce/4faf795acb1c0e3aea174a378cf919db/podmínky-užití)",1,,no_standard_licence
"as linked on the portal listing (https://data.gov.cz/zdroj/datové-sady/00020699/98872ef8731713af62b83d453f425d06/distribuce/fcb58dfe33962f916fb21efd19607967/podmínky-užití), as linked on the portal listing (https://data.gov.cz/zdroj/datové-sady/00020699/9b596d03dd10af94988212afbb552efc/distribuce/89932ac432d4989722a96510d5ccc77a/podmínky-užití), as linked on the portal listing (https://data.gov.cz/zdroj/datové-sady/00020699/c9ca577ef3cde76e1dae847633127bd6/distribuce/16278d996f2476df6def6e295ad25515/podmínky-užití)",1,,no_standard_licence
"as linked on the portal listing (https://data.gov.cz/zdroj/datové-sady/00020699/9b83ff253ddd0b699ee23f1ac2c0be3f/distribuce/b50ff87dd560763d636c845d61f343b4/podmínky-užití), as linked on the portal listing (https://data.gov.cz/zdroj/datové-sady/00020699/4f414d6880682416a9c33a04f3f25b02/distribuce/eb7d4c4b997553c812ae0dbfe9f8a90f/podmínky-užití), as linked on the portal listing (https://data.gov.cz/zdroj/datové-sady/00020699/524c419af2f37f3ed240cf2e51126450/distribuce/f0a03938eeb2b19c63eaa1b08f7ec9ac/podmínky-užití)",1,,no_standard_licence
as linked on the portal listing (https://data.gov.cz/zdroj/datové-sady/00020711/44df80c89b568d03def2ab953ceb023d/distribuce/5fa4a1d39831e56559f4d576525b8072/podmínky-užití),1,,no_standard_licence
"as linked on the portal listing (https://data.gov.cz/zdroj/datové-sady/00020711/645c19635fce959059d27a8f6c784bce/distribuce/8998b63ec2b499dcf033de0dbc095b8e/podmínky-užití), as linked on the portal listing (https://data.gov.cz/zdroj/datové-sady/00020711/4b1accb2671ee1daa176914efe7678a3/distribuce/d4113148fff149a18d5d0bf72d2ea0a3/podmínky-užití), as linked on the portal listing (https://data.gov.cz/zdroj/datové-sady/00020711/29a28ed79368c6ce87a0b5bfef453c59/distribuce/ac8d68499b8cd0254eb2b9326853ccc1/podmínky-užití)",1,,no_standard_licence
as linked on the portal listing (https://data.gov.cz/zdroj/datové-sady/00024341/1f43e925279ada069c036a1f0f95478d/distribuce/a857979201e7b34660cec4fe23de16dd/podmínky-užití),1,,no_standard_licence
as linked on the portal listing (https://data.gov.cz/zdroj/datové-sady/00025593/0e8668552e05bff1045273e948519b1c/distribuce/9be561e44c2ec5dd38e9a2b9e760645a/podmínky-užití),1,,no_standard_licence
as linked on the portal listing (https://data.gov.cz/zdroj/datové-sady/00025593/17f49a0a88004d68063b1caa2ad8bae4/distribuce/540b2854d8c9dd362c141e06c92ff111/podmínky-užití),1,,no_standard_licence
"as linked on the portal listing (https://data.gov.cz/zdroj/datové-sady/00025593/393afa2cb0256334a5c2e975d83f9e0f/distribuce/605b334b9949f1894aadda34288ba00c/podmínky-užití), as linked on the portal listing (https://data.gov.cz/zdroj/datové-sady/00025593/b772c405df08bac8d5bb48dfc1af22ef/distribuce/118f4eaa9499639ee3f89570ce6e61d8/podmínky-užití), as linked on the portal listing (https://data.gov.cz/zdroj/datové-sady/00025593/1b8bcaed7e56dbc25484bc6130b00e1d/distribuce/971ff5570b73f7557a0053213a3cb1e2/podmínky-užití)",1,,no_standard_licence
as linked on the portal listing (https://data.gov.cz/zdroj/datové-sady/00025593/66a01ddae70ccd0809134744c60ce3f8/distribuce/7ca694c894256d3c050d06694ab9fc4a/podmínky-užití),1,,no_standard_licence
as linked on the portal listing (https://data.gov.cz/zdroj/datové-sady/00025593/9e3ea11a727beec9039cd49c61a9b324/distribuce/0b7bc5585ceb6c5061d82418346a7b1f/podmínky-užití),1,,no_standard_licence
as linked on the portal listing (https://data.gov.cz/zdroj/datové-sady/00025593/b5805a0aa7cb30ca5c0a43a20b397c15/distribuce/47d0cc4bbd5cbdf96d6dcd0f3139ee1e/podmínky-užití),1,,no_standard_licence
"as linked on the portal listing (https://data.gov.cz/zdroj/datové-sady/00025593/c08bb75be3900034e138266ffa44d964/distribuce/7e0908727a6bbd467f7521008745f91a/podmínky-užití), as linked on the portal listing (https://data.gov.cz/zdroj/datové-sady/00025593/4a1a63810638ce66e67735be8836d52c/distribuce/a0d54d653136386a9c03924d3aa0b2e3/podmínky-užití), as linked on the portal listing (https://data.gov.cz/zdroj/datové-sady/00025593/13004c2da2cb994b5090f6764f16fc71/distribuce/5b4bea669956dadf78c3f0f846179ac0/podmínky-užití)",1,,no_standard_licence
"as linked on the portal listing (https://data.gov.cz/zdroj/datové-sady/00025712/7956d1508528e7350c421dc4a5d7a831/distribuce/1405cd3c0d19ba3c5970981b3e8e3445/podmínky-užití), as linked on the portal listing (https://data.gov.cz/zdroj/datové-sady/00025712/766ce20dec77c763b5de49b4d442af22/distribuce/085c8892670af2ff67c7817b565d0118/podmínky-užití), as linked on the portal listing (https://data.gov.cz/zdroj/datové-sady/00025712/281421718b2828ac4f99a8cd75132655/distribuce/b5b8c64387ee7c8f6a323e5894e8e08d/podmínky-užití)",1,,no_standard_licence
"as linked on the portal listing (https://data.gov.cz/zdroj/datové-sady/00025712/efa9396b2cbf78d05baad5167c76e326/distribuce/89c222ab41a6b12e3482dbf35b17e2ad/podmínky-užití), as linked on the portal listing (https://data.gov.cz/zdroj/datové-sady/00025712/f46ada3491a6bb5a14e0249998783b8d/distribuce/19bb8198e636e2b0c0a17df7b882e1fd/podmínky-užití), as linked on the portal listing (https://data.gov.cz/zdroj/datové-sady/00025712/e8fe63da672cd776c9cf3bf2ba25e727/distribuce/c0e1d244b92647c9ba3c897f5f36ee4b/podmínky-užití)",1,,no_standard_licence
as linked on the portal listing (https://data.gov.cz/zdroj/datové-sady/00025798/93fe704de97b37be797cdf531f602ed2/distribuce/582e7ca921ff466f300eac0d12ee160c/podmínky-užití),1,,no_standard_licence
as linked on the portal listing (https://data.gov.cz/zdroj/datové-sady/00025798/d5b5b634ca6f7480c971ed82d6696b48/distribuce/08912492e0cb8ee20d9fdb404d1f0278/podmínky-užití),1,,no_standard_licence
"as linked on the portal listing (https://data.gov.cz/zdroj/datové-sady/00075370/05cd91577a4b867c5ec9281d96d2e83f/distribuce/fccaf9bf6b05afc693666ffbc87730a6/podmínky-užití), as linked on the portal listing (https://data.gov.cz/zdroj/datové-sady/00075370/18cfeafd5a854f63cce3dd80576ea577/distribuce/939e51e054fc29c57460113479a8d83b/podmínky-užití), as linked on the portal listing (https://data.gov.cz/zdroj/datové-sady/00075370/915b65834d4a3aef22debc113018f2b4/distribuce/5ea6500e79564c3f3ff88332a22748e1/podmínky-užití)",1,,no_standard_licence
as linked on the portal listing (https://data.gov.cz/zdroj/datové-sady/00075370/110678eccfe5166d1ecac0162480dfa0/distribuce/36b725e5a4d8ef5df3bf97fca0ecc5f9/podmínky-užití),1,,no_standard_licence
as linked on the portal listing (https://data.gov.cz/zdroj/datové-sady/00075370/67d0584e6d4fc640975718d83f1314fc/distribuce/d55d451e09b78d0533724b46989aaf5b/podmínky-užití),1,,no_standard_licence
as linked on the portal listing (https://data.gov.cz/zdroj/datové-sady/00075370/88ee74ab289e4ecec9fdc2f8fd37ee85/distribuce/14494b0f324ddb4aac4004b533c1e772/podmínky-užití),1,,no_standard_licence
as linked on the portal listing (https://data.gov.cz/zdroj/datové-sady/00075370/aa9440be1d10513128f18de89cd28391/distribuce/5211f413160aae53d6926967e47c3c74/podmínky-užití),1,,no_standard_licence
as linked on the portal listing (https://data.gov.cz/zdroj/datové-sady/00075370/cd09094e555d203b3ae11ba658f38baa/distribuce/fa361ba46a92d8820d7b6c6ecf21e5c3/podmínky-užití),1,,no_standard_licence
"as linked on the portal listing (https://data.gov.cz/zdroj/datové-sady/00075370/e43c0b20c1a573a83d368e3e2098b1a0/distribuce/a312f2bfa11c61576bbb66f1d9ba8f27/podmínky-užití), as linked on the portal listing (https://data.gov.cz/zdroj/datové-sady/00075370/90efd238a53653872762fa4cd2f1db20/distribuce/7c4c03e1d07a14f39923e7e6dcd9938a/podmínky-užití), as linked on the portal listing (https://data.gov.cz/zdroj/datové-sady/00075370/669396148f94af7ffaca8d642856c07d/distribuce/1649b9ce7b2bec145f78576d405addf8/podmínky-užití)",1,,no_standard_licence
as linked on the portal listing (https://data.gov.cz/zdroj/datové-sady/00075370/fe9f4154c8573c1c8a457ecbc0f7542b/distribuce/a7a608f5c2cb85b86971f43fdafa4395/podmínky-užití),1,,no_standard_licence
as linked on the portal listing (https://data.gov.cz/zdroj/datové-sady/00164801/0ee8cde8f20b4dc1a5b3e5c01e9b0b8f/distribuce/a010acad36ed25e71be4dfb4746d7bd1/podmínky-užití),1,,no_standard_licence
"as linked on the portal listing (https://data.gov.cz/zdroj/datové-sady/00164801/532bca6c020f5d4aa317dca9f6bab985/distribuce/118fb1347368f5da36cb7b96948cd6f9/podmínky-užití), as linked on the portal listing (https://data.gov.cz/zdroj/datové-sady/00164801/178f3321c1dcfe2ffef4ec8e68a9415c/distribuce/fab6b836d4e07ba02b9daec06bc73a72/podmínky-užití), as linked on the portal listing (https://data.gov.cz/zdroj/datové-sady/00164801/200ced426d8104b459dca99f2715732a/distribuce/b0425ca6e8aa7e2dd352bc60a6495255/podmínky-užití)",1,,no_standard_licence
as linked on the portal listing (https://data.gov.cz/zdroj/datové-sady/00164801/84d9acd57406857e78ab1dd5a334745b/distribuce/aca44b3dd0f7793f303ee3db1ddbe7fb/podmínky-užití),1,,no_standard_licence
as linked on the portal listing (https://data.gov.cz/zdroj/datové-sady/00164801/b12daed837172fa07a4cda0a25c54fa5/distribuce/8d8e93f6199f1e4648bebfe844ab85ba/podmínky-užití),1,,no_standard_licence
"as linked on the portal listing (https://data.gov.cz/zdroj/datové-sady/00164801/fe4a204f1a61ff31e21dcbdc430e54e3/distribuce/5199eff4c2d550841149e21f1e2ef482/podmínky-užití), as linked on the portal listing (https://data.gov.cz/zdroj/datové-sady/00164801/1cd816d2d87f4289249143ee25881a12/distribuce/ec57c918e1ec797079cc52d242604875/podmínky-užití), as linked on the portal listing (https://data.gov.cz/zdroj/datové-sady/00164801/9886e5478f5915240969aa0eaa15baed/distribuce/270570ac5fc75347c019895eb699a5bd/podmínky-užití)",1,,no_standard_licence
as linked on the portal listing (https://data.gov.cz/zdroj/datové-sady/00231151/73e855ea1d81b87ac451b423bc480afc/distribuce/4b794ef49ab6cdd6515d6b16dcfa65ba/podmínky-užití),1,,no_standard_licence
as linked on the portal listing (https://data.gov.cz/zdroj/datové-sady/00261238/2d719f3f521cc95670084d5f8d347289/distribuce/a556c099abf5dfd404a721762a598447/podmínky-užití),1,,no_standard_licence
as linked on the portal listing (https://data.gov.cz/zdroj/datové-sady/00261238/58b5642c63818c1ef22b0a25b8c1535d/distribuce/ef085b4173facea43c3ca2b8a5ed4191/podmínky-užití),1,,no_standard_licence
"as linked on the portal listing (https://data.gov.cz/zdroj/datové-sady/00266094/834b71047b347599294f8fa168be8b3e/distribuce/54ebf54309935131f2f925882f17428d/podmínky-užití), as linked on the portal listing (https://data.gov.cz/zdroj/datové-sady/00266094/cb8e0f38c291f06df142f82d004c9c0e/distribuce/960e945558665cd3f3e8df0f2995ae06/podmínky-užití), as linked on the portal listing (https://data.gov.cz/zdroj/datové-sady/00266094/265e5d4e56331b38098232d00d7e0842/distribuce/173366fcb68ec7c3c270923a4fccf03e/podmínky-užití)",1,,no_standard_licence
as linked on the portal listing (https://data.gov.cz/zdroj/datové-sady/00266094/b3620750d5d5d61a81b28fef788e8655/distribuce/12ab9854ce2e3004171cdeaf6515c062/podmínky-užití),1,,no_standard_licence
as linked on the portal listing (https://data.gov.cz/zdroj/datové-sady/00266094/d1d2918299ad3c906f31caed3faffdbd/distribuce/550d0a278df883f564ba8265f484b31f/podmínky-užití),1,,no_standard_licence
as linked on the portal listing (https://data.gov.cz/zdroj/datové-sady/00266094/de4ba6a0ef4db1d074a9d719a45332a0/distribuce/aea0f84ad30fe8add8f5ad8e80ab6d3a/podmínky-užití),1,,no_standard_licence
"as linked on the portal listing (https://data.gov.cz/zdroj/datové-sady/00266094/f433402cf6413cf59e77f4a2a5ed56da/distribuce/6bf99af57b6393e230e14e2dedc09069/podmínky-užití), as linked on the portal listing (https://data.gov.cz/zdroj/datové-sady/00266094/cc18af56dbfab9b259bb88f149a275ee/distribuce/18ef13d258c07c801a06725d81e24264/podmínky-užití), as linked on the portal listing (https://data.gov.cz/zdroj/datové-sady/00266094/4b5e59e6d806cd093dca700daefc13bc/distribuce/fd316e5c4670f0437a734511a0f52e65/podmínky-užití)",1,,no_standard_licence
"as linked on the portal listing (https://data.gov.cz/zdroj/datové-sady/00286010/46ebdf6ed0b1bc6b5cc62075e476b55c/distribuce/57a96bed8238e78ce56b4cb87d387eef/podmínky-užití), as linked on the portal listing (https://data.gov.cz/zdroj/datové-sady/00286010/e639a76bd86c19790bbf67bfa4547cb0/distribuce/fe7febe2714595338bf1c83efba5db60/podmínky-užití), as linked on the portal listing (https://data.gov.cz/zdroj/datové-sady/00286010/36405d9cd645b4bf6ecb798bc31523a2/distribuce/21fe7a48a318df31e2afe5bf89a31f38/podmínky-užití)",1,,no_standard_licence
as linked on the portal listing (https://data.gov.cz/zdroj/datové-sady/00286010/88cb8fa85003d3451a7bb23e8e192355/distribuce/748b4b609a830352507a981cbd89b86f/podmínky-užití),1,,no_standard_licence
as linked on the portal listing (https://data.gov.cz/zdroj/datové-sady/00286010/e20f2e099370e48ab31282898e8ad134/distribuce/d6b2d1d004b48bd24b4b62a234d64623/podmínky-užití),1,,no_standard_licence
as linked on the portal listing (https://data.gov.cz/zdroj/datové-sady/00297569/3386358/distribuce/98d863604cb697fc4cf12cf295493d91/podmínky-užití),1,,no_standard_licence
"as linked on the portal listing (https://data.gov.cz/zdroj/datové-sady/00845451/62f4a9929541e06cd1d4ce2bee9c53cf/distribuce/5e3ccfce9438baec49072e8a9f80be53/podmínky-užití), as linked on the portal listing (https://data.gov.cz/zdroj/datové-sady/00845451/54c06727152b2af5012a5aad17a061c8/distribuce/752bccab9e2d116700f6609b939bfd03/podmínky-užití), as linked on the portal listing (https://data.gov.cz/zdroj/datové-sady/00845451/ec7d5cd3e27edb284cee62ac593473d1/distribuce/7864aba45f274c8d2d65b4babd2d6608/podmínky-užití)",1,,no_standard_licence
"as linked on the portal listing (https://data.gov.cz/zdroj/datové-sady/00845451/648a6ab259ed69305334475cc742bef1/distribuce/b5091339ed5675600fe6415d5f75d79a/podmínky-užití), as linked on the portal listing (https://data.gov.cz/zdroj/datové-sady/00845451/2fc31be622f07a30a7eda1dd9540cd32/distribuce/3e0af243c0f680a49be0d9b3ff002381/podmínky-užití), as linked on the portal listing (https://data.gov.cz/zdroj/datové-sady/00845451/451bc91949c020803e9908c5e2df815a/distribuce/4d3a1aabc6c68fcacd2d7960b1af812c/podmínky-užití)",1,,no_standard_licence
as linked on the portal listing (https://data.gov.cz/zdroj/datové-sady/00845451/a6d69626bceefb9c2089445e2034ccc4/distribuce/fbcf6de8ac866f90f60653d308afe584/podmínky-užití),1,,no_standard_licence
as linked on the portal listing (https://data.gov.cz/zdroj/datové-sady/00845451/d861c268589f220f99631f14ce1c6c03/distribuce/f8e2b377e26aba370cd0461b08ae3501/podmínky-užití),1,,no_standard_licence
"as linked on the portal listing (https://data.gov.cz/zdroj/datové-sady/01312774/1012423364/distribuce/76c9566d968044d6fe4bd021a870f173/podmínky-užití), as linked on the portal listing (https://data.gov.cz/zdroj/datové-sady/01312774/1012455745/distribuce/216265a0796e5d69a5a60a54fd3e4434/podmínky-užití), as linked on the portal listing (https://data.gov.cz/zdroj/datové-sady/01312774/1012456012/distribuce/8e678ce4d0c70872c9825ac5fb127a18/podmínky-užití)",1,,no_standard_licence
as linked on the portal listing (https://data.gov.cz/zdroj/datové-sady/02795281/aa0b890bebd82460f6dde1d21a0dcb45/distribuce/b77875b9586cd8a509b2c46ba2e8dcd7/podmínky-užití),1,,no_standard_licence
as linked on the portal listing (https://data.gov.cz/zdroj/datové-sady/02795281/b1c05f312aa267592ae32d785002529f/distribuce/21ac28177024a5bebde0d6ee6e0ff361/podmínky-užití),1,,no_standard_licence
as linked on the portal listing (https://data.gov.cz/zdroj/datové-sady/17651921/15d7eb43074e8821080aa849344084c2/distribuce/dbda014af4a1e3e65e36c33ba2de9fdd/podmínky-užití),1,,no_standard_licence
as linked on the portal listing (https://data.gov.cz/zdroj/datové-sady/17651921/911a0faf12d4a02726dad49b3423cab8/distribuce/f593ed0c8e2000c516e9939e4ae9b22a/podmínky-užití),1,,no_standard_licence
as linked on the portal listing (https://data.gov.cz/zdroj/datové-sady/17651921/9c5d32dc5824837f2175d43fba8d688b/distribuce/9e5b57e1d1a6098a236913bc23190de9/podmínky-užití),1,,no_standard_licence
as linked on the portal listing (https://data.gov.cz/zdroj/datové-sady/17651921/c6f0f3d722fc4e66013e30806d50f1e2/distribuce/ddd938374e157919852ff1ed804115f3/podmínky-užití),1,,no_standard_licence
as linked on the portal listing (https://data.gov.cz/zdroj/datové-sady/17651921/cec9281bffa89e89df25ded92941df62/distribuce/e870382b07b59fab60b26d3b84c224f5/podmínky-užití),1,,no_standard_licence
as linked on the portal listing (https://data.gov.cz/zdroj/datové-sady/17651921/d049c59995cd9ecbdd5a529cbe7b0988/distribuce/24c43e9b5f16f791496d2b6aa4982808/podmínky-užití),1,,no_standard_licence
as linked on the portal listing (https://data.gov.cz/zdroj/datové-sady/25656635/2d60e233a11b8d38a3fd97107e151b2f/distribuce/cddae237e72d40bbb82d26958475eece/podmínky-užití),1,,no_standard_licence
as linked on the portal listing (https://data.gov.cz/zdroj/datové-sady/44992785/0d6f1518d017cc26385f1f9c4bc36342/distribuce/adf23f5c1db2a5df4a6b6107d8f537fd/podmínky-užití),1,,no_standard_licence
as linked on the portal listing (https://data.gov.cz/zdroj/datové-sady/44992785/11a5534404705afaf48faf3c64217ed6/distribuce/ecd5c97bcc413ebc11ff936a94e2fb22/podmínky-užití),1,,no_standard_licence
as linked on the portal listing (https://data.gov.cz/zdroj/datové-sady/44992785/684e1752b88146365775fba89408e191/distribuce/b4b8cdae469c9428a92d33c894bec2c2/podmínky-užití),1,,no_standard_licence
"as linked on the portal listing (https://data.gov.cz/zdroj/datové-sady/44992785/a76b600bb6ec96ecf35262c4f8b3e237/distribuce/f83907f145ada35f81f9f28601883360/podmínky-užití), as linked on the portal listing (https://data.gov.cz/zdroj/datové-sady/44992785/cad950e439ae83e95c7c614a79cd1dce/distribuce/17ddc3dc04b4ab17882fba8221916546/podmínky-užití), as linked on the portal listing (https://data.gov.cz/zdroj/datové-sady/44992785/164662ee36643dcf6dd72e1ecb2e4eae/distribuce/28ff3d3d7868fcdfbb08b47f9b7c6c7b/podmínky-užití)",1,,no_standard_licence
"as linked on the portal listing (https://data.gov.cz/zdroj/datové-sady/44992785/af97ea2dc1809cca2b9fee617cebaacb/distribuce/b19233ff2f734ac9a79f8256e95cd1e5/podmínky-užití), as linked on the portal listing (https://data.gov.cz/zdroj/datové-sady/44992785/1951a9f50a66d381d1fd380e25d5e381/distribuce/34b60bcf52534c677f525ca492fca170/podmínky-užití), as linked on the portal listing (https://data.gov.cz/zdroj/datové-sady/44992785/a0f91e291e42038c6d598fe2738222b6/distribuce/397cc5ab04a62d2dee975dbcc3ab3874/podmínky-užití)",1,,no_standard_licence
as linked on the portal listing (https://data.gov.cz/zdroj/datové-sady/44992785/f3a3e419a7d4af3123ecee9eb7aa404b/distribuce/a14afc0b7483b8e3422c9e6f9aaeb86e/podmínky-užití),1,,no_standard_licence
as linked on the portal listing (https://data.gov.cz/zdroj/datové-sady/45249130/006f5397bc56f8f83b65ed5c5a489e4d/distribuce/89e881b4ee9daaf8879cf6b5d65dfaca/podmínky-užití),1,,no_standard_licence
as linked on the portal listing (https://data.gov.cz/zdroj/datové-sady/45249130/355a87a6fa0d4e2084c8faad77948452/distribuce/95a3129fc6db03b80d1e1f17f4c977f0/podmínky-užití),1,,no_standard_licence
as linked on the portal listing (https://data.gov.cz/zdroj/datové-sady/45249130/86b5332110f9bb78088cf35de4f8b453/distribuce/0ae5539496b24f4f8303d9d738c6c752/podmínky-užití),1,,no_standard_licence
as linked on the portal listing (https://data.gov.cz/zdroj/datové-sady/45249130/ad8d588563195f7e43e339dc995e50e2/distribuce/6281cd56e4c682ebd81f53bd504e7f89/podmínky-užití),1,,no_standard_licence
as linked on the portal listing (https://data.gov.cz/zdroj/datové-sady/47609109/1771101940/distribuce/53f4b322415aa38a5eb43fefe476a1a6/podmínky-užití),1,,no_standard_licence
as linked on the portal listing (https://data.gov.cz/zdroj/datové-sady/49370227/945151918/distribuce/2488bbd4235bda3bde4b5fafad0744d7/podmínky-užití),1,,no_standard_licence
as linked on the portal listing (https://data.gov.cz/zdroj/datové-sady/49370227/945152271/distribuce/65737af8c3c87602cf68b1d18683d0f6/podmínky-užití),1,,no_standard_licence
as linked on the portal listing (https://data.gov.cz/zdroj/datové-sady/60437359/b1cfab140bb42c068906fd5364113110/distribuce/d8243eaaacc6be75e3d88522aaec805b/podmínky-užití),1,,no_standard_licence
"as linked on the portal listing (https://data.gov.cz/zdroj/datové-sady/60609460/2f45d1af07f3b3b6b2ecb3cc7e28855b/distribuce/c9787fa0f13393fc7ef5d8816c9724d0/podmínky-užití), as linked on the portal listing (https://data.gov.cz/zdroj/datové-sady/60609460/bc5b2ae368e826f00c09c01d6a58e0a7/distribuce/4835308c43da4860fb51d799bd4198fc/podmínky-užití), as linked on the portal listing (https://data.gov.cz/zdroj/datové-sady/60609460/0ea41e25d44f6080618224ce0af84517/distribuce/8adbdd64369d6d244de1064d2eee1d16/podmínky-užití)",1,,no_standard_licence
as linked on the portal listing (https://data.gov.cz/zdroj/datové-sady/60609460/6ec86124435784f0b310e18599832e6d/distribuce/c608517c6b71098c21815afc50b51669/podmínky-užití),1,,no_standard_licence
as linked on the portal listing (https://data.gov.cz/zdroj/datové-sady/60609460/f0a4cb88d6b6f524c4d76e18d4d641bd/distribuce/b007cde5d9735b5719290ca757ac0019/podmínky-užití),1,,no_standard_licence
as linked on the portal listing (https://data.gov.cz/zdroj/datové-sady/65993390/1087749998/distribuce/00fb1ff96754614aafa24ec5e2f68bea/podmínky-užití),1,,no_standard_licence
as linked on the portal listing (https://data.gov.cz/zdroj/datové-sady/66002222/f1be027eec446444e212951247d954a6/distribuce/a4bbb9c3e20036302770dadf0571b2a6/podmínky-užití),1,,no_standard_licence
"as linked on the portal listing (https://data.gov.cz/zdroj/datové-sady/66003008/1224193761/distribuce/7d3d969131ea46102c7dff7440fdb94f/podmínky-užití), as linked on the portal listing (https://data.gov.cz/zdroj/datové-sady/66003008/701563102/distribuce/637b6cddeb3582d314c0155c8f97c179/podmínky-užití), as linked on the portal listing (https://data.gov.cz/zdroj/datové-sady/66003008/701562974/distribuce/50ad252b2ea4ed175c5aaae6cf7243db/podmínky-užití)",1,,no_standard_licence
"as linked on the portal listing (https://data.gov.cz/zdroj/datové-sady/66003008/1463646434/distribuce/9562558aa9e8103dff8810060d315661/podmínky-užití), as linked on the portal listing (https://data.gov.cz/zdroj/datové-sady/66003008/1463646398/distribuce/c2093d9c7946147e718b1b7b3207f42b/podmínky-užití), as linked on the portal listing (https://data.gov.cz/zdroj/datové-sady/66003008/1224193757/distribuce/4fee330f66e73568211a0d37290ea987/podmínky-užití)",1,,no_standard_licence
as linked on the portal listing (https://data.gov.cz/zdroj/datové-sady/70106975/42d1bdd90436d3cb1c1a2289608f2537/distribuce/6bfb66450d2474b99506ba1afbdd5393/podmínky-užití),1,,no_standard_licence
"as linked on the portal listing (https://data.gov.cz/zdroj/datové-sady/70106975/530c60fd7322cdcd72704fa30405b237/distribuce/3bb9d35053ee780b95e74227fd9a4508/podmínky-užití), as linked on the portal listing (https://data.gov.cz/zdroj/datové-sady/70106975/06c671977881b5eba75b204216025c50/distribuce/2ec23c7bf12ed0df03cf1bf3faebd77c/podmínky-užití), as linked on the portal listing (https://data.gov.cz/zdroj/datové-sady/70106975/c8257717fdf179deab7fa169dd742800/distribuce/fd2280f79e30fa3ba8bb7f74c4ddf72c/podmínky-užití)",1,,no_standard_licence
"as linked on the portal listing (https://data.gov.cz/zdroj/datové-sady/70106975/adf21f2641511898f6fb7e6e80bcf91f/distribuce/45d294f8a0f57b133f676b95585db138/podmínky-užití), as linked on the portal listing (https://data.gov.cz/zdroj/datové-sady/70106975/e5454e33fed346135b126a6a571091e9/distribuce/569c3c14346bf9881636aec04404711a/podmínky-užití), as linked on the portal listing (https://data.gov.cz/zdroj/datové-sady/70106975/f16e1a17cc23e5d176aaa41e189e2788/distribuce/6aa5b738987a461660828712cb5fa5ef/podmínky-užití)",1,,no_standard_licence
"as linked on the portal listing (https://data.gov.cz/zdroj/datové-sady/70856508/1684867170/distribuce/0967ac9c2c105f6dee2a2892b15be0c9/podmínky-užití), as linked on the portal listing (https://data.gov.cz/zdroj/datové-sady/70856508/1684866998/distribuce/cdbc3650398e5b3c87a41d9c2d2d7e4a/podmínky-užití), as linked on the portal listing (https://data.gov.cz/zdroj/datové-sady/70856508/1617983839/distribuce/7e70a230a290e9f2792abfa5eae8dd20/podmínky-užití)",1,,no_standard_licence
"as linked on the portal listing (https://data.gov.cz/zdroj/datové-sady/70883858/51b5ec96d0e0c9845419e84ce895f557/distribuce/a3329c68a34d360ef3312ed9b7c626f5/podmínky-užití), as linked on the portal listing (https://data.gov.cz/zdroj/datové-sady/70883858/0ec3e7cd0666c24dcb874662c4ba2102/distribuce/87208a25049f7e040aaf5aa263ab769a/podmínky-užití), as linked on the portal listing (https://data.gov.cz/zdroj/datové-sady/70883858/f6259323d72849ca95885336c9ea116b/distribuce/5abf4f0a22cc343cb0ec39bdf5f6ab80/podmínky-užití)",1,,no_standard_licence
"as linked on the portal listing (https://data.gov.cz/zdroj/datové-sady/70883858/9a8782843c2607f837f4567e47b37413/distribuce/68b4934adb8132f78d2d9a18cdfded5a/podmínky-užití), as linked on the portal listing (https://data.gov.cz/zdroj/datové-sady/70883858/61eb1c6d7efebe0eac91340c5e22e6d8/distribuce/418797e80ec8eeba02c3c90c950fecac/podmínky-užití), as linked on the portal listing (https://data.gov.cz/zdroj/datové-sady/70883858/9352b87581e1979fa15a949ba3523599/distribuce/cabb8bee97317650e392ddc7bf1ce84c/podmínky-užití)",1,,no_standard_licence
as linked on the portal listing (https://data.gov.cz/zdroj/datové-sady/70888337/678042801/distribuce/b664a16647b6877c99a7131b64974727/podmínky-užití),1,,no_standard_licence
as linked on the portal listing (https://data.gov.cz/zdroj/datové-sady/70888337/678042803/distribuce/8b8d5d342d3156fd0f41e15458230347/podmínky-užití),1,,no_standard_licence
as linked on the portal listing (https://data.gov.cz/zdroj/datové-sady/70888337/678046544/distribuce/32da936ac91240ffc925a5a91ab1ce79/podmínky-užití),1,,no_standard_licence
"as linked on the portal listing (https://data.gov.cz/zdroj/datové-sady/70889546/03939ef65c016d2aa5a7564bec7b6abb/distribuce/d695d38485fefee54ff800d55614e127/podmínky-užití), as linked on the portal listing (https://data.gov.cz/zdroj/datové-sady/70889546/5d77da5661da83142c577b45e9500869/distribuce/697bed732ee2439375d96a0599f55c96/podmínky-užití), as linked on the portal listing (https://data.gov.cz/zdroj/datové-sady/70889546/f79b4f667befe89cb89757cba23e9948/distribuce/8672e965c95b4518c367c35e59933120/podmínky-užití)",1,,no_standard_licence
as linked on the portal listing (https://data.gov.cz/zdroj/datové-sady/70889546/05c03b1b313579b165a33bdf5844a6ca/distribuce/416d5053b703d22b33037f04249b7411/podmínky-užití),1,,no_standard_licence
"as linked on the portal listing (https://data.gov.cz/zdroj/datové-sady/70889546/44390a4a338c2aa536d87678109ae5ec/distribuce/966b055fd9f28c35c46990ad9777c661/podmínky-užití), as linked on the portal listing (https://data.gov.cz/zdroj/datové-sady/70889546/030a2cf82a942ecdee8ca5d0ee9e4db3/distribuce/dc0f20b7077650f762936dfd55b6b994/podmínky-užití), as linked on the portal listing (https://data.gov.cz/zdroj/datové-sady/70889546/f699c90746cb3c0ae7ca754a1f48b7c3/distribuce/d3b9a3d65f222073a26daa41e4c156ca/podmínky-užití)",1,,no_standard_licence
as linked on the portal listing (https://data.gov.cz/zdroj/datové-sady/70889546/6d065bf0aad09b7430e55705b3249aeb/distribuce/86f0fabc91809605c8cf0b750e696da4/podmínky-užití),1,,no_standard_licence
"as linked on the portal listing (https://data.gov.cz/zdroj/datové-sady/70889546/c1e9b761a60d66f11ad10147db373dd0/distribuce/355b71017d9780bab8beae6adc4923ea/podmínky-užití), as linked on the portal listing (https://data.gov.cz/zdroj/datové-sady/70889546/fd433e2ded5c585e2402bc57546ed990/distribuce/3a2af6c737a79c08ffbf3043fc468502/podmínky-užití), as linked on the portal listing (https://data.gov.cz/zdroj/datové-sady/70889546/864672f446a3390910c25d5f080cb3cc/distribuce/3a38c2906fe918a2ea7fe0bde4180b17/podmínky-užití)",1,,no_standard_licence
"as linked on the portal listing (https://data.gov.cz/zdroj/datové-sady/70889546/ff43fb256a859b839e8e2407b38e2bb8/distribuce/68c1ea62ea118e7f57d4ae46efc84e34/podmínky-užití), as linked on the portal listing (https://data.gov.cz/zdroj/datové-sady/70889546/0aaba0af2c16c7124b7626be43d580da/distribuce/d023a05c5951f1977de019b335b390af/podmínky-užití), as linked on the portal listing (https://data.gov.cz/zdroj/datové-sady/70889546/aca99a565e69dd32c7cbe58ff5614a5b/distribuce/d84530da87ad2cc4cfe70e0def19b158/podmínky-užití)",1,,no_standard_licence
as linked on the portal listing (https://data.gov.cz/zdroj/datové-sady/70890366/682179464/distribuce/7707f354153543cded27bc48dedf4a2d/podmínky-užití),1,,no_standard_licence
as linked on the portal listing (https://data.gov.cz/zdroj/datové-sady/70890650/227359046/distribuce/28315173cdd1ea983b0c3ef0d7ba9773/podmínky-užití),1,,no_standard_licence
"as linked on the portal listing (https://data.gov.cz/zdroj/datové-sady/70890650/b87ee627321ebbe3afe19ca8ad47916c/distribuce/bd157441b82ea8eec80c6c4c6fc1729b/podmínky-užití), as linked on the portal listing (https://data.gov.cz/zdroj/datové-sady/70890650/3336800cdde7b6a6b362fa38affe1387/distribuce/e76f87a304d7826f8d38521fb9876bf1/podmínky-užití), as linked on the portal listing (https://data.gov.cz/zdroj/datové-sady/70890650/b1923f6dfc0c8f50f7ee9bf1f27c7679/distribuce/60e53b2b2e6968c590de1a6c30ca6797/podmínky-užití)",1,,no_standard_licence
"as linked on the portal listing (https://data.gov.cz/zdroj/datové-sady/70890650/ee2cb18a14b85644c7718aad8eb057ba/distribuce/b1face78055acafea6b0f20b5b65c221/podmínky-užití), as linked on the portal listing (https://data.gov.cz/zdroj/datové-sady/70890650/e3bed18b9c2f4e6115e060a17c73eaaa/distribuce/2ddca76b9c39fba4d49f69c07e6cd691/podmínky-užití), as linked on the portal listing (https://data.gov.cz/zdroj/datové-sady/70890650/279eeb67b431235657ecdf398b0ec2c5/distribuce/f6da2262967fb825941fc243bd416df8/podmínky-užití)",1,,no_standard_licence
"as linked on the portal listing (https://data.gov.cz/zdroj/datové-sady/70890692/13a9d4115f56cd383bac48e36dbcc2a1/distribuce/37ef507971ac1099b25c33f7546fe832/podmínky-užití), as linked on the portal listing (https://data.gov.cz/zdroj/datové-sady/70890692/b6fe725f789d8667444a9ed817c3a839/distribuce/b8793ada88476133689b34bbf8ae1c25/podmínky-užití), as linked on the portal listing (https://data.gov.cz/zdroj/datové-sady/70890692/44a91195a41aaf50c09c4a255284edbb/distribuce/72ada3fa834b5923a74ef98ec5c9b374/podmínky-užití)",1,,no_standard_licence
"as linked on the portal listing (https://data.gov.cz/zdroj/datové-sady/70890749/558766caa54d153a04dd463e815c5d5b/distribuce/3d9ab1194a3dc9097dd1fa0915b36269/podmínky-užití), as linked on the portal listing (https://data.gov.cz/zdroj/datové-sady/70890749/da3911d9bd4c7796201c6f4795c097d4/distribuce/ee934a022e6166e37625991e7ec1f031/podmínky-užití), as linked on the portal listing (https://data.gov.cz/zdroj/datové-sady/70890749/57487bd94a0de3653f6034ea06d5f9f8/distribuce/08533bbd505c9df54424a6e848f537a8/podmínky-užití)",1,,no_standard_licence
"as linked on the portal listing (https://data.gov.cz/zdroj/datové-sady/70890749/da34451d0c18f07493770c3bf9085e58/distribuce/17c816a99760dbba7551ae9a8796c8b6/podmínky-užití), as linked on the portal listing (https://data.gov.cz/zdroj/datové-sady/70890749/cf00b4d6ef6dda8b560809b4910026bc/distribuce/a98870905b418274fa0807eab7b462c8/podmínky-užití), as linked on the portal listing (https://data.gov.cz/zdroj/datové-sady/70890749/4b33fd5b455ce51426d69c628db90031/distribuce/ed49bb3fb1347e2b44f888ea64b73574/podmínky-užití)",1,,no_standard_licence
"as linked on the portal listing (https://data.gov.cz/zdroj/datové-sady/70890749/da5b87d99e5dcc4e29371ac8e3266556/distribuce/e3dec31a2f46573f138b3589fd6f2e11/podmínky-užití), as linked on the portal listing (https://data.gov.cz/zdroj/datové-sady/70890749/dea3bbf790b891d2a95b9a9ddb94ada5/distribuce/0d61f5d3eb9ec4f43f35dfeeabc7355d/podmínky-užití), as linked on the portal listing (https://data.gov.cz/zdroj/datové-sady/70890749/669b37df14c28a9a0c47d1e7bba9b7c9/distribuce/b941ed64ea643f933f3521aad5b411bd/podmínky-užití)",1,,no_standard_licence
as linked on the portal listing (https://data.gov.cz/zdroj/datové-sady/70891095/1739251932/distribuce/a96977781ac5a0fcb730afd7c032feb4/podmínky-užití),1,,no_standard_licence
as linked on the portal listing (https://data.gov.cz/zdroj/datové-sady/70891168/d55f9e857d4be6eacec750c2771596c0/distribuce/f7ca1ce808ee8473647157b4868356ad/podmínky-užití),1,,no_standard_licence
as linked on the portal listing (https://data.gov.cz/zdroj/datové-sady/70891168/d8a1809eda2ad961cd7cb9cbae0c87e4/distribuce/6fbcd6c5fb748c1e265f0a178119519a/podmínky-užití),1,,no_standard_licence
"as linked on the portal listing (https://data.gov.cz/zdroj/datové-sady/70891508/7c52b8e0c60b660d206d719f83e3eb43/distribuce/fa979454f13cd60b4b2685246fe27a73/podmínky-užití), as linked on the portal listing (https://data.gov.cz/zdroj/datové-sady/70891508/1d1873d5745d73c99be009f705c1130f/distribuce/2e37e380251a55cde04decfeb3099768/podmínky-užití), as linked on the portal listing (https://data.gov.cz/zdroj/datové-sady/70891508/0ff6f76bc5ed82003c67223c359f7c76/distribuce/4df1a894efc4fd530a60a06e15ecfb71/podmínky-užití)",1,,no_standard_licence
"as linked on the portal listing (https://data.gov.cz/zdroj/datové-sady/70891508/f1a2e9c101d97e8538fedabeedf310c4/distribuce/b177b9f8c2ae2f61f9d3e795775041e6/podmínky-užití), as linked on the portal listing (https://data.gov.cz/zdroj/datové-sady/70891508/77ab080b935ba74dda4f9cefc1a29e33/distribuce/b0b80bf5ab516bd56b4f3f9031bf97d7/podmínky-užití), as linked on the portal listing (https://data.gov.cz/zdroj/datové-sady/70891508/651d1ecf37ece9ac4d6abfaf6a3ce65a/distribuce/efc529c89b03f191c503f198d427fa9c/podmínky-užití)",1,,no_standard_licence
as linked on the portal listing (https://data.gov.cz/zdroj/datové-sady/70892156/1fdd8e72bedfc2cf53c322f799937ef3/distribuce/774363d4facde16c554f97b586a83819/podmínky-užití),1,,no_standard_licence
as linked on the portal listing (https://data.gov.cz/zdroj/datové-sady/70892156/4baf610f16b0b64976a0ffdd34a9880e/distribuce/d12c56bdf39bc0c1564a282db5ed68f1/podmínky-užití),1,,no_standard_licence
"as linked on the portal listing (https://data.gov.cz/zdroj/datové-sady/70894451/1713221783/distribuce/616c9ca2e4e48767f07f795732cb0ef2/podmínky-užití), as linked on the portal listing (https://data.gov.cz/zdroj/datové-sady/70894451/1713221781/distribuce/26315ee27ef8e9c56094434f263c410c/podmínky-užití), as linked on the portal listing (https://data.gov.cz/zdroj/datové-sady/70894451/1713221860/distribuce/ec82afee3a647162b9f5b472b2fb4f43/podmínky-užití)",1,,no_standard_licence
as linked on the portal listing (https://data.gov.cz/zdroj/datové-sady/inventární-seznam/agendy/A1181/subjekty-a-objekty-údajů/1181-1/distribuce/1/podmínky-užití),1,,no_standard_licence
"as linked on the portal listing (https://data.gov.cz/zdroj/datové-sady/inventární-seznam/agendy/A1181/subjekty-a-objekty-údajů/1181-10/distribuce/1/podmínky-užití), as linked on the portal listing (https://data.gov.cz/zdroj/datové-sady/inventární-seznam/agendy/A1042/subjekty-a-objekty-údajů/1042-1/distribuce/1/podmínky-užití), as linked on the portal listing (https://data.gov.cz/zdroj/datové-sady/inventární-seznam/agendy/A1042/subjekty-a-objekty-údajů/1042-11/distribuce/1/podmínky-užití)",1,,no_standard_licence
as linked on the portal listing (https://data.gov.cz/zdroj/datové-sady/inventární-seznam/agendy/A1181/subjekty-a-objekty-údajů/1181-16/distribuce/1/podmínky-užití),1,,no_standard_licence
as linked on the portal listing (https://data.gov.cz/zdroj/datové-sady/inventární-seznam/agendy/A124/subjekty-a-objekty-údajů/124-15/distribuce/1/podmínky-užití),1,,no_standard_licence
"as linked on the portal listing (https://data.gov.cz/zdroj/datové-sady/inventární-seznam/agendy/A684/subjekty-a-objekty-údajů/684-102/distribuce/1/podmínky-užití), as linked on the portal listing (https://data.gov.cz/zdroj/datové-sady/inventární-seznam/agendy/A684/subjekty-a-objekty-údajů/684-124/distribuce/1/podmínky-užití), as linked on the portal listing (https://data.gov.cz/zdroj/datové-sady/inventární-seznam/agendy/A684/subjekty-a-objekty-údajů/684-150/distribuce/1/podmínky-užití)",1,,no_standard_licence
"as linked on the portal listing (https://data.gov.cz/zdroj/datové-sady/inventární-seznam/agendy/A684/subjekty-a-objekty-údajů/684-153/distribuce/1/podmínky-užití), as linked on the portal listing (https://data.gov.cz/zdroj/datové-sady/inventární-seznam/agendy/A1181/subjekty-a-objekty-údajů/1181-11/distribuce/1/podmínky-užití), as linked on the portal listing (https://data.gov.cz/zdroj/datové-sady/inventární-seznam/agendy/A684/subjekty-a-objekty-údajů/684-117/distribuce/1/podmínky-užití)",1,,no_standard_licence
as linked on the portal listing (https://data.gov.cz/zdroj/datové-sady/inventární-seznam/agendy/A684/subjekty-a-objekty-údajů/684-87/distribuce/1/podmínky-užití),1,,no_standard_licence
"as linked on the portal listing (https://data.norge.no/nlod/no), Norwegian Licence for Open Government Data (NLOD) 2.0, Norwegian Licence for Open Government Data 1.0",1,NLOD,named_licence
as linked on the portal listing (https://data.norge.no/nlod/no/2.0),1,NLOD,named_licence
"as linked on the portal listing (https://datos.gob.es/avisolegal), as linked on the portal listing (http://www.opendefinition.org/licenses/cc-by)",1,CC-BY,named_licence
as linked on the portal listing (https://datos.gob.es/es/aviso-legal),1,,no_standard_licence
as linked on the portal listing (https://datos.lorca.es/avisolegal),1,,no_standard_licence
as linked on the portal listing (https://downloads.rijkswaterstaatdata.nl/pdf-documenten/Geogedeeld-licentie-rijkswaterstaat.pdf),1,,no_standard_licence
as linked on the portal listing (https://geoportal.cuzk.gov.cz/Dokumenty/Podminky.pdf),1,,no_standard_licence
"as linked on the portal listing (https://mobilitylabs.emtmadrid.es/sip/terms-of-use), as linked on the portal listing (https://creativecommons.org/licenses/by/4.0/legalcode.es)",1,CC-BY,named_licence
as linked on the portal listing (https://publications.europa.eu/resource/authority/licence/MIT),1,MIT,named_licence
as linked on the portal listing (https://resources.geodata.se/codelist/metadata/anvandningsrestriktioner.xml#CC01.0),1,CC0,named_licence
as linked on the portal listing (https://sede.serviciosmin.gob.es/es-ES/Paginas/aviso.aspx#Reutilizacion),1,,no_standard_licence
as linked on the portal listing (https://services.cuzk.gov.cz/registry/codelist/ConditionsApplyingToAccessAndUse/copyright),1,,no_standard_licence
"as linked on the portal listing (https://www.apmotril.com/aviso-legal-datos-abiertos), as linked on the portal listing (http://www.apmotril.com/aviso-legal-datos-abiertos)",1,,no_standard_licence
"as linked on the portal listing (https://www.crtm.es/licencia-de-uso), as linked on the portal listing (https://creativecommons.org/licenses/by/4.0/legalcode.es)",1,CC-BY,named_licence
"as linked on the portal listing (https://www.etalab.gouv.fr/wp-content/uploads/2014/05/Licence_Ouverte.pdf), as linked on the portal listing (http://opendatacommons.org/licenses/by/summary/)",1,Etalab,named_licence
as linked on the portal listing (https://www.geonorge.no/Geodataarbeid/Norge-digitalt/Avtaler-og-maler/Norge-digitalt-lisens/),1,,no_standard_licence
"as linked on the portal listing (https://www.geonorge.no/Geodataarbeid/Norge-digitalt/Avtaler-og-maler/Norge-digitalt-lisens/), as linked on the portal listing (http://inspire.ec.europa.eu/metadata-codelist/ConditionsApplyingToAccessAndUse/noConditionsApply)",1,,no_standard_licence
"as linked on the portal listing (https://www.geonorge.no/Geodataarbeid/Norge-digitalt/Avtaler-og-maler/Norge-digitalt-lisens/), as linked on the portal listing (https://www.kartverket.no/geodataarbeid/norge-digitalt/partsinformasjon/avtaler-og-vilkar/norge-digitalt-lisens)",1,,no_standard_licence
"as linked on the portal listing (https://www.geonorge.no/Geodataarbeid/geografisk-infrastruktur/Norge-digitalt/Avtaler-og-maler/Norge-digitalt-lisens/), as linked on the portal listing (https://www.kartverket.no/geodataarbeid/norge-digitalt/partsinformasjon/avtaler-og-vilkar/norge-digitalt-lisens)",1,,no_standard_licence
as linked on the portal listing (https://www.gesetze-im-internet.de/geonutzv),1,,no_standard_licence
"as linked on the portal listing (https://www.govdata.de/dl-de/zero-2-0), as linked on the portal listing (http://inspire.ec.europa.eu/metadata-codelist/ConditionsApplyingToAccessAndUse/noConditionsApply)",1,DL-DE,named_licence
as linked on the portal listing (https://www.jcyl.es/licencia-IGCYL-NC),1,,no_standard_licence
as linked on the portal listing (https://www.mapa.gob.es/en/atencion-al-ciudadano/aviso-legal.aspx),1,,no_standard_licence
as linked on the portal listing (https://www.meteo.cat/wpweb/avis-legal),1,,no_standard_licence
as linked on the portal listing (https://www.norsar.no/getfile.php/139126-1585254232/norsar.no/Services/NORSAR-brukervilk%C3%A5r-soneringskart.pdf),1,,no_standard_licence
as linked on the portal listing (https://www.puertodemelilla.es/index.php/autoridad-portuaria/aviso-legal),1,,no_standard_licence
as linked on the portal listing (https://www.trafiklab.se/api/gtfs-sverige-2/licens),1,,no_standard_licence
"as linked on the portal listing (https://www.trafiklab.se/api/sl-hallplatser-och-linjer-2/licens), as linked on the portal listing (https://www.trafiklab.se/api/sl-narliggande-hallplatser/licens), as linked on the portal listing (https://www.trafiklab.se/api/sl-narliggande-hallplatser-2/licens)",1,,no_standard_licence
as linked on the portal listing (https://www.trafiklab.se/api/sl-trafiklaget-2/licens),1,,no_standard_licence
bespoke UKCEH licence negotiated on order,1,,no_standard_licence
cantonal terms of use apply; no licence type named on the page,1,,no_standard_licence
cc-at-3,1,,no_standard_licence
"cc-by, as linked on the portal listing (https://creativecommons.org/licenses/by/4.0/deed.de)",1,CC-BY,named_licence
"cc-zero, cc-by",1,CC0|CC-BY,named_licence
"cc-zero, notspecified",1,CC0,named_licence
cc_by,1,CC-BY,named_licence
cc_zero_1,1,,no_standard_licence
cite NCDR (no licence named on the pages read),1,,no_standard_licence
closed (per GovData listing),1,,no_standard_licence
closed licence (Andere geschlossene Lizenz),1,,no_standard_licence
closed source; user request and licence form,1,,no_standard_licence
code BSD-3-Clause (sup3r repository); data licence not stated on the pages read,1,BSD,named_licence
commercial (subscription and perpetual licences),1,,no_standard_licence
commercial EULA (EnviroSim; paid licence),1,,no_standard_licence
commercial consulting service,1,,no_standard_licence
commercial data products; licence terms not stated on the page read,1,,no_standard_licence
commercial dataset; licence terms not stated on the page read,1,,no_standard_licence
commercial licence (ANDRITZ IDEAS),1,,no_standard_licence
commercial licence (ARC; licence models on request),1,,no_standard_licence
commercial licence (Astrodynamics Workbench License Agreement),1,,no_standard_licence
commercial licence (CloudRF; self-hosted version licensed separately),1,,no_standard_licence
commercial licence (Collins Bartholomew),1,,no_standard_licence
commercial licence (Dassault Systèmes GEOVIA),1,,no_standard_licence
commercial licence (Dassault Systèmes SIMULIA),1,,no_standard_licence
commercial licence (Dynamita SUMO),1,,no_standard_licence
commercial licence (Electrisim; per-seat commercial-use licence on paid plans),1,,no_standard_licence
commercial licence (ExtendSim),1,,no_standard_licence
commercial licence (Fluid Network Studio subscription),1,,no_standard_licence
commercial licence (GoldSim),1,,no_standard_licence
commercial licence (INOSIM),1,,no_standard_licence
commercial licence (Metso HSC Chemistry),1,,no_standard_licence
commercial licence (MineTwin; licence on request),1,,no_standard_licence
commercial licence (MiningMath; perpetual licence),1,,no_standard_licence
"commercial licence (MobilityStudio; annual licence, free trial)",1,,no_standard_licence
commercial licence (Muk3D),1,,no_standard_licence
commercial licence (PC-Progress HYDRUS),1,,no_standard_licence
commercial licence (ProSim),1,,no_standard_licence
commercial licence (SWAN Systems terms of service),1,,no_standard_licence
commercial licence (SYSTRA Paramics),1,,no_standard_licence
commercial licence (Seequent),1,,no_standard_licence
commercial licence (Siemens gPROMS),1,,no_standard_licence
commercial licence (SysCAD),1,,no_standard_licence
commercial licence (a.i. solutions),1,,no_standard_licence
commercial licence (end user licence agreement),1,,no_standard_licence
commercial licence (on request),1,,no_standard_licence
commercial licence (paid),1,,no_standard_licence
commercial licence from CEPEL (licence acquisition on request),1,,no_standard_licence
commercial licence or subscription,1,,no_standard_licence
commercial licence sold by eWater (terms not on the page),1,,no_standard_licence
commercial licensing; exact terms require provider confirmation,1,,no_standard_licence
commercial module; exact terms not inspected,1,,no_standard_licence
commercial or academic licence,1,,no_standard_licence
commercial platform; data terms not read,1,,no_standard_licence
commercial product; terms not inspected,1,,no_standard_licence
commercial report; terms not read,1,,no_standard_licence
commercial service,1,,no_standard_licence
commercial software licence,1,,no_standard_licence
commercial software; terms not read,1,,no_standard_licence
commercial subscription (S&P Global),1,,no_standard_licence
commercial subscription; terms not read,1,,no_standard_licence
commercial terms (no downstream IP retention stated),1,,no_standard_licence
commercial user licences,1,,no_standard_licence
commercial vendor architecture; licence not stated,1,,no_standard_licence
commercial vendor tool; licence terms not stated on the page read,1,,no_standard_licence
confidential file under 49 CFR 1244 confidentiality agreements; Public Use File terms not stated on the page read,1,,no_standard_licence
"conflicting repository text: LICENSE preamble says CC BY 4.0, but its embedded legal code is CC0 1.0; resolve before redistribution.",1,CC0|CC-BY,named_licence
copyright AutomationML e.V. (legal notice: reproduction and distribution need prior permission),1,,no_standard_licence
copyright C4ADS 2019,1,,no_standard_licence
"copyright ITU, all rights reserved (freely available PDF)",1,,no_standard_licence
"copyright NDCC, all rights reserved",1,,no_standard_licence
copyright NWRM 2013-2024 (not an open licence),1,,no_standard_licence
"copyright National Diet of Japan 2012, all rights reserved (from the PDF front matter); hosted copy, free to read",1,,no_standard_licence
copyright O-RAN ALLIANCE e.V.; specifications downloadable by the public under the O-RAN adopter terms,1,,no_standard_licence
"copyright UKOPA, reproduction only with written approval",1,,no_standard_licence
copyright Universidad de Costa Rica 2024,1,,no_standard_licence
copyright WSD; release to other parties only with WSD's written agreement,1,,no_standard_licence
copyright World Energy Council; reproduction only as allowed by its copyright notice,1,,no_standard_licence
copyright held by the author; ACM ISBN and DOI printed on the paper; no data licence read,1,,no_standard_licence
copyright inter 3 (no open licence),1,,no_standard_licence
copyright of MOEW (no open licence named),1,,no_standard_licence
copyright of the Taipei Water Department; reproduction of text and figures needs consent,1,,no_standard_licence
copyrighted IEC standard (sold per user),1,,no_standard_licence
"copyrighted, all rights reserved (open access)",1,,no_standard_licence
custom licence (see the licence file in the repository),1,,no_standard_licence
custom licence (see the reference link on the portal),1,,no_standard_licence
custom terms (no redistribution outside the platform),1,,no_standard_licence
custom terms specific to this dataset (Harvard Dataverse),1,,no_standard_licence
data described as openly available without charge or restriction (2009 paper); per-survey data citations requested,1,,no_standard_licence
data free to use with attribution; winning code MIT,1,MIT,named_licence
data policy: official data and products freely available (licence name not stated on the page read),1,,no_standard_licence
data.go.kr terms: no restriction on permitted use,1,,no_standard_licence
"data.gov.il open licence (Other, open)",1,,no_standard_licence
data.ny.gov terms of use (no licence named in the metadata),1,,no_standard_licence
dataset-specific licences assigned in the repository (terms of use),1,,no_standard_licence
datasets under open licences chosen by contributors; site code marked CC0-1.0,1,CC0,named_licence
described as open source on GitLab; licence not read,1,,no_standard_licence
described as open source; licence text not found on pages read (2026-09-26),1,,no_standard_licence
described on NIBIO licence and access page (not read),1,,no_standard_licence
disclaimer page (not read); licence not stated,1,,no_standard_licence
disclaimer terms on the portal (no licence named),1,,no_standard_licence
dissertation copyright held by the author; reuse terms not stated on the page read,1,,no_standard_licence
dl-by-de/2.0,1,DL-DE,named_licence
dl-de-by-2.0,1,DL-DE,named_licence
dl-de/zero-2-0,1,DL-DE,named_licence
dl-zero-de/2.0,1,DL-DE,named_licence
downloading from the site and its web map services is prohibited except for content expressly offered for download,1,,no_standard_licence
"dual CC BY-NC 4.0 or ODbL 1.0, at the user's choice",1,CC-BY-NC|ODbL,named_licence
e-Stat terms of use; not read,1,,no_standard_licence
eQUEST freeware; other DOE-2 products per developer terms,1,,no_standard_licence
ecoinvent end user licence agreement (commercial),1,,no_standard_licence
etalab 2.0,1,Etalab,named_licence
etalab-2.0 (site texts); code open source,1,Etalab,named_licence
eupl-1.1,1,EUPL,named_licence
free access according to the page; licence terms sit on a separate page that was not read,1,,no_standard_licence
free and open access (usage conditions page),1,,no_standard_licence
free basic data under an agreement with Boverket,1,,no_standard_licence
free community service (terms of Team Cymru),1,,no_standard_licence
free download from ICHARM (no licence named on the page),1,,no_standard_licence
"free for academic research, commercial use by permission (page); CC BY 4.0 (DataCite)",1,CC-BY,named_licence
"free for commercial or non-commercial use (portal statement, conditions marked with an asterisk not read)",1,,no_standard_licence
"free of charge, no use restrictions (German geodata access law, GeoZG)",1,,no_standard_licence
free proprietary licence (CNES),1,,no_standard_licence
free public service (no formal licence; attribution requested),1,,no_standard_licence
free reuse including commercial with SURS acknowledged as source (SURS copyright statement),1,,no_standard_licence
free software under the Iber licence agreement (redistribution prohibited),1,,no_standard_licence
free tools; licence terms not stated on the home page,1,,no_standard_licence
free under the terms for high-value datasets containing personal data,1,,no_standard_licence
"free use for private and commercial purposes with source acknowledgement, according to the listing of the portal on the European data portal",1,,no_standard_licence
"free use incl. commercial, attribution and share-alike (Liechtenstein geodata terms)",1,,no_standard_licence
"free use including commercial, except production of forest statistics (terms on the site)",1,,no_standard_licence
"free use under INE terms (no redistribution or sale of the microdata, cite INE; statistics law 16.616)",1,,no_standard_licence
free use with attribution 'Breitbandatlas | Gigabit-Grundbuch' (Bundesnetzagentur terms),1,,no_standard_licence
free use with attribution of the source (stated on some layers; others state none),1,,no_standard_licence
free use with attribution; no redistribution without permission,1,,no_standard_licence
free use with source attribution (metadata: geta þarf heimilda),1,,no_standard_licence
"free use with source attribution requested (""Users are kindly requested to state the source"")",1,,no_standard_licence
free use with the stated citation,1,,no_standard_licence
free version described in the launch report; terms of use not read,1,,no_standard_licence
free web tool provided by WHO (WHO terms of use),1,,no_standard_licence
free web tool; terms not stated,1,,no_standard_licence
free with citation of IGS (IGS terms of reference),1,,no_standard_licence
"free, GURS general terms for geodetic data (attribution)",1,,no_standard_licence
freeware,1,,no_standard_licence
freeware (registration required); no open-source licence stated,1,,no_standard_licence
"freeware, terms not read on the page",1,,no_standard_licence
general conditions for the use of geodetic data apply; no licence type named on the page,1,,no_standard_licence
general terms of service (no open licence stated),1,,no_standard_licence
general terms of the SIGNAL network (no open licence stated),1,,no_standard_licence
general terms of use on the page (no open licence stated),1,,no_standard_licence
geoportal.lt copyright terms (not read),1,,no_standard_licence
gov.ie content (reuse terms not read),1,,no_standard_licence
gov.ie terms (not read),1,,no_standard_licence
gub.uy terms of use (not read),1,,no_standard_licence
http://creativecommons.org/publicdomain/zero/1.0,1,CC0,named_licence
http://rightsstatements.org/page/InC-NC/1.0/,1,,no_standard_licence
http_data_sbb_ch_page_licence (http_data_sbb_ch_page_licence),1,,no_standard_licence
https://creativecommons.org/licenses/by-nc/4.0/,1,CC-BY-NC,named_licence
https://creativecommons.org/publicdomain/zero/1.0,1,CC0,named_licence
https://dataverse.geus.dk/api/datasets/:persistentId/versions/1.0/customlicense?persistentId=doi:10.22008/FK2/NLX5SX,1,,no_standard_licence
https://github.com/ames-market/AMES-V5.0/blob/master/LICENSE.rst (as given in the list),1,,no_standard_licence
https://opendatacommons.org/licenses/pddl/1-0/,1,PDDL,named_licence
https://www.digital.sncf.com/startup/API/conditions-generales-dutilisation-de-lapi-sncf,1,,no_standard_licence
"iTrust terms of usage (as is, on request)",1,,no_standard_licence
licence file in the Code Ocean capsule (not named on the pages read),1,,no_standard_licence
licence files per content folder in the repository (NIST-developed content),1,,no_standard_licence
licence given by link only (http://developer.metro.net/the-basics/policies/terms-and-conditions/); licence given by link only (https://developer.metro.net/terms-conditions/),1,,no_standard_licence
licence given by link only (http://developer.reittiopas.fi/pages/en/home.php),1,,no_standard_licence
licence given by link only (http://developer.rideuta.com/TermsOfUse.aspx),1,,no_standard_licence
licence given by link only (http://developer.trimet.org/terms_of_use.shtml),1,,no_standard_licence
licence given by link only (http://gtfs.bigbluebus.com/); not stated in the Mobility Database listing (licence field empty),1,,no_standard_licence
licence given by link only (http://sagestage.com/gtfs-data/),1,,no_standard_licence
licence given by link only (http://sanjoaquinrtd.com/preview/terms-of-use/); licence given by link only (https://www.goswift.ly/api-license),1,,no_standard_licence
licence given by link only (http://szegedimenetrend.hu/),1,,no_standard_licence
licence given by link only (http://web.mta.info/developers/developer-data-terms.html),1,,no_standard_licence
licence given by link only (http://web.mta.info/developers/developer-data-terms.html); licence given by link only (https://api.mta.info/#/DataFeedAgreement); not stated in the Mobility Database listing (licence field emp,1,,no_standard_licence
licence given by link only (http://www.actransit.org/data-terms-and-conditions/); licence given by link only (https://www.actransit.org/data-terms-and-conditions/),1,,no_standard_licence
licence given by link only (http://www.bart.gov/schedules/developers/developer-license-agreement); not stated in the Mobility Database listing (licence field empty),1,,no_standard_licence
licence given by link only (http://www.cabq.gov/abq-data/abq-data-disclaimer-1); licence given by link only (https://www.goswift.ly/api-license),1,,no_standard_licence
licence given by link only (http://www.cityofmadison.com/metro/Apps/developers.cfm); not stated in the Mobility Database listing (licence field empty),1,,no_standard_licence
licence given by link only (http://www.cota.com/data),1,,no_standard_licence
licence given by link only (http://www.crtm.es/licencia-de-uso),1,,no_standard_licence
licence given by link only (http://www.greatersudbury.ca/inside-city-hall/open-government/open-data/open-data-apps/),1,,no_standard_licence
licence given by link only (http://www.halifax.ca/opendata/OD_TermsOfUse.php); licence given by link only (http://www.halifax.ca/opendata/transit.php),1,,no_standard_licence
licence given by link only (http://www.horariosdofunchal.pt/index.php?option=com_content&task=view&id=2022),1,,no_standard_licence
licence given by link only (http://www.knoxvilletn.gov/government/opendata/knoxville_area_transit_kat_gtfs_feed),1,,no_standard_licence
licence given by link only (http://www.massport.com/media/1651/massportdatalicenseagreement.pdf),1,,no_standard_licence
licence given by link only (http://www.metlink.org.nz/customer-services/general-transit-feed-specification/); licence given by link only (https://opendata.metlink.org.nz/getting-started),1,,no_standard_licence
licence given by link only (http://www.mississauga.ca/portal/miway/developerdownload); licence given by link only (https://www.mississauga.ca/miway-transit/developer-download/),1,,no_standard_licence
licence given by link only (http://www.nicebus.com/NiceBus/media/NiceBus-Images/131030_Legal-Agreements.pdf); not stated in the Mobility Database listing (licence field empty),1,,no_standard_licence
licence given by link only (http://www.oakville.ca/data/oakville-transit-route-information.html),1,,no_standard_licence
licence given by link only (http://www.octa.net/News-and-Resources/Open-Data/Overview/),1,,no_standard_licence
licence given by link only (http://www.opendefinition.org/licenses/odc-by),1,ODC-By,named_licence
licence given by link only (http://www.regionofwaterloo.ca/en/regionalGovernment/GRT_GTFSdata.asp),1,,no_standard_licence
licence given by link only (http://www.riderta.com/developers),1,,no_standard_licence
licence given by link only (http://www.sacrt.com/gtfs.stm),1,,no_standard_licence
licence given by link only (http://www.simur.gov.co/gtfs),1,,no_standard_licence
licence given by link only (http://www.votran.org/about-us/data.stml),1,,no_standard_licence
licence given by link only (https://511.org/about/terms),1,,no_standard_licence
licence given by link only (https://acikveri.bizizmir.com/dataset/toplu-ulasim-gtfs-verileri/resource/822f89be-48bf-4b36-8ed8-1912511032c4),1,,no_standard_licence
licence given by link only (https://acikveri.bizizmir.com/dataset/toplu-ulasim-gtfs-verileri/resource/c2995cbe-2e89-451b-86e7-2cc2a4f4a94a),1,,no_standard_licence
licence given by link only (https://api.mta.info/#/DataFeedAgreement),1,,no_standard_licence
licence given by link only (https://bip.mazowieckie.com.pl/pl/ponowne-wykorzystywanie-informacji-sektora-publicznego),1,,no_standard_licence
licence given by link only (https://bip.plk-sa.pl/ponowne-wykorzystywanie),1,,no_standard_licence
licence given by link only (https://brampton.maps.arcgis.com/home/item.html?id=a355aabd5a8c490186bdce559c9c75fb),1,,no_standard_licence
licence given by link only (https://c-tran.com/about-c-tran/business/c-tran-gtfs-data),1,,no_standard_licence
licence given by link only (https://catalogue-moncton.opendata.arcgis.com/datasets/transit-files-gtfs),1,,no_standard_licence
licence given by link only (https://catalogue-saintjohn.opendata.arcgis.com/datasets/d6f4783521364429a2e51a64c60ae234/about),1,,no_standard_licence
licence given by link only (https://corporate.sunrail.com/about-sunrail/gtfs-data-download/),1,,no_standard_licence
licence given by link only (https://dadesobertes.fgc.cat/explore/?q=gtfs_zip),1,,no_standard_licence
licence given by link only (https://dadesobertes.gva.es/va/dataset/tra-hyr-atmv-horaris-i-rutes),1,,no_standard_licence
licence given by link only (https://dados.gov.pt/pt/datasets/gtfs-carris-metropolitana/),1,,no_standard_licence
licence given by link only (https://dados.gov.pt/pt/datasets/gtfs-estaticos-servicos-municipalizados-de-transportes-urbanos-de-coimbra/),1,,no_standard_licence
licence given by link only (https://dados.pbh.gov.br/dataset/feed-gtfs-estatico-do-sistema-suplementar); licence given by link only (https://dados.pbh.gov.br/dataset/gtfs-estatico-do-sistema-convencional),1,,no_standard_licence
licence given by link only (https://dadosabertos.cascais.pt/dataset/gtfs-mobicascais),1,,no_standard_licence
licence given by link only (https://data.bus-data.dft.gov.uk/guidance/requirements/),1,,no_standard_licence
licence given by link only (https://data.calgary.ca/stories/s/u45n-7awa/); not stated in the Mobility Database listing (licence field empty),1,,no_standard_licence
licence given by link only (https://data.ctb.eus/en/pages/legal-notice),1,,no_standard_licence
licence given by link only (https://data.essex.gov.uk/dataset/2ydj8/essex-bus-network-data),1,,no_standard_licence
licence given by link only (https://data.gov.hk/en/terms-and-conditions),1,,no_standard_licence
licence given by link only (https://data.gov.lv/dati/eng/dataset/iekszemes-dzelzcela-vilcienu-kustibas-saraksts-gtfs-formata),1,,no_standard_licence
licence given by link only (https://data.gov.lv/dati/lv/dataset/marsrutu-saraksti-rigas-satiksme-sabiedriskajam-transportam),1,,no_standard_licence
licence given by link only (https://data.gov.ro/base/images/logoinst/OGL-ROU-1.0.pdf),1,OGL-UK,named_licence
licence given by link only (https://data.gov.rs/sr/datasets/prigradski-javni-prevoz-u-u-beogradu-gtfs/),1,,no_standard_licence
licence given by link only (https://data.gov.rs/sr/terms/),1,,no_standard_licence
licence given by link only (https://data.gov.sg/open-data-licence),1,,no_standard_licence
licence given by link only (https://data.renfe.com/dataset/horarios-cercanias/resource/6f1523c6-a9e3-48e3-9ace-bb107a762be6); licence given by link only (https://data.renfe.com/dataset/horarios-viaje-cercanias); licence ,1,,no_standard_licence
licence given by link only (https://data.strathcona.ca/Transportation/Transit-Bus-Schedule-GTFS-Data-Feed-Zip-File/2ek5-rxs5/data?no_mobile=true); licence given by link only (https://www.edmonton.ca/transportation/Web-ve,1,,no_standard_licence
licence given by link only (https://data.whitehorse.ca/),1,,no_standard_licence
licence given by link only (https://dati.comune.milano.it/dataset/ds929-orari-del-trasporto-pubblico-locale-nel-comune-di-milano-in-formato-gtfs),1,,no_standard_licence
licence given by link only (https://dati.regione.calabria.it/catalogo/percorsi-linee-trasporto-pubblico/),1,,no_standard_licence
licence given by link only (https://datos.emtmadrid.es/dataset/tiempo-real-para-autobuses-de-emt); not stated in the Mobility Database listing (licence field empty),1,,no_standard_licence
licence given by link only (https://dev-portal.at.govt.nz/),1,,no_standard_licence
licence given by link only (https://developer.entur.org/stops-and-timetable-data),1,,no_standard_licence
licence given by link only (https://developer.odpt.org/terms/data_basic_license.html),1,,no_standard_licence
licence given by link only (https://developer.scmetro.org/); licence given by link only (https://scmtd.com/en/riders-guide/google-transit/gtfs-dev-data),1,,no_standard_licence
licence given by link only (https://developer.tmb.cat/),1,,no_standard_licence
licence given by link only (https://developer.translink.ca/Home/TermsOfUse); licence given by link only (https://www.translink.ca/about-us/doing-business-with-translink/app-developer-resources/gtfs/gtfs-data),1,,no_standard_licence
licence given by link only (https://developer.wmata.com/license),1,,no_standard_licence
licence given by link only (https://dipl.nt.gov.au/data/bus-timetable-data-and-geographic-information),1,,no_standard_licence
licence given by link only (https://discover-milton.hub.arcgis.com/pages/disclaimer-and-terms-of-use),1,,no_standard_licence
licence given by link only (https://docs.carrismetropolitana.pt/covered-area),1,,no_standard_licence
licence given by link only (https://etaelpaso.gov/privacy-policy/); not stated in the Mobility Database listing (licence field empty),1,,no_standard_licence
licence given by link only (https://exo.quebec/fr/a-propos/donnees-ouvertes),1,,no_standard_licence
licence given by link only (https://exo.quebec/fr/a-propos/donnees-ouvertes); licence given by link only (https://exo.quebec/fr/a-propos/donnees-ouvertes/FormulaireDemandeAcces),1,,no_standard_licence
licence given by link only (https://explore.guelph.ca/pages/terms-of-use),1,,no_standard_licence
licence given by link only (https://github.com/aruneko/DonanbusGTFS/tree/master),1,,no_standard_licence
licence given by link only (https://github.com/carrismetropolitana/gtfs); not stated in the Mobility Database listing (licence field empty),1,,no_standard_licence
licence given by link only (https://github.com/sakayph/p2p-gtfs/blob/master/README.md),1,,no_standard_licence
licence given by link only (https://github.com/shubhamvelani/VapiGTFS/),1,,no_standard_licence
licence given by link only (https://github.com/transcollines/GTFS-RT/blob/master/LICENCE.MD); licence given by link only (https://github.com/transcollines/GTFS?tab=License-1-ov-file#readme),1,,no_standard_licence
licence given by link only (https://github.com/trufi-association/Trujillo-OMUS/blob/main/LICENSE),1,,no_standard_licence
licence given by link only (https://gocitybus.com/terms-for-use),1,,no_standard_licence
licence given by link only (https://gtfs.be/),1,,no_standard_licence
licence given by link only (https://gtfs.be/); not stated in the Mobility Database listing (licence field empty),1,,no_standard_licence
licence given by link only (https://gtfs.de/en/realtime/),1,,no_standard_licence
licence given by link only (https://hmrl.co.in/open-data.html),1,,no_standard_licence
licence given by link only (https://jbb.ghsq.de/kde/2024/02/25/Call-for-feeds-Make-your-region-available-in-our-open-transit-router.html),1,,no_standard_licence
licence given by link only (https://keeptahoeblue.sharepoint.com/sites/LeaguetoSaveLakeTahoe-CommunityEngagement/_layouts/15/guestaccess.aspx?share=EdcHnLwMfdJLscvyGDDa8FwB_bLXkpj9XIuG5GFiKdlKJw&e=1yNB6c&download=1),1,,no_standard_licence
licence given by link only (https://kingcounty.gov/depts/transportation/metro/travel-options/bus/app-center/developer-resources/terms-of-use.aspx); not stated in the Mobility Database listing (licence field empty),1,,no_standard_licence
licence given by link only (https://metra.com/developers); licence given by link only (https://metra.com/gtfs-realtime-api-key-request-license-agreement),1,,no_standard_licence
licence given by link only (https://metrobus.com/gtfs.asp),1,,no_standard_licence
licence given by link only (https://mkuran.pl/gtfs/),1,,no_standard_licence
licence given by link only (https://mst.org/about-mst/developer-resources/),1,,no_standard_licence
licence given by link only (https://mvgo.org/developers/),1,,no_standard_licence
licence given by link only (https://nap-portugal.imt-ip.pt/nap/multimodalsupplydetail/200),1,,no_standard_licence
licence given by link only (https://nap.transportes.gob.es/licencia-datos); not stated in the Mobility Database listing (licence field empty),1,,no_standard_licence
licence given by link only (https://old.datahub.io/dataset/gtfs-nl); not stated in the Mobility Database listing (licence field empty),1,,no_standard_licence
licence given by link only (https://omr.gov.ua/ua/city/departments/dtks/open-data/),1,,no_standard_licence
licence given by link only (https://open.regina.ca/pages/terms-of-use),1,,no_standard_licence
licence given by link only (https://opendata.bkk.hu/data-sources); not stated in the Mobility Database listing (licence field empty),1,,no_standard_licence
licence given by link only (https://opendata.burlington.ca/opendata-terms-of-use/City%20of%20Burlington%20-%20Open%20Data%20Terms%20of%20Use.pdf); not stated in the Mobility Database listing (licence field empty),1,,no_standard_licence
licence given by link only (https://opendata.city-adm.lviv.ua/ne/dataset/lviv-public-transport-gtfs-real-time/resource/d45fd95a-ffc9-45b1-be05-52012707d51f?inner_span=True); licence given by link only (https://opendata.c,1,,no_standard_licence
licence given by link only (https://opendata.comune.palermo.it/opendata-dataset.php?dataset=1303),1,,no_standard_licence
licence given by link only (https://opendata.durham.ca/search?q=service%20alert); not stated in the Mobility Database listing (licence field empty),1,,no_standard_licence
licence given by link only (https://opendata.lethbridge.ca/pages/open-data-license),1,,no_standard_licence
licence given by link only (https://opendata.rnv-online.de/dataset/gtfs-general-transit-feed-specification),1,,no_standard_licence
licence given by link only (https://opendata.transport.nsw.gov.au/dataset/timetables-complete-gtfs); not stated in the Mobility Database listing (licence field empty),1,,no_standard_licence
licence given by link only (https://opendata.waltti.fi/docs); not stated in the Mobility Database listing (licence field empty),1,,no_standard_licence
licence given by link only (https://opendefinition.org/licenses/cc-by/),1,CC-BY,named_licence
licence given by link only (https://opentransportdata.swiss/en/terms-of-use/#Definitions); not stated in the Mobility Database listing (licence field empty),1,,no_standard_licence
licence given by link only (https://oregon-gtfs.trilliumtransit.com); licence given by link only (https://www.goswift.ly/api-license),1,,no_standard_licence
licence given by link only (https://oregon-gtfs.trilliumtransit.com); licence given by link only (https://www.goswift.ly/api-license); not stated in the Mobility Database listing (licence field empty),1,,no_standard_licence
licence given by link only (https://otwartedane.metropoliagzm.pl/en/dataset/rozklady-jazdy-i-lokalizacja-przystankow-gtfs-rt/resource/07aedb72-2464-4052-a380-0d45426fd83b?inner_span=True),1,,no_standard_licence
licence given by link only (https://peatus.ee/content/teenusest),1,,no_standard_licence
licence given by link only (https://pid.cz/o-systemu/opendata/); not stated in the Mobility Database listing (licence field empty),1,,no_standard_licence
licence given by link only (https://rabaride.com/resources/about_raba/index.php#collapselinks-18-50b1); licence given by link only (https://www.goswift.ly/api-license),1,,no_standard_licence
licence given by link only (https://romamobilita.it/it/tecnologie/open-data/dataset); not stated in the Mobility Database listing (licence field empty),1,,no_standard_licence
licence given by link only (https://solweb.tper.it/web/tools/open-data/open-data.aspx),1,,no_standard_licence
licence given by link only (https://spdx.org/licenses/CC-BY-4.0.html),1,CC-BY,named_licence
licence given by link only (https://stlaval.ca/a-propos/diffusion/donnees-ouvertes),1,,no_standard_licence
licence given by link only (https://svc.metrotransit.org); not stated in the Mobility Database listing (licence field empty),1,,no_standard_licence
licence given by link only (https://transit.torranceca.gov/home/showdocument?id=6052); not stated in the Mobility Database listing (licence field empty),1,,no_standard_licence
licence given by link only (https://translink.com.au/about-translink/open-data); licence given by link only (https://www.data.qld.gov.au/dataset/general-transit-feed-specification-gtfs-qconnect/resource/9850f8e5-f572-4de,1,,no_standard_licence
licence given by link only (https://translink.com.au/about-translink/open-data/gtfs-rt),1,,no_standard_licence
licence given by link only (https://transport.data.gouv.fr/datasets/offres-de-services-bus-tram-et-scolaire-au-format-gtfs-gtfs-rt-siri-lite-1),1,,no_standard_licence
licence given by link only (https://unghenitransport.md/index.php/retea-de-transport/open-data),1,,no_standard_licence
licence given by link only (https://unitrans.ucdavis.edu/about/gtfs/),1,,no_standard_licence
licence given by link only (https://vinetransit.com/open-data-portal/); licence given by link only (https://www.goswift.ly/api-license),1,,no_standard_licence
licence given by link only (https://www.amb.cat/en/web/area-metropolitana/dades-obertes/cataleg/detall/-/dataset/gtfs-real-time-bus-service/6332347/11692); not stated in the Mobility Database listing (licence field empty,1,,no_standard_licence
licence given by link only (https://www.arcgis.com/home/item.html?id=0bc9093b47c744fdb82af7e830ed8590),1,,no_standard_licence
licence given by link only (https://www.arlingtontransit.com/riding-art/rider-tools/tools-for-developers/); not stated in the Mobility Database listing (licence field empty),1,,no_standard_licence
licence given by link only (https://www.barrie.ca/services-payments/transportation-parking/barrie-transit/barrie-gtfs); not stated in the Mobility Database listing (licence field empty),1,,no_standard_licence
licence given by link only (https://www.capitolcorridor.org/developer_resources/#terms),1,,no_standard_licence
licence given by link only (https://www.capmetro.org/metrolabs/),1,,no_standard_licence
licence given by link only (https://www.city.kakegawa.shizuoka.jp/gyosei/docs/383694.html),1,,no_standard_licence
licence given by link only (https://www.cityofpasadena.net/pasadena-transit/real-time-applications/); not stated in the Mobility Database listing (licence field empty),1,,no_standard_licence
licence given by link only (https://www.communitytransit.org/OpenData); licence given by link only (https://www.communitytransit.org/opendata); not stated in the Mobility Database listing (licence field empty),1,,no_standard_licence
licence given by link only (https://www.cota.com/data/),1,,no_standard_licence
licence given by link only (https://www.cttransit.com/about/developers/terms-of-use),1,,no_standard_licence
licence given by link only (https://www.dart.org/transitdata/legalnotices.asp),1,,no_standard_licence
licence given by link only (https://www.data.qld.gov.au/dataset/general-transit-feed-specification-gtfs-qconnect/resource/03426b3e-1ea6-4878-bd9b-cfaef7ca2b1d?truncate=30&inner_span=True),1,,no_standard_licence
licence given by link only (https://www.data.qld.gov.au/dataset/general-transit-feed-specification-gtfs-qconnect/resource/48501fd9-148b-4b96-a9fa-b412d768048c),1,,no_standard_licence
licence given by link only (https://www.data.qld.gov.au/dataset/general-transit-feed-specification-gtfs-qconnect/resource/4b6cc276-0d70-4c9c-adac-0b8cb384268a),1,,no_standard_licence
licence given by link only (https://www.data.qld.gov.au/dataset/general-transit-feed-specification-gtfs-qconnect/resource/699184c3-8c0e-44db-8a83-7e23709aefbe),1,,no_standard_licence
licence given by link only (https://www.data.qld.gov.au/dataset/general-transit-feed-specification-gtfs-qconnect/resource/81030a70-b1e1-4cb1-b7ae-67051d1368e5),1,,no_standard_licence
licence given by link only (https://www.data.qld.gov.au/dataset/general-transit-feed-specification-gtfs-qconnect/resource/ee40c2d4-f170-426d-9719-3cc3e32c567c),1,,no_standard_licence
licence given by link only (https://www.data.qld.gov.au/dataset/general-transit-feed-specification-gtfs-translink/resource/e43b6b9f-fc2b-4630-a7c9-86dd5483552b),1,,no_standard_licence
licence given by link only (https://www.data.rio/datasets/gtfs-do-rio-de-janeiro/about),1,,no_standard_licence
licence given by link only (https://www.dcta.net/resources/open-data),1,,no_standard_licence
licence given by link only (https://www.donneesquebec.ca/recherche/dataset/rtc-gtfs-arrets-et-les-parcours),1,,no_standard_licence
licence given by link only (https://www.donneesquebec.ca/recherche/dataset/transport-collectif/resource/bd4021ba-d3ae-4d3b-b8fd-016405166761),1,,no_standard_licence
licence given by link only (https://www.donneesquebec.ca/recherche/fr/dataset/transport-sts),1,,no_standard_licence
licence given by link only (https://www.dtpm.cl/index.php/gtfs-vigente),1,,no_standard_licence
licence given by link only (https://www.duluthtransit.com/home/doing-business/developer-resources/); not stated in the Mobility Database listing (licence field empty),1,,no_standard_licence
licence given by link only (https://www.etalab.gouv.fr/wp-content/uploads/2017/04/ETALAB-Licence-Ouverte-v2.0.pdf),1,Etalab,named_licence
licence given by link only (https://www.fairfaxcounty.gov/connector/bustracker/data); not stated in the Mobility Database listing (licence field empty),1,,no_standard_licence
licence given by link only (https://www.fairfaxva.gov/government/public-works/cue-bus-map-schedule#GTFS%20Schedule%20Data%20anchor),1,,no_standard_licence
licence given by link only (https://www.ferry.nyc/developer-tools/); not stated in the Mobility Database listing (licence field empty),1,,no_standard_licence
licence given by link only (https://www.fredericksburgva.gov/1937/Developer-Resources),1,,no_standard_licence
licence given by link only (https://www.gobroomecounty.com/transit/gtfs),1,,no_standard_licence
licence given by link only (https://www.gov.il/he/pages/gtfs_general_transit_feed_specifications),1,,no_standard_licence
licence given by link only (https://www.govdata.de/dl-de/by-2-0),1,DL-DE,named_licence
licence given by link only (https://www.gtt.to.it/gtt_gtfs_license.html),1,,no_standard_licence
licence given by link only (https://www.hamilton.ca/city-council/data-maps/open-data/open-data-licence-terms-and-conditions),1,,no_standard_licence
licence given by link only (https://www.hsl.fi/en/hsl/open-data#gtfs-rt-ap-is),1,,no_standard_licence
licence given by link only (https://www.kvv.de/fahrplan/fahrplaene/open-data.html),1,,no_standard_licence
licence given by link only (https://www.ladottransit.com/dla.html),1,,no_standard_licence
licence given by link only (https://www.londontransit.ca/open-data/ltcs-open-data-terms-of-use/); not stated in the Mobility Database listing (licence field empty),1,,no_standard_licence
licence given by link only (https://www.looptrolley.com/resources); licence given by link only (https://www.metrostlouis.org/developer-resources/),1,,no_standard_licence
licence given by link only (https://www.mass.gov/doc/developers-license-agreement-11132009/download),1,,no_standard_licence
licence given by link only (https://www.mass.gov/files/documents/2017/10/27/develop_license_agree_0.pdf),1,,no_standard_licence
licence given by link only (https://www.metroinfo.co.nz/about/developer-resources#terms),1,,no_standard_licence
licence given by link only (https://www.mvg.de/verbindungen/Fahrplandaten.html),1,,no_standard_licence
licence given by link only (https://www.njtransit.com/developer-tools),1,,no_standard_licence
licence given by link only (https://www.octranspo.com/en/plan-your-trip/travel-tools/developers/); licence given by link only (https://www.octranspo.com/en/plan-your-trip/travel-tools/developers/dev-terms/),1,,no_standard_licence
licence given by link only (https://www.portauthority.org/business-center/developer-resources/developer-license-agreement/),1,,no_standard_licence
licence given by link only (https://www.regionofwaterloo.ca/en/regional-government/open-data.aspx); not stated in the Mobility Database listing (licence field empty),1,,no_standard_licence
licence given by link only (https://www.ride-gts.com/),1,,no_standard_licence
licence given by link only (https://www.ridedart.com/open-data-policy-and-terms-use); not stated in the Mobility Database listing (licence field empty),1,,no_standard_licence
licence given by link only (https://www.ridedmt.org/schedules-fares/gtfs-feed),1,,no_standard_licence
licence given by link only (https://www.ridemcts.com/policies/developer-terms),1,,no_standard_licence
licence given by link only (https://www.ridemetro.org/about/news-media/digital-assets),1,,no_standard_licence
licence given by link only (https://www.riderta.com/developers),1,,no_standard_licence
licence given by link only (https://www.rtcwashoe.com/terms-of-use/),1,,no_standard_licence
licence given by link only (https://www.rtd-denver.com/business-center/open-spatial-data/gtfs-license-agreement); licence given by link only (https://www.rtd-denver.com/business-center/open-spatial-data/gtfs-realtime-lic,1,,no_standard_licence
licence given by link only (https://www.rtl-longueuil.qc.ca/CMS/MediaFree/file/GTFS/Conditions_GTFS.pdf),1,,no_standard_licence
"licence given by link only (https://www.saskatoon.ca/services-residents/connect-your-city/open-data#:~:text=The%20data%20and%20information%20shared%20on%20Open%20Data,on%20services%20such%20as%20transit%20and%20procureme",1,,no_standard_licence
licence given by link only (https://www.sdmts.com/business-center-developers/terms-and-conditions),1,,no_standard_licence
licence given by link only (https://www.smtd.org/gtfs-information/); not stated in the Mobility Database listing (licence field empty),1,,no_standard_licence
licence given by link only (https://www.sofiatraffic.bg/bg/info-center/gtfs-danni),1,,no_standard_licence
licence given by link only (https://www.soundtransit.org/help-contacts/business-information/open-transit-data-otd/transit-data-terms-use),1,,no_standard_licence
licence given by link only (https://www.sto.ca/affaires/espace-developpeurs-donnees-ouvertes/conditions-dutilisation-donnees-ouvertes-et-cle-api-de-la-sto/),1,,no_standard_licence
licence given by link only (https://www.stpbrindisi.it/index.php/linee-e-orari/open-data-esercizio),1,,no_standard_licence
licence given by link only (https://www.suffolkcountyny.gov/Departments/Public-Works/Transportation/Terms-and-Conditions); not stated in the Mobility Database listing (licence field empty),1,,no_standard_licence
licence given by link only (https://www.tib.org/en/sobre-ctm/portal-de-transparencia/dades-obertes),1,,no_standard_licence
licence given by link only (https://www.trafiklab.se/api/gtfs-datasets/gtfs-sverige-2/),1,,no_standard_licence
licence given by link only (https://www.transperth.wa.gov.au/About/Spatial-Data-Access),1,,no_standard_licence
licence given by link only (https://www.transport.act.gov.au/contact-us/information-for-developers),1,,no_standard_licence
licence given by link only (https://www.vag-freiburg.de/service-infos/downloads/gtfs-daten),1,,no_standard_licence
licence given by link only (https://www.valencia.es/val/ajuntament/govern-obert),1,,no_standard_licence
licence given by link only (https://www.valleyregionaltransit.org/about-us/resources/); not stated in the Mobility Database listing (licence field empty),1,,no_standard_licence
licence given by link only (https://www.viarail.ca/en/developer-resources),1,,no_standard_licence
licence given by link only (https://www.vitoria-gasteiz.org/wb021/was/contenidoAction.do?idioma=es&uid=app_j34_0021),1,,no_standard_licence
licence given by link only (https://www.vrn.de/opendata/datasets/soll-fahrplandaten-gtfs-aktuell),1,,no_standard_licence
licence given by link only (https://www.vrs.de/fahren/fahrplanauskunft/opendata-/-openservice),1,,no_standard_licence
licence given by link only (https://www.wegotransit.com/contact-us/data-request-submission/),1,,no_standard_licence
licence given by link only (https://www.yrt.ca/en/about-us/open-data-licence-agreement.aspx); not stated in the Mobility Database listing (licence field empty),1,,no_standard_licence
licence given by link only (https://www.ztm.poznan.pl/otwarte-dane/dla-deweloperow/); licence given by link only (https://www.ztm.poznan.pl/pl/dla-deweloperow/index),1,,no_standard_licence
licence given by link only (https://www3.septa.org/developer/),1,,no_standard_licence
licence given by link only (https://ztp.krakow.pl); licence given by link only (https://ztp.krakow.pl/); not stated in the Mobility Database listing (licence field empty),1,,no_standard_licence
licence on request (FVT),1,,no_standard_licence
licence on request from JPL,1,,no_standard_licence
licence ouverte / open licence,1,Etalab,named_licence
"licence set per dataset in the Copernicus Climate Data Store (CDS terms of use, Article 4)",1,,no_standard_licence
licence set per resource in the GeoRisk Bénin metadata (reuse must cite GeoRisk Bénin / MCVT),1,,no_standard_licence
licence terms visible only to registered members,1,,no_standard_licence
licences stated per API on Trafiklab,1,,no_standard_licence
licences vary per dataset (for example Public Domain for the California Energy Commission layers),1,,no_standard_licence
licensed (full NSG); CC-BY (INSPIRE subset as listed on data.gov.uk),1,CC-BY,named_licence
licensed to GDV member insurers,1,,no_standard_licence
meteo.gr terms of use,1,,no_standard_licence
ministry terms of use (no open licence named),1,,no_standard_licence
mixed (CC-BY-4.0 for most),1,CC-BY,named_licence
"mixed per dataset (CC BY 4.0, CC BY-SA 4.0 or CC BY-NC 4.0)",1,CC-BY-NC|CC-BY-SA|CC-BY,named_licence
"mixed: CC BY-NC 4.0 on the housing-density and urbanisation layers; the plan layers carry a notice allowing informational use only, with commercial use prohibited without MIVIOT authorisation and citation of MIVIOT required",1,CC-BY-NC,named_licence
"mixed: free downloads through OpenGeoscience, licensed geoscience data, Open Government Licence and other licences",1,OGL-UK,named_licence
mixed; not stated on the suite page,1,,no_standard_licence
"mixed; some CIM-based documents incorporate CC BY-SA 4.0 material, while the IEC standards themselves are sold by IEC",1,CC-BY-SA,named_licence
model available to industry stakeholders under a specific licence of use (abstract page); dissertation text on arXiv,1,,no_standard_licence
"mostly CC-BY-4.0, CC-BY-SA-4.0 or CC0 (varies by dataset)",1,CC-BY-SA|CC0|CC-BY,named_licence
mostly public domain (NETL copyright status notice); datasets on EDX carry their own licences,1,,no_standard_licence
multi-user licence to SANSA and government departments; no public dissemination of the data,1,,no_standard_licence
nPerf End User License Agreement (proprietary),1,,no_standard_licence
"no conditions (metadata: public access without restrictions, use without conditions)",1,,no_standard_licence
no fees or access constraints stated in the service metadata,1,,no_standard_licence
no formal licence found; BIPT emailed permission to reuse (no guarantee of accuracy),1,,no_standard_licence
no licence granted (RTE site terms: right to consult only),1,,no_standard_licence
no licence issued (repository README: no licence for the UKGDS resources has been issued by SEDG),1,,no_standard_licence
no licence stated (free to view and download),1,,no_standard_licence
no limitations stated (Atom feed rights),1,,no_standard_licence
no restriction on use (data.go.kr),1,,no_standard_licence
"no restriction on use, as stated on the portal",1,,no_standard_licence
non-commercial licence (levelXdata terms; commercial use needs a separate licence),1,,no_standard_licence
non-commercial research licence (see repository),1,,no_standard_licence
non-commercial research licence on application,1,,no_standard_licence
non-commercial use only (per the data page),1,,no_standard_licence
"non-commercial use only, per the KSJ terms on the page",1,,no_standard_licence
non-commercial use under satellite owners' end user licence agreements,1,,no_standard_licence
non-disclosure request form; research use,1,,no_standard_licence
not applicable (article),1,,no_standard_licence
not applicable (case study; twin not published),1,,no_standard_licence
not applicable (journal article; data and code not published),1,,no_standard_licence
not applicable (news item; model not published),1,,no_standard_licence
not applicable (press releases and paper; simulator and data not published),1,,no_standard_licence
not applicable (project article; twin and data not published),1,,no_standard_licence
not applicable (project description; model and results not published),1,,no_standard_licence
not applicable (project report),1,,no_standard_licence
not applicable (project report; model and data not published),1,,no_standard_licence
not applicable (restricted access records),1,,no_standard_licence
not applicable (testbed access under acceptable use policies),1,,no_standard_licence
not applicable (testbed access under an acceptable use policy),1,,no_standard_licence
not applicable (vendor case description; survey data not published),1,,no_standard_licence
not confirmed (public domain per a third-party catalogue),1,,no_standard_licence
"not copyrighted; credit requested as 'Product of the Transboundary Freshwater Diplomacy Database, Oregon State University'",1,,no_standard_licence
not named on the page read,1,,no_standard_licence
"not named on the page read (indicative data, no liability)",1,,no_standard_licence
not named on the pages read (data described as open and free),1,,no_standard_licence
"not open data (independently collected, per the site)",1,,no_standard_licence
not read (APERC copyright),1,,no_standard_licence
not read (OECD terms),1,,no_standard_licence
not read (RNE legal disclaimer: information purposes only),1,,no_standard_licence
not read (a copyright statement page is linked),1,,no_standard_licence
"not read (public data under the BRO act, per the portal)",1,,no_standard_licence
not read (sold through the BKG shop; RapidEye for federal agencies only),1,,no_standard_licence
not read (terms of use linked on the hub),1,,no_standard_licence
not read (the AEMO pages that state copyright terms returned 403 to the session),1,,no_standard_licence
not released (internal models),1,,no_standard_licence
not stated (AFAD websites),1,,no_standard_licence
not stated (ASCE website),1,,no_standard_licence
not stated (Arup publication),1,,no_standard_licence
not stated (CIRIA website terms grant no reuse rights),1,,no_standard_licence
not stated (CRS reports are US legislative branch publications; no licence statement on the page read on 2026-09-29),1,,no_standard_licence
not stated (Copernicus service; login required),1,,no_standard_licence
not stated (DataCite lists the record as Closed Access),1,,no_standard_licence
not stated (DataCite rights field says only 'License'),1,,no_standard_licence
not stated (DataCite rights say only 'Other'),1,,no_standard_licence
not stated (EPRI copyright notice and DOE-sponsored disclaimer in the PDF; no open licence read on 2026-09-29),1,,no_standard_licence
not stated (Environics Analytics website terms grant no reuse rights),1,,no_standard_licence
not stated (GI Hub website),1,,no_standard_licence
not stated (GasBuddy website terms grant no reuse rights),1,,no_standard_licence
not stated (GeoNode metadata: license 'not_specified'),1,,no_standard_licence
not stated (IEEE DataPort standard dataset),1,,no_standard_licence
not stated (JWWA copyright page not read),1,,no_standard_licence
not stated (Kelvins page: Copyright © European Space Agency 2021); the describing arXiv preprint is under the arXiv non-exclusive distribution licence,1,,no_standard_licence
not stated (Lloyd's website terms: Lloyd's owns or licenses all rights in material on the site),1,,no_standard_licence
not stated (MIMU humanitarian use with attribution),1,,no_standard_licence
not stated (MIMU products with attribution),1,,no_standard_licence
not stated (MLIT website),1,,no_standard_licence
not stated (NETL EDX: 'License Not Specified'),1,,no_standard_licence
not stated (ORNL Open Energy Hub metadata: license null),1,,no_standard_licence
not stated (Open Development Mekong: 'No license given'),1,,no_standard_licence
not stated (Oracle website terms grant no reuse rights),1,,no_standard_licence
not stated (PLEXOS software licence needed to run),1,,no_standard_licence
not stated (ReliefWeb terms and conditions apply; no licence stated on the page read on 2026-09-29),1,,no_standard_licence
not stated (SILVIS Lab website),1,,no_standard_licence
not stated (Swedish copyright; conditions for use unknown),1,,no_standard_licence
not stated (Swedish public agency data),1,,no_standard_licence
not stated (The Clearing House website terms grant no reuse rights),1,,no_standard_licence
not stated (US Government publication page; no licence text read on 2026-09-29),1,,no_standard_licence
not stated (US Government report with disclaimer; no licence text read on 2026-09-29),1,,no_standard_licence
not stated (US Government sponsored report),1,,no_standard_licence
not stated (US federal agency press release; no licence text on the page read on 2026-09-29),1,,no_standard_licence
not stated (US federal data),1,,no_standard_licence
not stated (US government data; GIS data released only on request or to qualifying accounts),1,,no_standard_licence
not stated (US government report),1,,no_standard_licence
not stated (WHO conditions of use disclaimer),1,,no_standard_licence
not stated (WMO copyright),1,,no_standard_licence
not stated (World Bank service),1,,no_standard_licence
not stated (a Terms of Use link is on the page; its text was not read),1,,no_standard_licence
not stated (acknowledgement requested),1,,no_standard_licence
not stated (all rights reserved notice in the footer),1,,no_standard_licence
not stated (checked 2026-09-26),1,,no_standard_licence
not stated (cite Garcia et al. 2014),1,,no_standard_licence
not stated (cite the source when using the data),1,,no_standard_licence
not stated (commercial API; terms not read on 2026-09-29),1,,no_standard_licence
not stated (copyright CEOS),1,,no_standard_licence
not stated (copyright University of Maryland),1,,no_standard_licence
not stated (dados.gov.pt: 'Licença não especificada'),1,,no_standard_licence
not stated (data free of charge to everyone),1,,no_standard_licence
not stated (data set page not reachable on 2026-10-01; the paper is CC-BY-3.0),1,,no_standard_licence
not stated (data set page not reachable on 2026-10-01; the paper is CC-BY-NC-4.0),1,,no_standard_licence
not stated (data.ca.gov: 'License not specified'),1,,no_standard_licence
not stated (data.cnra.ca.gov: 'License not specified'),1,,no_standard_licence
not stated (data.gov.il: licence field empty),1,,no_standard_licence
"not stated (data.gov.uk lists ""Licence Not set"")",1,,no_standard_licence
"not stated (data.gov.uk lists ""Licence not specified"")",1,,no_standard_licence
"not stated (data.gov.uk record: dataset unpublished, licence field empty)",1,,no_standard_licence
not stated (data.nasa.gov: 'License not specified'),1,,no_standard_licence
not stated (data.virginia.gov: 'No License Provided'),1,,no_standard_licence
not stated (disclaimer only),1,,no_standard_licence
"not stated (disclaimer only: data are indicative, for information purposes and not for commercial use)",1,,no_standard_licence
not stated (disclaimer says data is provided as is),1,,no_standard_licence
not stated (fee-for-service access terms on each tool page),1,,no_standard_licence
"not stated (free of charge for research, per 2004 article)",1,,no_standard_licence
not stated (no licence file in the repository),1,,no_standard_licence
"not stated (no licence file in the repository, read 2026-09-28)",1,,no_standard_licence
not stated (no licence or terms statement in the PDF read on 2026-09-29),1,,no_standard_licence
not stated (no licence or terms statement in the PDF read on 2026-09-29; a US federal agency document),1,,no_standard_licence
not stated (no licence or terms statement in the PDF read on 2026-09-29; an Indian regulatory filing),1,,no_standard_licence
not stated (no licence or terms statement in the PDF read on 2026-09-29; disclosed by the system operator),1,,no_standard_licence
"not stated (no licence or terms statement in the PDF read on 2026-09-29; marked TLP:CLEAR, public distribution)",1,,no_standard_licence
"not stated (no licence or terms statement in the PDF read on 2026-09-29; marked TLP:WHITE, public distribution)",1,,no_standard_licence
not stated (no licence or terms statement in the executive summary read on 2026-09-29),1,,no_standard_licence
not stated (no licence or terms statement in the page text read on 2026-09-29),1,,no_standard_licence
not stated (no licence or terms statement in the report read on 2026-09-29; US federal agency publication),1,,no_standard_licence
not stated (no licence or terms statement in the report read on 2026-09-29; a government report of the two countries),1,,no_standard_licence
not stated (no licence or terms statement on the CPUC page read on 2026-09-29),1,,no_standard_licence
not stated (no licence or terms statement on the ETDEWEB record read on 2026-09-29),1,,no_standard_licence
not stated (no licence or terms statement on the PDF read on 2026-09-29),1,,no_standard_licence
not stated (no licence or terms statement on the PG&E page read on 2026-09-29; the report is a regulatory filing),1,,no_standard_licence
not stated (no licence or terms statement on the dataset page or the paper read on 2026-09-29); API use requires registration for a token,1,,no_standard_licence
not stated (no licence or terms statement on the page read on 2026-09-29; US federal agency publication),1,,no_standard_licence
not stated (no licence or terms statement on the page read on 2026-09-29; a US federal agency publication),1,,no_standard_licence
not stated (no licence or terms statement on the page read on 2026-09-29; a US federal website),1,,no_standard_licence
not stated (no licence or terms statement on the page read on 2026-09-29; the model itself is not offered for download),1,,no_standard_licence
not stated (no licence or terms statement on the page read on 2026-09-29; the page is in German),1,,no_standard_licence
not stated (no licence or terms statement on the pages read on 2026-09-29; individual datasets carry their own terms),1,,no_standard_licence
not stated (no licence or terms statement on the pages read on 2026-09-29; the preliminary data page asks users to contact the FMI contact person before presenting the data),1,,no_standard_licence
not stated (no licence or terms statement on the preprint read on 2026-09-29),1,,no_standard_licence
not stated (no licence or terms statement on the project page read on 2026-09-29),1,,no_standard_licence
not stated (no licence or terms statement on the provider page read on 2026-09-29; data republished with permission from ICE),1,,no_standard_licence
not stated (no licence or terms statement on the release read on 2026-09-29),1,,no_standard_licence
not stated (no licence statement in the PDF text read on 2026-09-29),1,,no_standard_licence
not stated (no licence statement in the paper text read on 2026-09-29; the repository licence was not checked),1,,no_standard_licence
not stated (no licence statement on the page read on 2026-09-29; European Commission site notice only),1,,no_standard_licence
not stated (no licence text in the page text read on 2026-09-29; page is in Japanese),1,,no_standard_licence
not stated (no licence text on the Partnership page read on 2026-09-29; the platform site itself was not read),1,,no_standard_licence
not stated (no licence text on the dataset page read on 2026-09-29),1,,no_standard_licence
not stated (no licence text on the index page read on 2026-09-29; page is in Japanese),1,,no_standard_licence
not stated (no licence text on the landing page read on 2026-09-29),1,,no_standard_licence
not stated (no licence text on the page read on 2026-09-29; page is in French),1,,no_standard_licence
not stated (no licence text on the page read on 2026-09-29; the page credits its header photograph as CC BY 3.0),1,,no_standard_licence
not stated (no licence text on the provider page read on 2026-09-29),1,,no_standard_licence
not stated (no licence text on the provider page read on 2026-09-29; made available with no expectation of usefulness or continued functionality),1,,no_standard_licence
not stated (not found on the pages read),1,,no_standard_licence
not stated (open-access paper; no software licence or code release stated),1,,no_standard_licence
not stated (open-source release in preparation),1,,no_standard_licence
not stated (page says DER-CAM is publicly available and free to use; no licence text on the page read on 2026-09-29),1,,no_standard_licence
not stated (page states the text is extracted from ETSI TS 103 410-1 V2.1.1 and falls inside the ETSI IPR Policy),1,,no_standard_licence
not stated (public report),1,,no_standard_licence
not stated (report carries a US Department of Energy disclaimer; no reuse licence text read on 2026-09-29),1,,no_standard_licence
not stated (report carries a US Government and Regents of the University of California disclaimer; no reuse licence read on 2026-09-29),1,,no_standard_licence
"not stated (see the NRC 'Obtaining the Codes' page, not read on 2026-09-29)",1,,no_standard_licence
not stated (site cites copyright limits on downloads),1,,no_standard_licence
not stated (the documentation page calls the library free and open source but gives no licence name),1,,no_standard_licence
not stated (the portal is described as open access),1,,no_standard_licence
"not stated (the portal items read carry no licence: licenseInfo empty, license ""none"")",1,,no_standard_licence
"not stated (users are asked to credit THyGA, the European Commission and the Clean Hydrogen Partnership)",1,,no_standard_licence
not stated (users own their data),1,,no_standard_licence
not stated (vendor web page; no licence text read on 2026-09-29),1,,no_standard_licence
"not stated for SingaPort Hybrid; its components (O²DES framework, PortML.Documents) are MIT",1,,no_standard_licence
not stated for the RIM2D model code; the Frontiers article is CC-BY,1,,no_standard_licence
not stated for the benchmark models; the WaterTAP implementation is BSD-3-Clause,1,,no_standard_licence
"not stated for the catalogue; the page says all listed software is unsupported and provided as-is, without warranty, unless the provider states otherwise",1,,no_standard_licence
not stated for the code (no LICENSE file in the GitHub repository); paper under the arXiv non-exclusive licence; the Hugging Face dataset requires sign-in,1,,no_standard_licence
not stated for the data (access limited to UK licensed satellite operators and government); site content under OGL v3.0,1,,no_standard_licence
not stated for the data (access limited to eligible bodies); website content under Licence Ouverte (etalab-2.0),1,,no_standard_licence
not stated for the data; BAFA site texts are CC-BY-ND-3.0 (DE port),1,,no_standard_licence
not stated for the data; CGIAR website materials may be reused for non-commercial purposes with attribution and under the same conditions,1,,no_standard_licence
not stated for the database (GitHub content repository MIT),1,,no_standard_licence
not stated for the dataset (research portal page read 2026-09-29 says access is restricted; the describing Data in Brief article is CC BY),1,,no_standard_licence
not stated for the dataset (the repository README has an empty licence section); the describing arXiv preprint is CC-BY-4.0,1,,no_standard_licence
not stated for the flood layers (source datasets are listed with their own licences),1,,no_standard_licence
not stated for the inventory; the listed datasets carry their own licences (mostly OGL-UK-3.0 for Network Rail open data),1,,no_standard_licence
not stated for the map data (gov.pl text content is CC BY-SA 4.0),1,,no_standard_licence
not stated for the model (the Wikipedia page is CC BY-SA; no software licence stated),1,,no_standard_licence
not stated for the model code; the describing arXiv preprint is under the CC-BY-NC-SA-4.0,1,,no_standard_licence
not stated for the model code; the describing arXiv preprint is under the CC-BY-SA-4.0,1,,no_standard_licence
not stated for the model files,1,,no_standard_licence
not stated for the model; PBL website content is under a Creative Commons licence,1,,no_standard_licence
not stated for the model; the describing article (TU Delft open journal) is under a Creative Commons licence,1,,no_standard_licence
not stated for the model; the describing article on revue-set.fr is CC-BY-NC-ND-4.0,1,,no_standard_licence
not stated for the models; TUFLOW wiki content is GFDL-1.3-or-later,1,,no_standard_licence
not stated for the package; the accepted manuscript is CC-BY-NC-ND-4.0,1,,no_standard_licence
not stated for the register data; gov.pl text content is CC-BY-SA-4.0,1,,no_standard_licence
not stated for the report; the Internet Society website terms forbid reuse not expressly authorised without written consent,1,,no_standard_licence
not stated for the resource; the DAFNI website says most of its content is CC-BY-NC-SA-4.0,1,,no_standard_licence
not stated for the resource; the describing article (doi:10.1002/swe.20100) is CC-BY-NC-ND-3.0,1,,no_standard_licence
not stated for the resource; the describing article (doi:10.1016/j.dib.2018.06.067) is CC-BY-4.0,1,,no_standard_licence
not stated for the resource; the describing article (doi:10.1016/j.dib.2023.109349) is CC-BY-NC-ND-4.0,1,,no_standard_licence
not stated for the resource; the describing article (doi:10.1016/j.ecoser.2021.101314) is CC-BY-4.0,1,,no_standard_licence
not stated for the resource; the describing article (doi:10.1016/j.envsoft.2019.02.006) is CC-BY-NC-ND-4.0,1,,no_standard_licence
not stated for the resource; the describing article (doi:10.1016/j.jpubtr.2026.100149) is CC-BY-4.0,1,,no_standard_licence
not stated for the resource; the describing article (doi:10.1016/j.rse.2021.112708) is CC-BY-4.0,1,,no_standard_licence
not stated for the resource; the describing article (doi:10.1016/j.rse.2026.115438) is CC-BY-4.0,1,,no_standard_licence
not stated for the resource; the describing article (doi:10.1029/2024sw003988) is CC-BY-NC-ND-4.0,1,,no_standard_licence
not stated for the resource; the describing article (doi:10.1038/s41597-020-00582-3) is CC-BY-4.0,1,,no_standard_licence
not stated for the resource; the describing article (doi:10.1038/s41597-025-05755-6) is CC-BY-4.0,1,,no_standard_licence
not stated for the resource; the describing article (doi:10.1038/sdata.2015.7) is CC-BY-4.0,1,,no_standard_licence
not stated for the resource; the describing article (doi:10.1038/sdata.2019.32) is CC-BY-4.0,1,,no_standard_licence
not stated for the resource; the describing article (doi:10.1080/01944363.2023.2284160) is CC-BY-4.0,1,,no_standard_licence
not stated for the resource; the describing article (doi:10.1088/1748-9326/9/6/064009) is CC-BY-3.0,1,,no_standard_licence
not stated for the resource; the describing article (doi:10.1093/pnasnexus/pgad429) is CC-BY-4.0,1,,no_standard_licence
not stated for the resource; the describing article (doi:10.1109/access.2021.3097627) is CC-BY-4.0,1,,no_standard_licence
not stated for the resource; the describing article (doi:10.1145/3560905.3567760) is CC-BY-4.0,1,,no_standard_licence
not stated for the resource; the describing article (doi:10.1371/journal.pone.0267397) is CC-BY-4.0,1,,no_standard_licence
not stated for the resource; the describing article (doi:10.3390/atmos9060209) is CC-BY-4.0,1,,no_standard_licence
not stated for the resource; the describing article (doi:10.3390/data10030035) is CC-BY-4.0,1,,no_standard_licence
not stated for the resource; the describing article (doi:10.3390/rs13214357) is CC-BY-4.0,1,,no_standard_licence
not stated for the resource; the describing article (doi:10.48550/arxiv.1906.07471) is under the arXiv non-exclusive distribution licence,1,,no_standard_licence
not stated for the site's own presentation; the page credits the underlying ORNL EAGLE-I outage data (2014 to 2025) as CC BY 4.0,1,,no_standard_licence
not stated for the software; the nsnam wiki content is CC-BY-SA-4.0,1,,no_standard_licence
not stated for the thematic layers (basemaps credited CC BY 4.0 to scne.es and ign.es),1,,no_standard_licence
not stated for the tool; UC ANR web content is CC-BY-NC-ND-4.0,1,,no_standard_licence
not stated in metadata read,1,,no_standard_licence
not stated in the OpenAlex record; software release not confirmed,1,,no_standard_licence
not stated in the PDF read (US government publication),1,,no_standard_licence
not stated in the PDF text read on 2026-09-29 (a US federal agency report; NTSB publications are also sold through NTIS as PB2012-916501),1,,no_standard_licence
not stated in the PDF text read on 2026-09-29 (a US federal agency staff document); the PDF says it does not necessarily reflect the views of the Commission,1,,no_standard_licence
not stated in the PDF text read on 2026-09-29 (a US federal agency staff report),1,,no_standard_licence
not stated in the PDF text read on 2026-09-29; the report carries AEMO copyright (c) 2017 and a disclaimer,1,,no_standard_licence
not stated in the ScienceBase metadata read (USGS data release),1,,no_standard_licence
not stated in the app,1,,no_standard_licence
not stated in the application read,1,,no_standard_licence
not stated in the catalogue entries,1,,no_standard_licence
not stated in the catalogue entry or on the page read,1,,no_standard_licence
not stated in the documentation read,1,,no_standard_licence
not stated in the download form read,1,,no_standard_licence
not stated in the entry read,1,,no_standard_licence
not stated in the hub metadata (license field empty),1,,no_standard_licence
not stated in the listing,1,,no_standard_licence
not stated in the metadata read (WFS lists no fees or access constraints),1,,no_standard_licence
not stated in the metadata record (free data),1,,no_standard_licence
not stated in the opening pages read,1,,no_standard_licence
not stated in the opening pages read; views are the authors' own,1,,no_standard_licence
not stated in the page text read,1,,no_standard_licence
not stated in the part read,1,,no_standard_licence
not stated in the part read (attribution document linked),1,,no_standard_licence
not stated in the part read (data.gov access level public),1,,no_standard_licence
not stated in the part read (panels marked public),1,,no_standard_licence
not stated in the portal item metadata (licenseInfo empty); set on each dataset page,1,,no_standard_licence
not stated in the product description read,1,,no_standard_licence
not stated in the repository,1,,no_standard_licence
not stated in the repository (no licence file found); distributed through the QGIS plugin repository,1,,no_standard_licence
not stated in the repository (no licence file); cite the CANet paper,1,,no_standard_licence
not stated in the repository (no licence file); cite the VehicleSec 2024 paper,1,,no_standard_licence
not stated in the repository root,1,,no_standard_licence
not stated in the repository; CEN standard document sold by CEN,1,,no_standard_licence
not stated in the terms read (ESA website),1,,no_standard_licence
not stated in the text read (report carries an OECD 2011 copyright line; reuse terms were not on the pages read on 2026-09-29),1,,no_standard_licence
not stated in the viewer; INEGI terms of free use apply to INEGI information (not read),1,,no_standard_licence
not stated on the API pages,1,,no_standard_licence
not stated on the DOE Data Explorer record (US government-funded data; check the NREL data repository terms),1,,no_standard_licence
not stated on the HDX dataset page (HDX site content is CC BY 4.0 except where otherwise noted),1,,no_standard_licence
not stated on the NYC Open Data entry,1,,no_standard_licence
not stated on the OSTI record,1,,no_standard_licence
not stated on the PDF read on 2026-09-29; a US federal government publication,1,,no_standard_licence
not stated on the Treesearch page read,1,,no_standard_licence
not stated on the Zenodo record read (derived works cite the scenario data as CC BY 4.0),1,,no_standard_licence
not stated on the article page read,1,,no_standard_licence
not stated on the dataset page read,1,,no_standard_licence
not stated on the download page (ENTSO-E website terms),1,,no_standard_licence
not stated on the fact sheet,1,,no_standard_licence
not stated on the index (attribution and citation guidance linked),1,,no_standard_licence
not stated on the index page,1,,no_standard_licence
not stated on the list site; linked resources carry their own terms,1,,no_standard_licence
not stated on the map,1,,no_standard_licence
not stated on the overview page,1,,no_standard_licence
not stated on the page (open data format offered),1,,no_standard_licence
not stated on the page (site footer: all rights reserved),1,,no_standard_licence
not stated on the page read (BlueBooks are described as downloadable),1,,no_standard_licence
not stated on the page read (Commission disclaimer on accuracy),1,,no_standard_licence
not stated on the page read (Eurostat microdata access conditions),1,,no_standard_licence
not stated on the page read (NRW attribution statement; licence linked from the page),1,,no_standard_licence
not stated on the page read (NYC open data),1,,no_standard_licence
not stated on the page read (U.S. Government data product),1,,no_standard_licence
not stated on the page read (US federal programme; data published for public use),1,,no_standard_licence
not stated on the page read (US federal publication),1,,no_standard_licence
not stated on the page read (US government journal),1,,no_standard_licence
not stated on the page read (US government publication),1,,no_standard_licence
not stated on the page read (US government software),1,,no_standard_licence
not stated on the page read (US government),1,,no_standard_licence
not stated on the page read (US state government web page),1,,no_standard_licence
not stated on the page read (USGS publications are generally public domain),1,,no_standard_licence
not stated on the page read (access stated as free),1,,no_standard_licence
not stated on the page read (commercial imagery; PakTES-1A free for academic use),1,,no_standard_licence
not stated on the page read (commercial product),1,,no_standard_licence
not stated on the page read (commercial terms),1,,no_standard_licence
not stated on the page read (copyright CGI 2017),1,,no_standard_licence
"not stated on the page read (data disclaimer restricts to public information use, not commercial or legal use)",1,,no_standard_licence
"not stated on the page read (described as publicly available, non-confidential cases)",1,,no_standard_licence
not stated on the page read (disclaimer linked),1,,no_standard_licence
not stated on the page read (download after survey),1,,no_standard_licence
not stated on the page read (free and open to the public to view and use),1,,no_standard_licence
not stated on the page read (free download),1,,no_standard_licence
not stated on the page read (open access),1,,no_standard_licence
not stated on the page read (restricted record),1,,no_standard_licence
not stated on the page read (set by each national agency),1,,no_standard_licence
not stated on the page read (specifications are described as made available free of charge),1,,no_standard_licence
not stated on the page read (terms of use apply),1,,no_standard_licence
not stated on the page read (the solution is described as free open source),1,,no_standard_licence
not stated on the page read (usage specifications linked),1,,no_standard_licence
not stated on the page read (users are asked to cite the original authors),1,,no_standard_licence
not stated on the page read (varies by dataset),1,,no_standard_licence
not stated on the page read on 2026-09-29 (US Congressional Research Service work republished by a library project),1,,no_standard_licence
not stated on the page read on 2026-09-29 (US federal agency records),1,,no_standard_licence
not stated on the page read; cite Zarfl et al. 2015,1,,no_standard_licence
not stated on the page read; described as open source,1,,no_standard_licence
not stated on the page read; free of charge for the user community after a short registration,1,,no_standard_licence
not stated on the page read; the design needs a commercial STK licence,1,,no_standard_licence
"not stated on the page read; the map credits TeleGeography, PeeringDB, Submarine Networks, CAIDA, IPinfo and UO Route Views",1,,no_standard_licence
not stated on the page; a DOI (10.7419/162.03.2022) is given for citation,1,,no_standard_licence
not stated on the page; citation of Evelpidou et al. (2023) requested,1,,no_standard_licence
not stated on the page; the page gives a contact for questions on data use,1,,no_standard_licence
not stated on the pages read (2026-09-29); a use instructions and licence PDF accompanies the base map projects,1,,no_standard_licence
not stated on the pages read (NASS terms of service for the API),1,,no_standard_licence
not stated on the pages read (OECD publication),1,,no_standard_licence
not stated on the pages read (PMC author manuscript),1,,no_standard_licence
not stated on the pages read (SGIS terms of use accepted when requesting data),1,,no_standard_licence
not stated on the pages read (article free to read at PNAS),1,,no_standard_licence
not stated on the pages read (copyright Enerdata),1,,no_standard_licence
not stated on the pages read (detailed data under the Public Sector Geospatial Agreement),1,,no_standard_licence
not stated on the pages read (free of charge),1,,no_standard_licence
not stated on the pages read (free to read),1,,no_standard_licence
not stated on the pages read (item licence field empty),1,,no_standard_licence
not stated on the pages read (publicly available at no cost),1,,no_standard_licence
not stated on the pages read (site copyright Heat Roadmap Europe),1,,no_standard_licence
not stated on the pages read; the document says the information is general and the Commonwealth does not guarantee accuracy,1,,no_standard_licence
not stated on the paper,1,,no_standard_licence
not stated on the paper; no code release confirmed,1,,no_standard_licence
not stated on the platform (checked 2026-09-26),1,,no_standard_licence
not stated on the portal home page,1,,no_standard_licence
not stated on the portal page; protected area for data purchase (Geoshop),1,,no_standard_licence
not stated on the toolkit pages read,1,,no_standard_licence
not stated on the tools page (repository not read),1,,no_standard_licence
not stated on the wiki page,1,,no_standard_licence
not stated per project on the list page,1,,no_standard_licence
"not stated; ""Hakcipta Terpelihara"" (all rights reserved) in the footer",1,,no_standard_licence
not stated; ABNT standards themselves are sold by ABNT,1,,no_standard_licence
not stated; NVE data on Geonorge is described in a search summary as available as WFS in GML,1,,no_standard_licence
not stated; cadastral maps by subscription only,1,,no_standard_licence
not stated; contest terms and conditions,1,,no_standard_licence
not stated; county data disclaimer with no warranty and no commercial use of lists of individuals,1,,no_standard_licence
not stated; maps free from the data catalogue or on request,1,,no_standard_licence
not stated; raw submissions confidential,1,,no_standard_licence
not stated; research platform,1,,no_standard_licence
not stated; source and partnership information per dataset in the map,1,,no_standard_licence
not stated; the EGIG site grants no rights or licences,1,,no_standard_licence
not stated; the site has a copyright and use policy page (not read),1,,no_standard_licence
not stated; use is restricted to road-sector users,1,,no_standard_licence
not yet specified; the README asks users to coordinate with Sinar Project before reuse or redistribution,1,,no_standard_licence
"notspecified, cc-by",1,CC-BY,named_licence
"notspecified, cc-zero, cc-by",1,CC0|CC-BY,named_licence
nuScenes terms of use (non-commercial research; not read); devkit Apache-2.0,1,Apache,named_licence
open access (licence not named on the record page),1,,no_standard_licence
open access (no licence named),1,,no_standard_licence
open access article; licence not confirmed on the page read,1,,no_standard_licence
open access article; no code released,1,,no_standard_licence
open access copy on reUNIR (licence not read),1,,no_standard_licence
open access for scientific use with a required acknowledgement (rules of the road); no formal licence named,1,,no_standard_licence
open access viewer; licence not stated,1,,no_standard_licence
open core with commercial licence for advanced features (see repository),1,,no_standard_licence
"open data (""Terbuka""); licence name not stated",1,,no_standard_licence
open data (licence not stated in the news read),1,,no_standard_licence
open data according to the search summaries; terms not read,1,,no_standard_licence
open data definition cited (attribution and share-alike at most); feed licence not named,1,,no_standard_licence
open data without conditions,1,,no_standard_licence
"open data, free use with source citation (ICNF terms)",1,,no_standard_licence
open licence (name not stated on the overview page read),1,,no_standard_licence
open software (licence not named in the news item),1,,no_standard_licence
open source (licence file on GitHub not read; citation required for use of the public system),1,,no_standard_licence
open source (licence named in the code distribution),1,,no_standard_licence
open source (licence not named on the pages read); needs a GAMS licence,1,,no_standard_licence
open source (licence not named); needs an ArcGIS licence to run,1,,no_standard_licence
open source; exact component licences not inspected,1,,no_standard_licence
open source; exact software licence not established,1,,no_standard_licence
open source; exact terms not inspected,1,,no_standard_licence
opendata.swiss terms of use,1,,no_standard_licence
opendata.swiss terms of use set by SFOE (exact category not read),1,,no_standard_licence
opendata.swiss terms of use set per dataset (two terms categories among the 26 datasets; not read individually),1,,no_standard_licence
opendata.swiss terms: open use with source attribution (BY),1,,no_standard_licence
openly shared without restriction under the EOSDIS Data Use and Citation Guidance (as stated on the catalog page),1,,no_standard_licence
opentransportdata.swiss terms of use (open data with attribution),1,,no_standard_licence
"other closed licence, as stated on Open.NRW",1,,no_standard_licence
other non-commercial licence (terms not stated in the catalogue),1,,no_standard_licence
other non-commercial licence as labelled on the portal,1,,no_standard_licence
other open licence (as labelled on Zenodo),1,,no_standard_licence
other open licence (terms not stated in the catalogue),1,,no_standard_licence
other open licence listed; data released on request,1,,no_standard_licence
"other open licence with attribution, as labelled on the portal",1,,no_standard_licence
other-open (Zenodo; detailed terms unspecified),1,,no_standard_licence
paid subscription for high-detail data; free base datasets,1,,no_standard_licence
"paper stated as open access, CC BY-NC-ND (per the ISOC LIVE summary)",1,CC-BY-NC-ND,named_licence
"per collection: some model collections are public domain, others need the Universal NDA",1,,no_standard_licence
per database (set by each data provider),1,,no_standard_licence
per dataset (Gustave Eiffel 2024 set GPL-3.0-or-later),1,GPL,named_licence
"per dataset (mainly CC BY, CC BY-SA and ODbL)",1,CC-BY-SA|CC-BY|ODbL,named_licence
per dataset (mostly Licence Ouverte 2.0 or ODbL),1,ODbL|Etalab,named_licence
per dataset (see data.ny.gov terms),1,,no_standard_licence
"per dataset, mostly Creative Commons Attribution",1,CC-BY,named_licence
"per layer (owner's terms; many Creative Commons, Esri terms for Living Atlas)",1,,no_standard_licence
per simulation: unrestricted or non-commercial (CORDEX RCM list),1,,no_standard_licence
per-feature source licences (for example OpenStreetMap ODbL); check the source fields,1,ODbL,named_licence
permissive NASA open-source licence for the Python version (web tool terms not stated),1,,no_standard_licence
platform access policy (tiers by user eligibility),1,,no_standard_licence
platform terms of use; hosted models and data carry their own licences,1,,no_standard_licence
platform's own terms of use (独自利用規約),1,,no_standard_licence
portal conditions of use (not read),1,,no_standard_licence
proprietary (AWS service terms),1,,no_standard_licence
proprietary (Cloudscene website terms),1,,no_standard_licence
"proprietary (ESO copyright), view only",1,,no_standard_licence
proprietary (Itasca EULA),1,,no_standard_licence
proprietary (JPL; download for licensed users only),1,,no_standard_licence
proprietary (Personal Learning Edition free for evaluation and personal use),1,,no_standard_licence
proprietary (Python API GPL-3.0-or-later),1,GPL,named_licence
"proprietary (all rights reserved, IRU/ITF)",1,,no_standard_licence
proprietary (annual statistics sold for a cost contribution),1,,no_standard_licence
proprietary (closed source; contact INL),1,,no_standard_licence
proprietary (commercial; Spire data descriptions and order forms),1,,no_standard_licence
proprietary (contact Argonne),1,,no_standard_licence
proprietary (contact INL),1,,no_standard_licence
proprietary (distributed with IZUBA Energies; terms not stated on the page),1,,no_standard_licence
proprietary (licensing through PNNL),1,,no_standard_licence
"proprietary (paid annual licence, CIRIA terms and conditions)",1,,no_standard_licence
proprietary (plant-specific models licensed; free demonstration modules),1,,no_standard_licence
proprietary (subscription licence; free university licence),1,,no_standard_licence
proprietary (subscription),1,,no_standard_licence
proprietary (terms not stated on the page read),1,,no_standard_licence
"proprietary (the describing article, itself CC-BY-3.0, states that the software carries independent proprietary rights)",1,CC-BY,named_licence
proprietary commercial model,1,,no_standard_licence
proprietary commercial product,1,,no_standard_licence
proprietary product; terms not inspected,1,,no_standard_licence
proprietary publication,1,,no_standard_licence
proprietary service (Dandelion Energy EULA),1,,no_standard_licence
proprietary service (training and exercise offering),1,,no_standard_licence
proprietary software; VITO terms of use (not read),1,,no_standard_licence
proprietary subscription service; the R5 routing engine is open source (MIT),1,MIT,named_licence
proprietary; internal Deutsche Bahn system (no public licence stated),1,,no_standard_licence
proprietary; provider states independent intellectual property,1,,no_standard_licence
proprietary; teaching and research version free of charge,1,,no_standard_licence
proprietary; terms not established,1,,no_standard_licence
proprietary; terms not published on the page,1,,no_standard_licence
provided as-is (NIST beta software; no licence named),1,,no_standard_licence
provided under the NLR disclaimer conditions shown in the Scenario Viewer (no open licence named),1,,no_standard_licence
provider-specific licences (as stated in the documentation),1,,no_standard_licence
public domain (U.S. government work),1,US-Gov-PD,named_licence
public domain (US EPA; commercial and non-commercial use allowed),1,US-Gov-PD,named_licence
"public domain (USGS, no use restrictions)",1,US-Gov-PD,named_licence
"public domain (WRF notice, NCAR/UCAR)",1,,no_standard_licence
public domain (stated on the OSM wiki import page),1,,no_standard_licence
public domain for DOE-created data; site arrangement NTESS; download agreement forbids repackaged redistribution,1,US-Gov-PD,named_licence
"public domain label (industrial products) and CC-BY-SA-3.0 (biofuels), as shown on KAPSARC",1,CC-BY-SA,named_licence
public use (as stated on the items),1,,no_standard_licence
public-domain,1,,no_standard_licence
publicly available free of charge (no open licence named),1,,no_standard_licence
purchase terms (no open licence stated),1,,no_standard_licence
references and pictures may be used with proper reference to ehb.eu,1,,no_standard_licence
released as part of the OS Open Data initiative. This data is made available under the Public Domain Dedication and License v1.0 whose full text can be found at http://www.opendatacommons.org/licenses/pddl/1.0/.,1,PDDL,named_licence
reports free to download; microdata listed as licensed files (Fichiers sous licence),1,,no_standard_licence
reports free to download; microdata under ANSD access conditions and the statistics law 2004-21,1,,no_standard_licence
reproduction allowed for non-commercial purposes with full attribution,1,,no_standard_licence
reproduction allowed for noncommercial purposes with full attribution (from the report's Rights and Permissions text),1,,no_standard_licence
reproduction authorised provided ENISA is acknowledged (copyright notice in the report); the publication must be accessible free of charge,1,,no_standard_licence
"reproduction for educational, research and non-profit purposes with acknowledgement; no commercial use without permission",1,,no_standard_licence
reproduction of data and information allowed with the source cited,1,,no_standard_licence
reproduction permitted with credit to ERA,1,,no_standard_licence
research use (terms on the site),1,,no_standard_licence
research use only (README); no licence file,1,,no_standard_licence
research use only (terms on the item; no open licence named),1,,no_standard_licence
restricted access on Zenodo,1,,no_standard_licence
"restricted, for reference use (as stated in the metadata)",1,,no_standard_licence
reuse on other websites allowed with source and list date shown,1,,no_standard_licence
see FAO terms (licence not stated on the page),1,,no_standard_licence
see provider terms (CC-BY-4.0 stated for the GDW successor; GRanD terms not read),1,CC-BY,named_licence
see repository,1,,no_standard_licence
service terms (no open licence stated),1,,no_standard_licence
service terms of the EU SST Service Provision Portal,1,,no_standard_licence
set by each state operator (not stated on the page read),1,,no_standard_licence
"set per dataset (IEDC records a licence for each dataset, from CC BY to all rights reserved); code MIT",1,CC-BY|MIT,named_licence
set per dataset (portal says open data may be reused under the licence set by the holder),1,,no_standard_licence
set per dataset on each dataset page (e.g. CIC Modbus 2023: redistribution allowed with citation),1,,no_standard_licence
set per dataset on the service,1,,no_standard_licence
"set per dataset; about 1,060 of 1,191 datasets state CC-BY-4.0 and 66 CC0-1.0",1,CC0|CC-BY,named_licence
"set per dataset; about 215 of 449 records name a Creative Commons Attribution licence (CC-BY 3.0 AU, 4.0), 143 state no licence",1,CC-BY,named_licence
set per feed (most feeds carry an open licence link),1,,no_standard_licence
"set per layer; the layers read (Geoscience Australia, ABS) are CC-BY-4.0",1,CC-BY,named_licence
set per platform (not read),1,,no_standard_licence
set per system (not read),1,,no_standard_licence
set per tool (not read),1,,no_standard_licence
site content CC BY 4.0 unless stated otherwise,1,CC-BY,named_licence
site disclaimer and copyright terms (no open licence named),1,,no_standard_licence
"site rules for use of information (linked, not read)",1,,no_standard_licence
site terms of use (not read); all rights reserved,1,,no_standard_licence
smif MIT; sector models vary (some closed),1,MIT,named_licence
sold under ANCFCC conditions (not read),1,,no_standard_licence
source-dependent; no common licence established,1,,no_standard_licence
state boundary CC BY 4.0; other layers not stated,1,CC-BY,named_licence
"stated as ""All data are free and provided without license restrictions."" on the registry page",1,,no_standard_licence
"stated as ""CC BY"" on the registry page",1,CC-BY,named_licence
"stated as ""Conditions of Release - Data is available by permission of the Virginia Department of Conservation and Recreation."" on the registry page",1,,no_standard_licence
"stated as ""GeoNet data are made available free of charge under ' CC3 licence"" on the registry page",1,,no_standard_licence
"stated as ""MIT-0"" on the registry page",1,MIT,named_licence
"stated as ""Materials Project Terms of Use"" on the registry page",1,,no_standard_licence
"stated as ""NCEDC hereby grants the non-exclusive, royalty free, non-transferable, worldwide right and license to use, reproduce and publicly display in"" on the registry page",1,,no_standard_licence
"stated as ""NOAA data disseminated through NODD are open to the public and can be used as desired.NOAA makes data openly available to ensure maximum use"" on the registry page",1,,no_standard_licence
"stated as ""SCEDC herby grants the non-exclusive, royalty free, non-transferable, worldwide right and license to use, reproduce and publicly display in "" on the registry page",1,,no_standard_licence
"stated as ""The LiDAR Point Clouds dataset is available free of charge under the Open Government License - Canada"" on the registry page",1,OGL-Canada,named_licence
"stated as ""This data is available for anyone to use under the "" Rights and Terms"" on the registry page",1,,no_standard_licence
"stated as ""Varies, see dataset specific metadata"" on the registry page",1,,no_standard_licence
"stated as ""When using these data please cite both the network owners, identified by network code, and NSF's NGF facility operated by EarthScope."" on the registry page",1,,no_standard_licence
"stated as ""You may use this dataset for non-commercial purposes."" on the registry page",1,,no_standard_licence
"stated as ""http://www1.nyc.gov/home/terms-of-use.page"" on the registry page",1,,no_standard_licence
"stated as ""https://creativecommons.org/licenses/by/4.0/ with attribution to Louisiana Watershed Council"" on the registry page",1,CC-BY,named_licence
"stated as ""https://github.com/openEDI/documentation/blob/master/US_Wave.md"" on the registry page",1,,no_standard_licence
"stated as ""https://github.com/openeew/openeew#license"" on the registry page",1,,no_standard_licence
station software GPL-3.0; no data licence stated in the TinyGS terms,1,GPL,named_licence
statistical use; CFIA assumes no responsibility for third-party use (no licence named),1,,no_standard_licence
subscription terms (no open licence stated),1,,no_standard_licence
subscription terms (not read),1,,no_standard_licence
subscription terms (not stated on the page read),1,,no_standard_licence
supplier end user licences for Dutch users (not open data); Copernicus terms for Sentinel-2,1,,no_standard_licence
swisstopo terms (proprietary in STAC),1,,no_standard_licence
swisstopo terms of use (open government data),1,,no_standard_licence
tariff package terms (no open licence stated),1,,no_standard_licence
"techUK publication, all rights reserved",1,,no_standard_licence
terms of each database,1,,no_standard_licence
terms of use per service (browsing and retrieval terms not read),1,,no_standard_licence
terms of use: information purposes only; commercial use and direct access to the web services without TKGM permission are forbidden,1,,no_standard_licence
"terms recorded on the dataset page: All materials, software, maps, studies, reports, and other products or data, regardless of physical form or characteristics, produced in furtherance o",1,,no_standard_licence
"terms recorded on the dataset page: Cite National Imagery and Mapping Agency. For educational non-commercial use only. Harvard University makes no claims, no representations, and no warr",1,,no_standard_licence
terms recorded on the dataset page: For Non-commercial use only.,1,,no_standard_licence
"terms recorded on the dataset page: For educational non-commercial use only. Harvard University makes no claims, no representations, and no warranties, express or implied, concerning the",1,,no_standard_licence
"terms recorded on the dataset page: For educational non-commercial use only. The City of Somerville makes no claims, no representations, and no warranties, express or implied, concerning",1,,no_standard_licence
"terms recorded on the dataset page: For educational non-commercial use only. The Town of Brookline makes no claims, no representations, and no warranties, express or implied, concerning",1,,no_standard_licence
terms recorded on the dataset page: None. Acknowledgment of the Bureau of Transportation Statistics National Transportation Atlas Database would be appreciated in products derived from t,1,,no_standard_licence
"terms recorded on the dataset page: The NHPN Version 3.0 database, or any portion thereof, can be freely distributed as long as this metadata entry is included with each Distribution. Th",1,,no_standard_licence
"terms recorded on the dataset page: The data are provided by multiple, third party data vendors under license to ESRI for inclusion on ESRI Data & Maps for use with ESRI software. Each d",1,,no_standard_licence
uk-ogl,1,OGL-UK,named_licence
use and modify with a visible reference to the original author and university (info tab),1,,no_standard_licence
"use at own liability, source must be cited (terms on the page; Dubai data laws 26/2015 and 2/2016)",1,,no_standard_licence
"use restricted to the requested purpose, no sharing with third parties (metadata section 2.17)",1,,no_standard_licence
user agreement (no open licence stated),1,,no_standard_licence
user agreement (not read),1,,no_standard_licence
varies by city repository (for example CC-BY-3.0 for Kampala),1,CC-BY,named_licence
varies by component (no single licence stated),1,,no_standard_licence
varies by contributing data provider,1,,no_standard_licence
varies by dataset,1,,no_standard_licence
"varies by dataset (ODPT basic licence, CC BY 4.0, Public Data License 1.0, CC0, Open Data Challenge limited licence)",1,CC0|CC-BY,named_licence
"varies by dataset (ODbL, provider terms, many unspecified)",1,ODbL,named_licence
"varies by dataset (for example CC BY-NC-ND 4.0, or none stated)",1,CC-BY-NC-ND,named_licence
varies by dataset (no portal licence stated),1,,no_standard_licence
varies by dataset (not stated on the pages read),1,,no_standard_licence
varies by dataset (set by each contributor),1,,no_standard_licence
varies by dataset (stated on each HDX dataset),1,,no_standard_licence
varies by dataset (terms on each dataset page),1,,no_standard_licence
varies by mission and collection (ESA data policy terms on each collection page),1,,no_standard_licence
varying data use or licensing agreements,1,,no_standard_licence
webmap.cn service terms (not read in full); map publication subject to Chinese map review rules,1,,no_standard_licence
wiki content licence not read; the listed models and data carry their own terms,1,,no_standard_licence
"wiki content under the OpenStreetMap wiki licence (not confirmed on the page read); the listed maps carry their own terms, for example EIA maps stated as public domain with credit",1,US-Gov-PD,named_licence
worldsteel copyright; subscription data for internal use only,1,,no_standard_licence
© 2018 IChemE (no open licence stated),1,,no_standard_licence
"© Lloyd's 2013, all rights reserved",1,,no_standard_licence
ČÚZK conditions for spatial data; not read,1,,no_standard_licence
İzmir Metropolitan Municipality open data licence (some CC-BY),1,CC-BY,named_licence
Лиценцата не е наведена,1,,no_standard_licence
公共データ利用規約（第1.0版),1,,no_standard_licence
이용허락범위 제한 없음,1,,no_standard_licence
