raw_value,records,mapped,rule
not established,88,not_stated,not_stated
Unknown from the metadata reviewed,64,not_stated,not_stated
Not established from the reviewed metadata,58,not_stated,not_stated
Not verified beyond the scope described above,55,not_stated,not_stated
Not stated.,49,not_stated,not_stated
"Per unit, electrical zone, border or system aggregate according to the published field schema",48,asset,keyword
national,42,national,keyword
Geographic units are specified in the product description; no finer spatial resolution was verified.,38,asset,keyword
country,34,national,keyword
National,29,national,keyword
1 km,27,1km_to_10km,number
facility,21,asset,keyword
not stated on the page read,21,not_stated,not_stated
30 m,20,10m_to_100m,number
Country,18,national,keyword
not applicable,17,not_stated,not_stated
10 m,16,10m_to_100m,number
not spatial,15,non_spatial,keyword
Facility point,12,asset,keyword
Not stated in inspected repository metadata,12,not_stated,not_stated
site,12,asset,keyword
Facility,9,asset,keyword
Individual buildings,9,asset,keyword
national; operator,9,national,keyword
5 arc-minutes,8,1km_to_10km,number
municipality,8,local_units,keyword
1 km grid,7,1km_to_10km,number
500 m,7,100m_to_1km,number
County,7,local_units,keyword
Individual facility (coordinates),7,asset,keyword
Municipality,7,local_units,keyword
county,7,local_units,keyword
mine,7,asset,keyword
100 m,6,100m_to_1km,number
"Asset or zone level, as described; coordinate completeness varies.",6,varies,keyword
port,6,asset,keyword
station,6,asset,keyword
0.5 degrees,5,over_10km,number
100 m grid,5,100m_to_1km,number
20 m,5,10m_to_100m,number
250 m,5,100m_to_1km,number
5 arc-minutes (about 10 km),5,1km_to_10km,number
National and state,5,regional_units,keyword
country and region,5,regional_units,keyword
province,5,regional_units,keyword
transmitter site,5,asset,keyword
30 arc-seconds (about 1 km),4,100m_to_1km,number
"National, per operator",4,national,keyword
bank,4,asset,keyword
establishment,4,asset,keyword
event,4,asset,keyword
machine,4,asset,keyword
site points,4,asset,keyword
0.05 degrees,3,1km_to_10km,number
0.5 degree grid,3,over_10km,number
10 m grid,3,10m_to_100m,number
25 m input and model-result raster; layer portrayal may be generalised,3,10m_to_100m,number
260 gauged catchments in Great Britain,3,local_units,keyword
Census tract,3,local_units,keyword
City,3,local_units,keyword
Health facility,3,asset,keyword
Hospital,3,asset,keyword
Market point,3,asset,keyword
National and regional,3,regional_units,keyword
Not applicable,3,not_stated,not_stated
Province or territory,3,regional_units,keyword
Site,3,asset,keyword
State,3,regional_units,keyword
United States; state time series discontinued in July 2021,3,regional_units,keyword
airport,3,asset,keyword
city,3,local_units,keyword
country pairs,3,national,keyword
deposit,3,asset,keyword
district,3,local_units,keyword
event location,3,asset,keyword
field,3,asset,keyword
global,3,national,keyword
household,3,asset,keyword
national and regional,3,regional_units,keyword
plant,3,asset,keyword
point per facility,3,asset,keyword
road segment,3,asset,keyword
site (coordinates),3,asset,keyword
state,3,regional_units,keyword
varies by dataset,3,varies,keyword
0.025 degree grid,2,1km_to_10km,number
0.1 x 0.1 degree,2,over_10km,number
0.25 degree,2,over_10km,number
0.25 degrees,2,over_10km,number
0.5 degree,2,over_10km,number
0.5-degree grid,2,local_units,keyword
1 m,2,under_10m,number
10 km,2,over_10km,number
"3 arc-seconds, about 90 m",2,10m_to_100m,number
Alert area as defined in each CAP message,2,asset,keyword
"Antananarivo, Madagascar",2,other,fallback_other
Country and region,2,regional_units,keyword
County and ZIP code,2,local_units,keyword
Facility points,2,asset,keyword
Feature level,2,asset,keyword
France; annual service records from 2004,2,other,fallback_other
France; department-level odd-numbered survey years from 2009,2,regional_units,keyword
France; national 2016 facility directory,2,asset,keyword
France; odd-numbered survey years from 2009,2,other,fallback_other
Germany,2,other,fallback_other
Hospital (coordinates),2,asset,keyword
Individual establishment (coordinates),2,asset,keyword
Individual facilities,2,asset,keyword
Individual facility (geocoded),2,asset,keyword
Individual hospital,2,asset,keyword
Kef-Siliana regional and living-lab subunit aggregates,2,regional_units,keyword
Local authority,2,local_units,keyword
Market,2,national,keyword
NUTS2 regions,2,regional_units,keyword
National and county,2,local_units,keyword
"National, province and district",2,local_units,keyword
Street-level images,2,asset,keyword
"Temporary 6N seismic stations, Ancona",2,asset,keyword
airport and route,2,asset,keyword
airport pair,2,asset,keyword
base station,2,asset,keyword
company,2,asset,keyword
concession polygons,2,asset,keyword
coverage polygons,2,asset,keyword
dam points and reservoir polygons,2,asset,keyword
deposit point,2,asset,keyword
facility (coordinates),2,asset,keyword
facility point,2,asset,keyword
factory,2,asset,keyword
field site,2,asset,keyword
gauges on the waterways (5 km model grid),2,1km_to_10km,number
global grid (cell size not stated on the page read),2,not_stated,not_stated
individual aircraft positions,2,asset,keyword
individual dams,2,asset,keyword
individual orbiting object,2,asset,keyword
laboratory testbed,2,asset,keyword
mine point locations,2,asset,keyword
national system,2,national,keyword
network links and nodes,2,asset,keyword
network nodes and links,2,asset,keyword
one machine,2,asset,keyword
per exchange,2,asset,keyword
point,2,asset,keyword
point location of each break,2,asset,keyword
point location per dam,2,asset,keyword
point per plant,2,asset,keyword
port and country,2,asset,keyword
reported location,2,asset,keyword
road links and nodes,2,asset,keyword
road sections,2,asset,keyword
satellite orbit,2,asset,keyword
single machine,2,asset,keyword
spacecraft and orbit,2,asset,keyword
station (coordinates),2,asset,keyword
station and line,2,asset,keyword
station coordinates,2,asset,keyword
station locations,2,asset,keyword
"stops, lines and journeys",2,asset,keyword
street segment,2,asset,keyword
tractor model,2,local_units,keyword
train events at stations,2,asset,keyword
vehicle track,2,asset,keyword
"0.00005 degrees, approximately 5 m; Décollé to Varde",1,under_10m,number
"0.0002 degrees, approximately 20 m; Minquiers to Mont-Saint-Michel",1,10m_to_100m,number
0.00025 degrees (about 30 m),1,10m_to_100m,number
0.005 degree (about 500 m at the Equator),1,100m_to_1km,number
0.008 degrees (about 1 km),1,100m_to_1km,number
"0.0083 degrees (about 1 km), WGS 1984",1,100m_to_1km,number
0.01 degree grid (about 1.2 km2),1,1km_to_10km,number
"0.01 degree grid, western Texas and southeastern New Mexico",1,1km_to_10km,number
0.05 by 0.05 degree,1,1km_to_10km,number
0.05 degree,1,1km_to_10km,number
0.05 degree (about 5.6 km),1,1km_to_10km,number
0.05 degree grid,1,1km_to_10km,number
0.05 degrees (about 5 km),1,1km_to_10km,number
0.05 degrees (about 5.6 km),1,1km_to_10km,number
0.05 to 10 m imagery,1,10m_to_100m,number
0.0625 degrees,1,1km_to_10km,number
0.1 and 0.25 degree grids across China,1,over_10km,number
0.1 by 0.1 degree,1,over_10km,number
0.1 degree,1,over_10km,number
0.1 degree (Europe) and 1 degree (global),1,over_10km,number
0.1 degree grid,1,over_10km,number
0.1 degree x 0.1 degree,1,over_10km,number
0.1 degree; Romania and surrounding grid,1,over_10km,number
0.1 degrees,1,over_10km,number
0.10 and 0.25 degree,1,over_10km,number
0.1667 degree mask derived from 250 m MODIS,1,over_10km,number
0.22 degree rotated grid over the United Kingdom,1,over_10km,number
0.25 degree (0.5 degree for ocean waves and ensemble),1,over_10km,number
0.25 degree (about 25 km),1,over_10km,number
0.25 degree global grid,1,over_10km,number
0.25 degree grid,1,over_10km,number
0.25 degree rasters and isochrone polygons,1,over_10km,number
0.25 degrees; 90 N to 60 S,1,over_10km,number
0.25° by 0.25°,1,over_10km,number
0.3 m per pixel; building footprints with damage labels,1,under_10m,number
0.44 degrees,1,over_10km,number
0.5 degree (US-Canada-1D),1,over_10km,number
0.5 degree CORDEX NAM-44i grid over North America,1,over_10km,number
"0.5 degree for Europe, 1 degree globally",1,over_10km,number
0.5 degree global grids and crop masks,1,over_10km,number
0.5 degree input CPC temperature grid,1,over_10km,number
"0.5 degree, one-minute cadence",1,over_10km,number
"0.5 degrees; 6.75–38.25 N, 66.75–99.75 E",1,over_10km,number
0.5 m,1,under_10m,number
0.5 m imagery; approximately 3.51 km² study extent,1,under_10m,number
0.5 m rasters in 5 km tiles; individual buildings at LoD1 and LoD2,1,under_10m,number
0.5° grid,1,over_10km,number
0.7 degree global grid,1,over_10km,number
0.8 m,1,under_10m,number
0.9 by 1.25 degrees; eight subgrid tiles,1,over_10km,number
1 by 1 degree,1,over_10km,number
1 degree,1,over_10km,number
"1 degree grid, 60 degrees south to 60 degrees north",1,over_10km,number
"1 degree land grid, excluding Antarctica and much of Greenland",1,over_10km,number
"1 degree x 1 degree, 1 km vertical from 0 to 80 km",1,over_10km,number
"1 km (Ebro, Po); 6 km (Murray-Darling)",1,1km_to_10km,number
1 km (Mollweide),1,1km_to_10km,number
"1 km British National Grid, United Kingdom",1,1km_to_10km,number
"1 km ETRS89-LAEA grid, five Nordic countries",1,1km_to_10km,number
1 km and 5 km grid cells,1,1km_to_10km,number
1 km by 1 km,1,1km_to_10km,number
1 km cells; 30 km distance-weighting kernel,1,1km_to_10km,number
1 km global grid,1,1km_to_10km,number
1 km global grid; 15 degree tile packages,1,1km_to_10km,number
1 km global grid; CESM-compatible 0.9375 by 1.25 degree product,1,1km_to_10km,number
1 km grid across Great Britain,1,1km_to_10km,number
"1 km grid cells (ETRS89-LAEA, EPSG:3035)",1,1km_to_10km,number
"1 km grid, Great Britain",1,1km_to_10km,number
"1 km grid; county, city, province",1,1km_to_10km,number
1 m DSM and DTM grids,1,under_10m,number
"1 m and 5 m regular terrain grids, according to the provider page.",1,under_10m,number
1 m ground sample distance,1,under_10m,number
"1, 5, 12, 25 and 60 km grids plus country, administrative-region and river-basin averages",1,over_10km,number
"1,000 anonymised homes in four US states.",1,regional_units,keyword
"1,413 major reservoirs worldwide.",1,asset,keyword
"1,421 observed catchments; 6,020 modelled catchments; recommended minimum aggregation HydroBASINS level 4",1,local_units,keyword
"1,490 plants of at least 100,000 population equivalent, exact locations",1,asset,keyword
"1,509 station locations and basin boundaries; DDM30 co-registration at 0.5 degrees",1,over_10km,number
"1,861 GRanD reservoirs in the contiguous United States",1,asset,keyword
1-second,1,other,fallback_other
"1/360 degree, approximately 300 m",1,over_10km,number
1/8 degree grid,1,over_10km,number
"10 arc-seconds (about 300 m), with 30 arc-second and 10 arc-minute aggregates",1,100m_to_1km,number
10 cm per pixel,1,under_10m,number
10 km grid,1,over_10km,number
10 m (120 by 120 pixel chips of 1.2 km),1,10m_to_100m,number
10 m (Sentinel-2 based polygons),1,10m_to_100m,number
10 m (Sentinel-2),1,10m_to_100m,number
10 m (Sentinel-2) and 1 m (orthophotos),1,10m_to_100m,number
"10 m (WSF 2015 and 2019), 30 m (Evolution), 90 m (3D)",1,10m_to_100m,number
10 m annotations,1,10m_to_100m,number
10 m from 2024 (30 m before and as an alternative),1,10m_to_100m,number
10 m mapping product,1,10m_to_100m,number
10 m raster cells,1,10m_to_100m,number
10 m source imagery; turbine centroid features,1,10m_to_100m,number
"10 m, chips of 512 m",1,10m_to_100m,number
10 m; 128 x 128 pixel patches,1,10m_to_100m,number
10 to 30 m (Sentinel-2 and Landsat inputs),1,10m_to_100m,number
100 m and 1 km,1,100m_to_1km,number
100 m and 1 km ETRS89 grid,1,100m_to_1km,number
100 m grid (building density); regions (PV potential),1,100m_to_1km,number
100 m grid (irrigation proportion); centre-pivot system polygons,1,100m_to_1km,number
100 m grid (mobile); address (fixed); service polygons (satellite),1,100m_to_1km,number
100 m grid cells (BKG grid); municipality statistics,1,100m_to_1km,number
"100 m grid cells, districts and states",1,100m_to_1km,number
100 m grid cells; municipalities,1,100m_to_1km,number
100 m grid for national model results,1,100m_to_1km,number
100 m grid over Delhi National Capital Territory and surrounding rectangular domain,1,100m_to_1km,number
100 m grid over the contiguous United States,1,100m_to_1km,number
"100 m grids and municipality aggregates, Spain",1,100m_to_1km,number
"100 m, 42 European countries",1,100m_to_1km,number
"100 m, China",1,100m_to_1km,number
"100, 250, 500 and 1000 m grids",1,1km_to_10km,number
1024 x 1024 pixel tiles,1,local_units,keyword
104 hexagonal units covering Bucharest,1,asset,keyword
11 Eastern African countries; subnational context varies.,1,varies,keyword
"11,980 coastal regions, approximately 50 km coastal segments split by administrative unit and elevation",1,over_10km,number
12 Belgian cities in version 1.0,1,local_units,keyword
12 cm aerial orthoimagery,1,under_10m,number
125 sites aggregated to countries and trading regions,1,asset,keyword
"14 departments, 262 municipalities, cantons and census segments, with an urban and rural flag",1,asset,keyword
"14 parishes, with special areas and urban and rural splits in some tables; 2022 counts by community",1,local_units,keyword
"14 stations, not a spatial grid",1,asset,keyword
"140,208 building footprints in the Noto Peninsula; EPSG:4326",1,asset,keyword
143 wastewater treatment plants in 120 cities,1,asset,keyword
15 arc-seconds (about 500 m),1,100m_to_1km,number
"15,458 HUC-10 watersheds; land use and imperviousness also for 967 Level 4 ecoregions and 3,109 counties",1,local_units,keyword
"15,606 globally mapped infrastructure locations; regional validation polygons",1,asset,keyword
150 by 150 pixels per component-surface image; acquisition location not stated.,1,not_stated,not_stated
16 states and 160 administrative districts,1,local_units,keyword
17 health facilities,1,asset,keyword
170 German synoptic stations and nearby forecast grid summaries,1,asset,keyword
"18,919 small areas, also electoral divisions, urban areas, local electoral areas, counties and state",1,local_units,keyword
"186 major reservoirs in mainland Southeast Asia, capacity above 0.1 cubic kilometres",1,asset,keyword
191 countries plus rest of world,1,national,keyword
196 health facilities,1,asset,keyword
199 demand areas,1,local_units,keyword
1:1000,1,under_10m,map_scale
"1:250,000 map sheets",1,100m_to_1km,map_scale
"1:5,000 equivalent scale",1,under_10m,map_scale
1:50 000,1,10m_to_100m,map_scale
1:50 000 (hexagon version 1 km side),1,1km_to_10km,number
1:50 000 scale,1,10m_to_100m,map_scale
"1:50,000",1,10m_to_100m,map_scale
"1:500,000, 1:5,000,000 and 1:20,000,000",1,1km_to_10km,map_scale
"1:625000 context; 246 sections, depths 1.5–6 km",1,1km_to_10km,number
2 cm ground sample distance,1,under_10m,number
"2 km grid, plus per-well values",1,1km_to_10km,number
2 m,1,under_10m,number
"2,310 SA2 regions (ASGS 2016)",1,local_units,keyword
"2,536 individual school buildings",1,asset,keyword
"2,663 facility points",1,asset,keyword
"2.1 km distal Zackenberg River, northeast Greenland",1,1km_to_10km,number
2.5 by 5 degrees,1,over_10km,number
20 cm (DOP20); 5 m (RapidEye),1,under_10m,number
"20 households, room and appliance level",1,asset,keyword
20 m (Sentinel-2); water bodies larger than about 0.25 ha,1,10m_to_100m,number
"20 m (soybean), 10 m (maize)",1,10m_to_100m,number
20 urban flux-tower sites across multiple countries,1,asset,keyword
201 stations in Central Italy,1,asset,keyword
"2020 census block (home and work), with crosswalk to larger units",1,asset,keyword
"21 provinces, municipalities and comunas, with urban and rural totals",1,local_units,keyword
"211 territorial units - country, planning regions and regions, 119 cities and municipalities as before the 2021 reform, and 84 neighbourhoods",1,asset,keyword
"22 moorings and 37 instruments, Bay of Saint-Malo",1,asset,keyword
224 by 224 pixel patches,1,local_units,keyword
224 dams and reservoirs of at least 10 GL capacity,1,asset,keyword
225 individual homes,1,asset,keyword
236 countries and territories plus regional and world aggregates,1,regional_units,keyword
24 occupants in one medium-sized office building,1,asset,keyword
25 km × 25 km,1,over_10km,number
"25 km2 hexagons, pseudo-household points and 250 m road segments",1,100m_to_1km,number
"25 m and 75 m regular terrain grid, according to the provider page.",1,10m_to_100m,number
250 m classification (served at 30 m pixels),1,100m_to_1km,number
"250 m grid (fixed), 100 m grid (mobile)",1,100m_to_1km,number
250 m grid cells,1,100m_to_1km,number
250 m grid; neighbourhoods,1,100m_to_1km,number
"250 m, 26 gauged Appalachian basins",1,100m_to_1km,number
252 hydropower plants with residual-flow reaches and catchments,1,asset,keyword
256 x 256 pixel Sentinel-2 patches with georeferenced annotations,1,local_units,keyword
256 x 256 pixel tiles from Sentinel-1 imagery,1,local_units,keyword
267 countries and territories,1,regional_units,keyword
"2680 × 3370 pixels, five channels",1,local_units,keyword
27 locations (state capitals and the Federal District); driving climate models about 25 km,1,over_10km,number
"27,542 weather stations",1,asset,keyword
270 m,1,100m_to_1km,number
28 European countries,1,national,keyword
28 European countries; meteorological grids also supplied,1,national,keyword
28 pre-Brexit European Union capitals,1,other,fallback_other
28 single-component and a three-component MEMS array in one building,1,asset,keyword
"3 arc-second core grids (v1, about 90 m) and 1 arc-second (v2, about 30 m); HydroRIVERS and HydroBASINS from 15 arc-second layers",1,10m_to_100m,number
3 arc-seconds (about 90 m),1,10m_to_100m,number
3 km grid,1,1km_to_10km,number
3 km grid across the US Midwest,1,1km_to_10km,number
"3 km grid; Europe, Africa and eastern South America",1,1km_to_10km,number
3 m,1,under_10m,number
"3,254 Chinese reservoirs and full/intermediate upstream catchments",1,asset,keyword
"3,787 subnational administrative regions; production inputs at about 10 km",1,over_10km,number
30 arc-seconds and administrative units,1,100m_to_1km,number
30 arc-seconds to 10 arc-minutes,1,100m_to_1km,number
"30 arc-seconds, approximately 1 km",1,100m_to_1km,number
30 cm imagery,1,under_10m,number
30 m (56 m in 2009 and 2010),1,10m_to_100m,number
30 m (Landsat),1,10m_to_100m,number
30 m (irrigation trend layer 6 km),1,10m_to_100m,number
30 m (mining class); title polygons,1,10m_to_100m,number
30 m across Africa,1,10m_to_100m,number
30 m field classification,1,10m_to_100m,number
30 m global land grid,1,10m_to_100m,number
30 m grid and measurement points,1,10m_to_100m,number
30 m hyperspectral; 5 m panchromatic,1,10m_to_100m,number
30 m urban areas in China,1,10m_to_100m,number
"30 m, 224 ten-degree tiles worldwide",1,10m_to_100m,number
"30 m, conterminous United States, Albers Equal Area Conic",1,10m_to_100m,number
"30 m, terrestrial Hong Kong",1,10m_to_100m,number
30 m; Mongolia,1,10m_to_100m,number
30 m; derived 250 m and 1 km products,1,10m_to_100m,number
30 metres,1,10m_to_100m,number
300 m globally; 100 m in Africa and Near East; 20 m selected areas,1,100m_to_1km,number
300 m grid,1,100m_to_1km,number
300 x 300 pixels per solar cell,1,local_units,keyword
320 × 128 image pixels,1,local_units,keyword
329 CFS Subareas (groups of counties),1,local_units,keyword
"33,164 statistical area 1 (SA1) units; SA2 version also published",1,asset,keyword
338 Chinese reservoirs; in-situ validation subset of 93 reservoirs,1,asset,keyword
"34,372 reservoirs linked to Global Dam Watch identifiers",1,asset,keyword
"34,458 buildings; geographic coverage not established from repository description",1,not_stated,not_stated
356 individual reinforced concrete buildings,1,asset,keyword
"36 sub-Saharan African countries; five cereals and multiple supply stages, 2019 to 2024",1,national,keyword
37 countries; some country values are medians of regions.,1,regional_units,keyword
"375 m (VIIRS), 1 km (MODIS)",1,100m_to_1km,number
38 Australian tide gauges,1,asset,keyword
39 cities and 112 rural district units,1,asset,keyword
"4 km grid, summarised to first-level administrative units on HDX",1,1km_to_10km,number
4 m; 256 computational domains on main New Zealand floodplains,1,under_10m,number
"4 x 5 and 2 x 2.5 degrees, with vertical levels",1,over_10km,number
40 emerging economies; subnational inventories for 28,1,local_units,keyword
400 x 400 m,1,100m_to_1km,number
"400 x 400 m pixels, or district heating and cooling zones",1,100m_to_1km,number
405 municipalities,1,local_units,keyword
41 corridor nodes,1,asset,keyword
"42 European countries, over 1400 subnational units",1,asset,keyword
4381 subbasins and reaches across Poland and upstream catchments,1,local_units,keyword
441 reservoirs and their command-area polygons,1,asset,keyword
48 and 250 arc-seconds (method supports custom resolutions),1,1km_to_10km,number
48 contiguous states and the District of Columbia,1,local_units,keyword
"49 locations, grid scenarios",1,asset,keyword
5 arc minutes,1,1km_to_10km,number
"5 arc-min; total GDP also 30 arc-sec for 1990, 2000 and 2015",1,1km_to_10km,number
"5 arc-minutes (0.083333 degrees, about 10 km at the equator)",1,1km_to_10km,number
5 arc-minutes and 0.5 degree,1,1km_to_10km,number
5 arcminutes and 30 arcminutes,1,1km_to_10km,number
5 km,1,1km_to_10km,number
"5 km (Himawari AOD and PM2.5), 10 m (Sentinel-2 water quality), VIIRS hotspots",1,1km_to_10km,number
5 km grid,1,1km_to_10km,number
5 km hexagons,1,1km_to_10km,number
5 m,1,under_10m,number
5 m and 10 m grid,1,under_10m,number
5 x 5 km or 1 x 1 km exposure grid; national average annual loss,1,1km_to_10km,number
"50 catchments, 2–8425 km2; Sweden with some transboundary Norwegian headwaters",1,local_units,keyword
50 m,1,10m_to_100m,number
500 m grid in Auckland,1,100m_to_1km,number
500 m rasters for five Central Asian countries; country statistics,1,100m_to_1km,number
"50–100 m masts with observations at 2–4 heights in Halsafjorden, Julsundet and Storfjorden",1,100m_to_1km,number
51 catchment stations across the island of Ireland,1,asset,keyword
"51 electoral districts, with appendix tables for each village (nu'u)",1,local_units,keyword
51 river-flow gauging stations,1,asset,keyword
512 × 512 pixel image tiles; ground resolution varies,1,varies,keyword
"519 sub-prefectures and communes, with department, region and district codes",1,local_units,keyword
52 fire departments (joinable to 330 secondary medical areas),1,regional_units,keyword
528 large dams and their upstream catchments,1,asset,keyword
530 point locations; WGS 1984,1,asset,keyword
555 documented debris-flow barrier-dam events worldwide,1,asset,keyword
56 wastewater treatment plants,1,asset,keyword
60 Great Lakes watersheds,1,local_units,keyword
60 flood events; 128 by 128 pixel tiles at 10 m,1,10m_to_100m,number
60 m,1,10m_to_100m,number
609 publicly owned treatment works,1,asset,keyword
61 dam and weir sites,1,asset,keyword
634 tiles of 100 by 100 km where oil palm was detected; 10 m grid,1,over_10km,number
"7 parishes (freguesias) and 23 or 24 statistical districts (zonas), depending on the census year",1,varies,keyword
7.5 arc-second (about 250 m),1,100m_to_1km,number
"71,398 river segments with mean annual flow above 1,000 cfs (48 contiguous states); eleven largest rivers in Alaska",1,asset,keyword
"724 unique tidal gauges, principally Australia; some Pacific and Antarctic sites",1,asset,keyword
"73 administrative territory codes including the country total and municipalities, split by urban and rural place of residence",1,local_units,keyword
735 catchments across Brazil,1,local_units,keyword
"74,726 global mining polygons, total area 82,552 square kilometres",1,asset,keyword
78 facilities in three provinces,1,asset,keyword
79 countries plus the EU; commodity-weighted indexes,1,national,keyword
79 world cultural heritage sites in the Belt and Road region,1,asset,keyword
"8 km SAFRAN grid, aggregated to small agricultural regions",1,1km_to_10km,number
"8 m; North, South and Rakiura islands and at least 20 km offshore",1,under_10m,number
8 municipalities,1,local_units,keyword
80 sampling points over 20 hectares; sampled to 90 cm,1,under_10m,number
8–69 m across source imagery,1,10m_to_100m,number
9 arc-seconds (about 250 m),1,100m_to_1km,number
90 m,1,10m_to_100m,number
"90 m and 1 km global grids, EPSG:4326",1,10m_to_100m,number
93 Swiss catchments,1,local_units,keyword
"97,435 reservoirs in China",1,asset,keyword
"98 municipalities, regions and whole country (116 area codes)",1,local_units,keyword
"994 regions in table 06266 (country, counties and municipalities)",1,local_units,keyword
A region within rural Australia; exact place and coordinate system were not checked in the JSON.,1,asset,keyword
AAGIS region and local government area,1,local_units,keyword
AWS region and availability zone,1,local_units,keyword
"About 0.15 m per pixel, 512 by 512 pixel tiles",1,under_10m,number
About 1 km,1,1km_to_10km,number
About 1 km (927.67 m pixels),1,1km_to_10km,number
About 10 km by 10 km,1,over_10km,number
About 20 cm orthoimage; individual building footprints,1,under_10m,number
"About 200 square metres of office space, per workstation",1,asset,keyword
About 236 m,1,100m_to_1km,number
"About 28,000 buildings over 15 km2",1,asset,keyword
About 5.6 km equal-area grid,1,1km_to_10km,number
About 50 km (nodal aggregation),1,over_10km,number
"About 78,000 building polygons",1,asset,keyword
About ten point sensors,1,asset,keyword
Address or collection district,1,asset,keyword
"Address point, parcel and building footprint",1,asset,keyword
Admin 1 aggregates; disaggregated at 0.01 degrees (about 1 km) for many countries,1,1km_to_10km,number
Admin level 1 and 2,1,regional_units,keyword
Admin level 2,1,local_units,keyword
Administrative level 1 or 2 (GADM),1,regional_units,keyword
Administrative levels 1 to 3 (GADM 2018),1,other,fallback_other
Administrative levels ADM0 to ADM5 where available; simplified versions offered,1,local_units,keyword
Administrative units (ADM0 to ADM4),1,asset,keyword
Administrative wards and 250 m hexagon grid,1,100m_to_1km,number
"Administrative-unit centre points, based on about 13.5 million units",1,asset,keyword
"Aerial image, DSM and DTM tiles of one test area",1,other,fallback_other
"Afryka lake, Lubuskie, Poland; 6,538 bathymetric points",1,asset,keyword
Aggregate of participating emergency departments,1,regional_units,keyword
"Aggregated tables by property type, attributes and measures",1,national,keyword
"Aggregates at neighbourhood, ZIP code, city, county, metro, state and national level",1,local_units,keyword
Aggregation areas of variable resolution,1,varies,keyword
Agricultural parcel polygons,1,asset,keyword
Ahmedabad stops and directed routes; 150-metre interchange clustering.,1,asset,keyword
Airport-to-airport route lines,1,asset,keyword
"Alarm box, zip code and administrative districts",1,local_units,keyword
"Alert area (polygon, circle or geocode)",1,asset,keyword
Alerting authority (national or sub-national area),1,local_units,keyword
Alicante inner and outer harbours,1,other,fallback_other
"All 311 NYC ZIP codes; FCC broadband values present for 197, missing for 114 due to ZCTA boundary mismatch.",1,local_units,keyword
"All island, Ireland and Northern Ireland aggregates.",1,national,keyword
"Amsterdam Metropolitan Area, Netherlands; district-level flows for 2016",1,local_units,keyword
Anonymised 187-bus urban network; actual location withheld.,1,asset,keyword
Anonymised data-centre workloads; no geographic coordinates.,1,non_spatial,keyword
"Antioquia, Colombia; public hospitals",1,asset,keyword
"Approximate centre points digitised at 1:2,000 to 1:5,000",1,under_10m,map_scale
Approximate reactor coordinates,1,asset,keyword
Approximate town-level coordinates; not planning-site boundaries.,1,asset,keyword
"Approximately 1 km (30 arc-seconds), WGS84",1,1km_to_10km,number
Approximately 1 m maps of 31 major Chinese cities; 512 by 512 pixel benchmark samples,1,under_10m,number
Approximately 5 km,1,1km_to_10km,number
Approximately 5 km grid over Japan,1,1km_to_10km,number
"Area of interest, from satellite imagery (very high resolution optical and SAR)",1,other,fallback_other
Array boundaries digitised within 10 m,1,10m_to_100m,number
"Aruba, regions (GAC1) and zones (GAC2); a five-digit GAC code is stored on each living quarter",1,local_units,keyword
"Atlántico, Colombia; October 2020 reference snapshot",1,other,fallback_other
"Austin and Travis County, Texas, United States; monthly aggregates",1,local_units,keyword
"Austin, United States; police dispatch incidents",1,asset,keyword
Australia and each state and territory,1,regional_units,keyword
"Australia to Statistical Area Level 1 (SA1, built from Mesh Blocks), plus suburbs, LGAs, postal areas and remoteness areas",1,local_units,keyword
Australia; national and jurisdictional reporting,1,national,keyword
"Austria-wide model archetypes, not geocoded individual buildings.",1,asset,keyword
Azure region,1,regional_units,keyword
"Bangladesh national grid aggregate, generation end; no regional or feeder breakdown.",1,asset,keyword
"Bangladesh, Egypt, India, Myanmar and Nigeria; quarterly recall surveys in 2021",1,other,fallback_other
"Baton Rouge, United States; emergency incidents",1,asset,keyword
"Beijing, China; the study's spatial scenarios",1,other,fallback_other
Bengaluru city bus network; only routes with functional live tracking in the source app may appear.,1,asset,keyword
Bengaluru metro stations and route geometry.,1,asset,keyword
Bhutan; national annual health-report series,1,national,keyword
Bidirectional metro-line benchmark; original city/network identity is not established in the opened documentation.,1,not_stated,not_stated
"Bloomington, United States; calls for service",1,regional_units,keyword
Bolivia; department and municipal indicators,1,local_units,keyword
Bolivia; national reporting with city and departmental breakdowns,1,local_units,keyword
Borehole points,1,asset,keyword
"Borough, ward and coarsened location",1,asset,keyword
"Bosnia and Herzegovina, the two entities and Brčko District in the tables read; lower levels in later sub-tables not read",1,not_stated,not_stated
"Brazil; national, subnational and facility information",1,asset,keyword
Brazil; registered waste-management activities,1,other,fallback_other
Brazilian census-sector observations with administrative identifiers.,1,other,fallback_other
Brigade areas and hazard classes (CFA); station maintenance areas (MFB),1,asset,keyword
Building (point coordinates),1,asset,keyword
Building and community level,1,asset,keyword
Building and meter type,1,asset,keyword
Building archetypes,1,asset,keyword
Building archetypes from published studies,1,asset,keyword
Building archetypes grouped by dwelling category and six vintage groups,1,asset,keyword
Building attributes keyed to Overture footprints; GeoPackage geometry is the footprint centroid,1,asset,keyword
Building block and room,1,asset,keyword
Building clusters at 500 m and 100 m distance thresholds,1,100m_to_1km,number
Building floors and doors,1,asset,keyword
Building footprint centroids (Google Open Buildings model) in the analysed area,1,asset,keyword
Building footprints extruded to LOD1 with terrain-referenced heights,1,asset,keyword
Building footprints; points of interest; gridded population,1,asset,keyword
Building interior with sensor and gateway positions,1,asset,keyword
Building level,1,asset,keyword
Building level (energy) and average of eight apartments (temperatures),1,asset,keyword
Building locations on directed road networks,1,asset,keyword
Building model variants,1,asset,keyword
Building models,1,asset,keyword
Building points (128 million) and census tracts,1,asset,keyword
Building polygons; 0.6 m source imagery; 10 km distribution tiles,1,under_10m,number
Building polygons; EPSG:3035,1,asset,keyword
Building system and component,1,asset,keyword
Building-level microdata; national and census-division estimates,1,asset,keyword
Buildings and 25 m points along protected vistas,1,10m_to_100m,number
"Buildings, households and hazard grids over 500 ha",1,asset,keyword
"Buildings, network components and census tracts",1,asset,keyword
"Buildings, pavements and bridges; sites not established.",1,not_stated,not_stated
Buildings; 350 m and 3 km grids,1,100m_to_1km,number
"Burkina Faso, urban and rural areas, type of locality and region",1,local_units,keyword
Business location,1,asset,keyword
"CARTA bus and shuttle routes around Chattanooga, Tennessee.",1,asset,keyword
CCM 2.1 elementary catchments; also NUTS 3 regions,1,local_units,keyword
CSO small areas to NUTS2,1,local_units,keyword
Call points within each city,1,asset,keyword
Camera location and direction,1,asset,keyword
Campus neighbourhood; sensors at 2 m and 12 m,1,under_10m,number
"Canada, provinces and territories; municipalities by urban or rural and population size class",1,local_units,keyword
"Cape Maclear, Malawi; November and December 2023",1,other,fallback_other
"Caribbean Netherlands total and each island (Bonaire GM9001, Sint Eustatius GM9002, Saba GM9003)",1,other,fallback_other
Case-specific raster resolutions; not verified from raster contents,1,not_stated,not_stated
Case-specific; not verified from archived files,1,not_stated,not_stated
Catchment polygons (national),1,asset,keyword
Census block,1,local_units,keyword
Census block for many tables; tract for Demographic Profile and Detailed DHC,1,local_units,keyword
Census block group,1,local_units,keyword
Census block group (FIPS) and coordinates rounded to 0.1 degree,1,over_10km,number
Census block groups and state aggregates,1,local_units,keyword
Census block groups in seven US metropolitan statistical areas,1,local_units,keyword
"Census blocks and states, counties and congressional districts",1,local_units,keyword
Census dissemination areas,1,local_units,keyword
Census dissemination areas (approximate),1,local_units,keyword
Census tract (municipio and tract for Puerto Rico),1,local_units,keyword
Census tract (population from LandScan USA 2020 at about 90 m),1,10m_to_100m,number
Census tract and block group,1,local_units,keyword
Census tract and larger units; ZCTA,1,asset,keyword
"Census tract, county, state",1,local_units,keyword
Census tracts (secciones censales),1,local_units,keyword
Centimetre-level HD maps; lidar and camera frames,1,other,fallback_other
Centimetre-level point clouds (1 cm subsampled versions for some scans),1,under_10m,number
Chilbolton receiving station,1,asset,keyword
"Chile, 0.01 by 0.01 degree WGS84 grid",1,1km_to_10km,number
"China, 30 m grid",1,10m_to_100m,number
"China, 500 m grid",1,100m_to_1km,number
"China, classification based on 30 m imagery",1,10m_to_100m,number
China; respondents in cold-chain logistics companies,1,asset,keyword
"China; separate large-dam, reservoir and lake layers",1,asset,keyword
"Chongqing region, 27–33° N, 104–111° E; 0.01° grid",1,over_10km,number
"Cincinnati, United States; daily-updated incident records",1,asset,keyword
"Cincinnati, United States; emergency medical incidents",1,asset,keyword
"Cincinnati, United States; police calls for service",1,regional_units,keyword
Circular and grid-pattern vehicle routes in Brno; coordinate-column order requires checking.,1,asset,keyword
Cities,1,local_units,keyword
City (12 major cities) and prefecture,1,local_units,keyword
City (40),1,local_units,keyword
City (one hospital),1,asset,keyword
City and city class (municipality detail on request),1,local_units,keyword
"City and infrastructure polygons; EPSG:4326, area calculation EPSG:6933.",1,asset,keyword
City and municipality,1,local_units,keyword
"City or urban area (Degree of Urbanisation boundaries), aggregated to countries and regions",1,local_units,keyword
"City, municipality or metropolitan area (some series regional or national)",1,local_units,keyword
City-level attributes for 366 Chinese cities; underlying green-space delineation not inspected,1,not_stated,not_stated
City-level point per exchange,1,asset,keyword
Citywide,1,local_units,keyword
Citywide by generator type (with sampling by area),1,asset,keyword
Civil structures in field and laboratory; exact locations not established.,1,not_stated,not_stated
Clarkson University student housing,1,other,fallback_other
"Clichy pretreatment plant inlet (Paris catchment, about 2.7 million inhabitants)",1,asset,keyword
Coastal segment and administrative-unit intersections; approximately 50 km coastal segments,1,over_10km,number
Collection points (street level),1,asset,keyword
Collection zone and route,1,asset,keyword
Colombia; national operator and disposal-site records,1,asset,keyword
Colombia; national site-level records,1,asset,keyword
"Colorado, United States; geocoded facility points from January 2017 source addresses",1,asset,keyword
Communities (P-codes),1,local_units,keyword
Communities (census places and counties) per hazard scenario,1,local_units,keyword
Community district (59 districts in 5 boroughs),1,local_units,keyword
Community points; detailed mapping of every water point and health facility in about 100 communities,1,asset,keyword
"Component level, 102 buildings",1,asset,keyword
"Connecticut, United States; annual incident records for 2012 to 2022",1,asset,keyword
"Conservation area boundary polygons (10,667 areas)",1,asset,keyword
Container points,1,asset,keyword
Cook Islands; dated bulletin editions including 2025,1,other,fallback_other
Cook Islands; national disaster-management information,1,national,keyword
Copernicus 30 m DEM and LiDAR 5 m DEM runs,1,10m_to_100m,number
Corridor and room level on one hospital campus,1,asset,keyword
Council areas and Scotland as a whole,1,asset,keyword
Countries and aggregate regions,1,regional_units,keyword
"Countries, world and regional aggregates",1,regional_units,keyword
Country (217 countries and economies) and city (262 cities),1,local_units,keyword
Country (38 reporting countries plus EU aggregates),1,national,keyword
Country (43 countries),1,national,keyword
Country (EU member state),1,regional_units,keyword
Country (event level),1,asset,keyword
Country (event records),1,asset,keyword
Country (plus OECD and EU aggregates),1,national,keyword
Country (urban areas),1,local_units,keyword
Country aggregates from 1 km grids,1,1km_to_10km,number
Country and EU-27,1,national,keyword
Country and NUTS 2,1,regional_units,keyword
Country and affected area,1,national,keyword
Country and aggregates,1,national,keyword
Country and city,1,local_units,keyword
Country and country pairs,1,national,keyword
Country and selected subnational units,1,asset,keyword
Country and territory,1,regional_units,keyword
Country and world region,1,regional_units,keyword
Country and year; incident tables where provided,1,asset,keyword
Country operation,1,national,keyword
Country or bidding zone (time series); individual plant with coordinates (power plant lists),1,asset,keyword
Country or region,1,regional_units,keyword
Country to country,1,national,keyword
"Country, city and facility point",1,asset,keyword
"Country, livelihood zone, administrative unit and market",1,asset,keyword
"Country, region or city, autonomous system",1,local_units,keyword
"Country, regions (West Bank, Gaza Strip) and governorates",1,asset,keyword
"Country, some subnational",1,local_units,keyword
"Country, subnational region, autonomous system",1,local_units,keyword
Country-level summaries for 73 Belt and Road countries,1,asset,keyword
Country; facility points,1,asset,keyword
Country; subnational areas for some countries,1,local_units,keyword
"County (3,281 counties; some with several weather points)",1,asset,keyword
County (56 counties with reporting hospitals),1,asset,keyword
County (population to city and town); housing units to county,1,asset,keyword
County (vármegye) and Budapest,1,local_units,keyword
County and congressional district,1,local_units,keyword
County and hospital category,1,asset,keyword
County and industry,1,local_units,keyword
County and minor civil division; metropolitan statistical area,1,local_units,keyword
County and school district,1,asset,keyword
County groups,1,local_units,keyword
County of residence,1,local_units,keyword
County or designated area; some data sets at project or property level (redacted),1,local_units,keyword
"County, census tract, facility",1,asset,keyword
Covered entity (state),1,regional_units,keyword
Current census block,1,local_units,keyword
Customer and candidate site coordinates,1,asset,keyword
Customs port and district,1,asset,keyword
Czech Republic; three consecutive academic years,1,other,fallback_other
Damage points and flood-event polygons in southern France,1,asset,keyword
"Darmstadt, Germany; WGS84 points.",1,asset,keyword
Datacentre hierarchy; actual geography not stated.,1,not_stated,not_stated
Denmark case study; model-specific district-heating system representation.,1,local_units,keyword
Dense point clouds of five heritage buildings,1,asset,keyword
Department,1,regional_units,keyword
Department (Mayotte),1,regional_units,keyword
Department (twelve departments) and health district,1,local_units,keyword
Deployment level,1,other,fallback_other
Derived from 10 m Sentinel-2 imagery,1,10m_to_100m,number
Development region,1,regional_units,keyword
"Dhaka, Bangladesh; one simulated year",1,other,fallback_other
"Discharge records with hospital and state identifiers; HCUPnet by nation, state and patient county",1,asset,keyword
"Distal Zackenberg River, northeast Greenland; very-high-resolution surveys",1,other,fallback_other
District (514 districts and cities); sub-district and village maps,1,local_units,keyword
District (oblast),1,local_units,keyword
"District Council district, constituency area, large and small tertiary planning unit groups, large and small street block groups, major housing estates",1,asset,keyword
District and divisional secretariat,1,local_units,keyword
District of residence and hospital (unit records),1,asset,keyword
"District, subzone and dong",1,local_units,keyword
Docking station,1,asset,keyword
Documented coastal deposit sites worldwide; uneven research coverage,1,asset,keyword
Drone orthoimagery of camp areas,1,other,fallback_other
Dundee receiving station,1,asset,keyword
Dwelling sample; Scotland and local authority tables,1,local_units,keyword
Départements and national,1,national,keyword
Dún Laoghaire Harbour tide-gauge location,1,asset,keyword
ECLIPS 1.1: 0.11 degrees; ECLIPS 2.0 subset: 30 arcseconds,1,over_10km,number
EU Member State,1,regional_units,keyword
"EU aggregate, by financial sector",1,national,keyword
EU level,1,national,keyword
"EU, country and region",1,regional_units,keyword
"EU, member state and global country level",1,regional_units,keyword
EU27 country-year data with Italian municipality and city-level evidence,1,local_units,keyword
EU27 plus four countries (aggregate),1,national,keyword
"EU27, member states and world regions",1,regional_units,keyword
"East Baton Rouge Parish, Louisiana, United States; facility points",1,asset,keyword
Economy (country code),1,national,keyword
Effective about 4 m; rasters delivered at 50 cm,1,under_10m,number
Eight European Azure regions from one France Central origin.,1,regional_units,keyword
Eight arterially drained Irish catchments,1,local_units,keyword
Eight countries; cloud/IXP/cable sublayers use their own units.,1,asset,keyword
Eight northern Virginia counties named in the README.,1,local_units,keyword
Eleven temporary 6N stations in Ancona,1,asset,keyword
"Eleven temporary 6N stations in Ancona, Italy",1,asset,keyword
Emergency communication centre,1,other,fallback_other
England,1,national,country_name
England and Wales coastline; 276 regions of interest; about 10 m transect spacing,1,10m_to_100m,number
Establishment,1,asset,keyword
Establishment address (postcode),1,asset,keyword
Europe (continental total),1,national,keyword
European countries; the study's panel and policy evidence,1,national,keyword
European country aggregates.,1,national,keyword
European national aggregates and selected UK regions and adjacent seas,1,regional_units,keyword
"European pipeline inventory, aggregate by cause and year",1,asset,keyword
Evacuation site,1,asset,keyword
"Event (Odisha, India)",1,asset,keyword
"Event level; patient, agency, hospital and state identifiers removed",1,asset,keyword
Event level; some tweets geotagged or with location mentions,1,asset,keyword
Every building (pand) and addressable object; positional accuracy about 30 cm,1,under_10m,number
"Every building in the Netherlands at LoD1.2, LoD1.3 and LoD2.2",1,asset,keyword
Exchange and site,1,asset,keyword
Experimental 12 m by 5 m Montpellier street canyon with six planters and 102 air/radiation variables,1,10m_to_100m,number
Experimental monitoring setups; normal and anomalous storage or transport conditions,1,other,fallback_other
"Experimental plots, fields or trial locations",1,asset,keyword
Export port or interior inspection point and destination country,1,asset,keyword
FAF regions (states and metropolitan areas); highway links for truck assignment,1,asset,keyword
FSA county,1,local_units,keyword
Facilities and addresses in Denmark.,1,asset,keyword
Facility (address and county),1,asset,keyword
Facility (geocoded),1,asset,keyword
"Facility (named, no coordinates)",1,asset,keyword
"Facility (nearest settlement and OKATO code, no coordinates)",1,asset,keyword
Facility addresses and coordinates; exchange city,1,asset,keyword
Facility and administrative level 3,1,asset,keyword
Facility and municipality,1,asset,keyword
Facility in camp or site,1,asset,keyword
Facility point (about 5–10 m coordinate precision),1,10m_to_100m,number
Facility point; ZIP code for estimates,1,asset,keyword
Facility records by island with national and sub-national p-codes,1,asset,keyword
Facility records with city/state and regional subsets for PJM and New York.,1,asset,keyword
"Facility type, national totals",1,asset,keyword
"Facility, county, shortage area",1,asset,keyword
Feature level (points and lines per facility or asset),1,asset,keyword
"Feature level; cartography at 1:500,000 to 1:1,000",1,100m_to_1km,map_scale
Feature or station level,1,asset,keyword
Federal state,1,regional_units,keyword
Field and building polygons; Sentinel-2 10 m flood extent,1,10m_to_100m,number
Fifty leading cargo airports worldwide with WGS84 coordinates.,1,asset,keyword
Fifty leading container seaports worldwide with WGS84 coordinates.,1,asset,keyword
Fifty leading dry ports and rail intermodal terminals worldwide; coordinates are city-level.,1,asset,keyword
Finnish building-type and construction-era defaults; no individual coordinates.,1,asset,keyword
Fire and rescue authority,1,other,fallback_other
Fire authority (county and city councils) and individual fire station,1,asset,keyword
Fire department and station address,1,asset,keyword
Fire department jurisdiction; incident points; drive-time polygons,1,asset,keyword
Fire station point; incident records by area,1,asset,keyword
First- to third-order administrative divisions,1,local_units,keyword
"Fishnet grid tiles, with country attribution",1,local_units,keyword
Fixed urban LTE/5G measurement environments; detailed location not established.,1,not_stated,not_stated
"Florence landfall region, North Carolina; lowest analysis level about 500 m",1,100m_to_1km,number
Follows LiDAR or SRTM terrain,1,other,fallback_other
Food bank centre,1,asset,keyword
Footprints of all structures larger than 450 square feet,1,asset,keyword
Forces per facade panel apportioned to each floor of the scale model,1,other,fallback_other
Forest division and stand,1,local_units,keyword
Four AusNet feeders in Victoria with synthetic LV networks.,1,asset,keyword
Four emulated base stations and 40 users in the Colosseum Rome RF scenario.,1,asset,keyword
Four hospital wards,1,asset,keyword
Four major urban agglomerations in China,1,other,fallback_other
Four sites; ground radar transects approximately 1–7 km,1,1km_to_10km,number
France (national),1,national,keyword
France; actor-level records,1,other,fallback_other
France; actor-year records from 2009,1,other,fallback_other
France; annual fire-and-rescue service reporting,1,other,fallback_other
France; collection-service annual records,1,other,fallback_other
France; establishment and legal-entity records,1,asset,keyword
"France; national surveys from 2009, with biennial observations",1,national,keyword
"France; reporting actors, years and administrative areas",1,other,fallback_other
France; reporting industrial establishments,1,asset,keyword
France; service and equipment records,1,other,fallback_other
France; service-equipment attributes,1,other,fallback_other
France; service-level annual flows,1,other,fallback_other
France; service-level records,1,other,fallback_other
France; survey-year records from 2004,1,other,fallback_other
France; the survey edition identified in the metadata,1,other,fallback_other
France; the three most recent survey years,1,other,fallback_other
"French Mediterranean watersheds; about 42,000 km2 and 20,000 km of river network in the describing article",1,over_10km,number
"Fuling District, Chongqing, China",1,local_units,keyword
"Full TIGER detail, served by scale",1,other,fallback_other
Full-resolution vector polygons down to census block,1,asset,keyword
GCAM regions,1,regional_units,keyword
"GE.NPW station, Myanmar; three motion components",1,asset,keyword
GNSS points along driven routes,1,asset,keyword
GPS points (metres),1,asset,keyword
GPS points joined to road links,1,asset,keyword
GPS points of individual taxis,1,asset,keyword
GPS points where shared,1,asset,keyword
GPS positions along ferry routes,1,asset,keyword
"Gainesville, United States; fiscal 2012 onward",1,regional_units,keyword
Generic data-centre power system; no real facility coordinates.,1,asset,keyword
Generic urban textile-waste scenarios,1,other,fallback_other
Generic waste-inventory calculations; IPCC 2006 default factors,1,other,fallback_other
Geolocated US flood events; source-dependent precision,1,asset,keyword
Geolocated submissions; states and local government areas,1,local_units,keyword
Georeferenced field labels and satellite-derived samples,1,asset,keyword
Germany (finer breakdowns in GENESIS-Online not checked),1,other,fallback_other
Germany; district summaries and individual large storage systems.,1,asset,keyword
Germany; facility-level snapshot at 31 December 2024,1,asset,keyword
Germany; local accessibility estimates,1,local_units,keyword
Global,1,national,keyword
"Global 0.4 degrees; Australia and western Pacific nests at 10 and 4 arcminutes; 3,683 spectral points",1,over_10km,number
Global aggregates as reported in the workbooks,1,asset,keyword
"Global air-cargo operators and headquarters, without route geometry.",1,asset,keyword
Global and national,1,national,keyword
Global carrier operators; headquarters country and fleet coverage rather than route geometries.,1,asset,keyword
Global civil Earth-observation satellites and sensors,1,asset,keyword
Global country coverage; annual series from 1980,1,national,keyword
Global directory with asset-specific extents.,1,asset,keyword
Global gridded emissions; grid spacing not stated in inspected landing-page metadata,1,not_stated,not_stated
Global lake and reservoir polygons; source resolution varies,1,varies,keyword
Global land surface,1,regional_units,keyword
"Global land, about 9 km native grid; distributed at 0.1 degree",1,1km_to_10km,number
Global logistics providers with headquarters locations; no route or facility geometry.,1,asset,keyword
Global metadata index; source-specific geographies.,1,national,keyword
Global meteorological station locations,1,asset,keyword
Global ocean satellite tracks; mission dependent,1,national,keyword
Global parameter grids at 0.5 degrees; Rhine-only climate example at 0.5 degrees,1,over_10km,number
"Global point inventory of 416,532 onshore wind turbines",1,asset,keyword
Global reported glacial lake outburst floods,1,national,keyword
Global reservoir profiles indexed by GRanD identifier,1,asset,keyword
"Global, hemispheric and land/ocean aggregates",1,regional_units,keyword
Global; 0.1° by 0.1° grid,1,over_10km,number
"Global; about 38 m Spherical Mercator, 250 m and 1 km Mollweide versions",1,10m_to_100m,number
"Global; administrative areas, EPSG:4326",1,national,keyword
"Global; toolbox supports 0.25, 0.5 and 1 degree grids",1,over_10km,number
Google Cloud region or global,1,regional_units,keyword
"Governorate, market and station",1,asset,keyword
"Grand River Transit service area, Waterloo Region",1,regional_units,keyword
"Great Britain totals, interconnectors and selected plants.",1,asset,keyword
Greater Dublin Area; regional frequency aggregated from contributing stations,1,asset,keyword
"Greater Suva, Fiji; urban organic-waste scenarios",1,other,fallback_other
"Green space polygons, accessibility grid and pedestrian network per city",1,asset,keyword
Grid cells,1,local_units,keyword
Gridded event data and country-based risk; grid size not stated on inspected page,1,not_stated,not_stated
Gridded; resolution not established in the DOI abstract,1,not_stated,not_stated
Guinea; 2017 infrastructure inventory,1,other,fallback_other
H3 hexagonal grid,1,local_units,keyword
H3 resolution 10 (about 100 m),1,100m_to_1km,number
H3 resolution 4 hexagons,1,local_units,keyword
H3 resolution 5 hexagons (about 250 km2) and countries,1,local_units,keyword
HPC data-centre setting; complete site coverage not stated.,1,not_stated,not_stated
HUC12 subwatersheds,1,local_units,keyword
HUC12 subwatersheds and public-supply water service areas,1,local_units,keyword
"HUC12 watershed, by land-use class and riparian distance band",1,local_units,keyword
"HUC12 watersheds, NHDPlus V2.1 catchments and 2020 census block groups",1,local_units,keyword
Hamburg charging sites and their surrounding context.,1,asset,keyword
Hand-labelled building footprints in 22 validation areas,1,asset,keyword
"Hay on the Murrumbidgee River, southeastern Australia",1,other,fallback_other
Health district and primary health organisation,1,local_units,keyword
Health establishment (geographic entity),1,asset,keyword
"Health facility (survey sample), aggregated nationally or subnationally",1,asset,keyword
"Healthcare organisation, country",1,national,keyword
"Helsinki, Kuopio and Sodankylä solar laboratories, Finland",1,asset,keyword
Hexagonal grid; hospital points,1,asset,keyword
High Mountain Asia,1,other,fallback_other
High Mountain Asia basin polygons; coordinate detail not inspected,1,not_stated,not_stated
High-resolution aerial image tiles; individual structures,1,asset,keyword
"High-resolution aerial imagery; over 40,000 annotated building footprints across 25 locations",1,asset,keyword
Hong Kong; 2009 to 2024 annual totals,1,other,fallback_other
"Hong Kong; Hospital Authority facilities, updated quarterly",1,asset,keyword
Hong Kong; approximately monthly updates,1,other,fallback_other
Hospital (King Edward VII Memorial Hospital and other BHB units),1,asset,keyword
Hospital (address),1,asset,keyword
Hospital (point with geohash),1,asset,keyword
Hospital and health centre,1,asset,keyword
Hospital building (facility coordinates); county for compliance and construction totals,1,asset,keyword
Hospital establishment,1,asset,keyword
Hospital points,1,asset,keyword
Hospital service area and referral region; ZIP crosswalk,1,asset,keyword
Hospital structures,1,asset,keyword
Hospitals and ZIP codes,1,asset,keyword
Hospitals and their communities,1,asset,keyword
Household (urban Tulcán),1,asset,keyword
Household and appliance,1,asset,keyword
Household and dwelling sample; England,1,asset,keyword
Household records; estimates by state (multi-year) and nation,1,asset,keyword
"Household, representative at admin level 2",1,asset,keyword
"Housing units; estimates for the nation, selected states and metropolitan areas",1,asset,keyword
"Housing-unit microdata; national, regional and state estimates",1,asset,keyword
Hub (city),1,local_units,keyword
Hungary; an online survey in 2026,1,other,fallback_other
"Hurricane Harvey landfall area near Corpus Christi, Texas",1,other,fallback_other
IP address with geolocation and origin AS,1,asset,keyword
"IP address, subnet and institution",1,asset,keyword
IP interface and prefix,1,asset,keyword
IP prefix and AS,1,asset,keyword
"IP prefix to city, region or country",1,asset,keyword
"IP, router, PoP, AS and ISP",1,asset,keyword
IPC analysis area (subnational),1,local_units,keyword
IPv4 host,1,asset,keyword
"Ilhabela municipality, São Paulo state, Brazil; EPSG:32723",1,local_units,keyword
Illustrative event-processing rules,1,asset,keyword
Image crops of 224 by 224 pixels,1,local_units,keyword
Image crops of asphalt pavement,1,other,fallback_other
Imagery from 0.3 m to 1 cm per pixel,1,under_10m,number
Incident address within reporting fire department,1,asset,keyword
Incident point (coordinates),1,asset,keyword
Incident points,1,asset,keyword
Incident points and warning polygons,1,asset,keyword
Incident records with country and location fields,1,asset,keyword
"India, 10 km, 369 by 369 grid",1,over_10km,number
"India, states and districts",1,local_units,keyword
"India, with a global facility comparison",1,asset,keyword
India; cold-storage facilities and administrative summaries,1,asset,keyword
India; the 2022 to 2023 annual edition,1,other,fallback_other
Individual OpenStreetMap buildings and roads; H3 grid cells for the Venezuela damage areas,1,asset,keyword
"Individual OpenStreetMap features (building polygons, facility points and polygons, lines) per country",1,asset,keyword
"Individual PSAPs, geocoded to city level",1,asset,keyword
"Individual addresses, streets, road links and topographic features",1,asset,keyword
Individual archetype buildings in several Colombian cities,1,asset,keyword
Individual bins at pilot sites,1,asset,keyword
Individual building footprints (Overture Maps footprints in the Palisades set) with predicted damage,1,asset,keyword
Individual building footprints and building parts,1,asset,keyword
"Individual building footprints, partitioned by NUTS region",1,asset,keyword
"Individual building footprints, tiled by zoom-level 6 quadkey",1,asset,keyword
Individual building outlines in selected 250 m x 250 m tiles,1,100m_to_1km,number
Individual building polygons,1,asset,keyword
Individual building polygons from high-resolution imagery,1,asset,keyword
Individual building polygons from high-resolution satellite imagery,1,asset,keyword
Individual building polygons with LoD1 height; gridded height maps,1,asset,keyword
"Individual building warrant applications as points and, where collected, polygons",1,asset,keyword
Individual buildings (53 case buildings),1,asset,keyword
Individual buildings (points),1,asset,keyword
"Individual buildings (survey location, without coordinates)",1,asset,keyword
Individual buildings and bridges,1,asset,keyword
Individual buildings and meters,1,asset,keyword
Individual buildings and streets,1,asset,keyword
Individual buildings in 10 study areas,1,asset,keyword
Individual buildings linked to census block groups,1,asset,keyword
Individual buildings with H3 resolution-9 cell,1,asset,keyword
"Individual buildings with footprint, height and archetype",1,asset,keyword
"Individual buildings, grouped by county",1,asset,keyword
Individual care location (postcode),1,asset,keyword
Individual certificates by address and UPRN,1,asset,keyword
Individual charging stations in Hyderabad,1,asset,keyword
Individual container and collection circuit,1,asset,keyword
"Individual designated sites, buildings and boundaries",1,asset,keyword
Individual drain segments and associated asset features,1,asset,keyword
Individual elevator door systems,1,asset,keyword
"Individual emergency departments (installations), with regional and provincial totals",1,asset,keyword
Individual establishment (point),1,asset,keyword
Individual facilities (coordinates),1,asset,keyword
Individual facilities and network segments,1,asset,keyword
Individual facilities as points,1,asset,keyword
Individual facilities located to state and county,1,asset,keyword
Individual facilities with panel footprint polygons,1,asset,keyword
Individual facilities; health districts and provinces,1,asset,keyword
Individual facility (ward),1,asset,keyword
Individual facility point or polygon,1,asset,keyword
Individual facility; census tract for social vulnerability,1,asset,keyword
"Individual features (nodes, ways, relations)",1,asset,keyword
Individual food establishment (geocoded),1,asset,keyword
Individual government unit with state and county FIPS codes and mailing address,1,asset,keyword
Individual green roof polygons,1,asset,keyword
Individual grid assets; positional accuracy not guaranteed.,1,asset,keyword
Individual hospital (address),1,asset,keyword
Individual hospital site (point),1,asset,keyword
Individual hospitals,1,asset,keyword
Individual hospitals by county,1,asset,keyword
"Individual hospitals by governorate (addresses, no coordinates)",1,asset,keyword
"Individual hospitals, networks, states",1,asset,keyword
Individual houses,1,asset,keyword
Individual incidents with low-level geography,1,asset,keyword
Individual items of fire safety equipment,1,asset,keyword
Individual land parcels and premises,1,asset,keyword
Individual landfill site (point location),1,asset,keyword
Individual library,1,asset,keyword
Individual licensed operator (address),1,asset,keyword
Individual lighting units,1,asset,keyword
Individual mapped assets (OpenStreetMap geometry),1,asset,keyword
"Individual mapped assets, resource layers and municipalities; resolution differs by layer.",1,asset,keyword
Individual medical institution,1,asset,keyword
"Individual modelled buildings aggregated by county, PUMA, state and climate region",1,asset,keyword
Individual monitoring wells,1,asset,keyword
Individual operator and site (address code),1,asset,keyword
Individual participant decisions in virtual building layouts,1,asset,keyword
Individual pedestrian positions in centimetres,1,asset,keyword
"Individual pharmacy (address, coordinates where available)",1,asset,keyword
Individual photographed objects; resized images 512 x 384 pixels,1,asset,keyword
Individual pipeline projects with routes,1,asset,keyword
Individual planned transmission line features,1,asset,keyword
Individual practices (point locations),1,asset,keyword
Individual predicted building polygons (WGS 84),1,asset,keyword
Individual premises (address),1,asset,keyword
Individual projects located to state and county,1,asset,keyword
"Individual provider (CMS certification number, address)",1,asset,keyword
Individual provider and regional unit,1,asset,keyword
Individual public spaces,1,asset,keyword
Individual registered wells and mapped aquifers,1,asset,keyword
"Individual registrants (manufacturers, distributors, pharmacies, hospitals, practitioners)",1,asset,keyword
Individual residential buildings (2D footprints with 3D attributes),1,asset,keyword
Individual residential buildings (façade images),1,asset,keyword
Individual residential structures; neighbourhood buffers of 30 m to 300 m,1,10m_to_100m,number
Individual respondents (home area),1,asset,keyword
"Individual roofs (10,000 points per building)",1,asset,keyword
Individual samples and boreholes; some historical coordinates rounded to three decimal places,1,asset,keyword
Individual sewer main centrelines,1,asset,keyword
"Individual sewer pipes, manholes and structures",1,asset,keyword
"Individual ship, port facility or event",1,asset,keyword
"Individual shipment, organisation and facility fields",1,asset,keyword
Individual shops (GPS points),1,asset,keyword
Individual simulated homes,1,asset,keyword
Individual site (address),1,asset,keyword
Individual site footprints and representative points across Türkiye; positional accuracy varies.,1,varies,keyword
"Individual site investigations, boreholes and trial pits",1,asset,keyword
Individual station (point),1,asset,keyword
Individual storage installations,1,asset,keyword
Individual store (geocoded),1,asset,keyword
Individual stores in towns and communities,1,asset,keyword
Individual street lights,1,asset,keyword
Individual structures or damage areas detected on very high resolution satellite imagery,1,asset,keyword
Individual tests; client location approximated from IP address,1,asset,keyword
Individual turbines and wind farms,1,asset,keyword
Individual users within two event venues,1,asset,keyword
Individual waste disposal sites (151),1,asset,keyword
Individual water-network assets,1,asset,keyword
Individual wholesale market,1,asset,keyword
Individual wholesale market; region for consumer prices,1,asset,keyword
Indoor micro-environments and city monitoring sites,1,asset,keyword
Industrial heat-source objects detected using 375 m VIIRS observations,1,100m_to_1km,number
Inputs for 42-country European reconstruction,1,national,keyword
Installation polygons from Landsat imagery,1,asset,keyword
Instrumented pavement and green-space plots in Freiburg,1,asset,keyword
International dataset entries with country/city/site metadata.,1,asset,keyword
International magnetic observatory network,1,national,keyword
International resource directory; no shared spatial resolution.,1,national,keyword
Intersection or street segment (latitude and longitude),1,asset,keyword
Iran; 31 decision-making units in the study,1,asset,keyword
Ireland (national),1,national,keyword
"Island of Ireland; region, county or local place",1,local_units,keyword
Island-wide layers; 524 candidate sites,1,asset,keyword
Italian river catchments with discharge records,1,local_units,keyword
Italy; national facility-level 2023 data,1,asset,keyword
Jakarta; sensor-dependent pixels,1,asset,keyword
Japan standard 5th-level grid (about 250 m),1,100m_to_1km,number
"Japan; base series from 1990 to 2023, with an extended construction-sector model",1,varies,keyword
Japan; dated national disaster-report series,1,national,keyword
Japan; designated facility locations,1,asset,keyword
Japan; national annual figures for 2024 in the 2025 White Paper,1,national,keyword
Japan; national survey tables,1,national,keyword
Japan; national trends and prefectural tables,1,national,keyword
Jodhpur District road segments; EPSG:4326,1,asset,keyword
Kilometre scale,1,other,fallback_other
Kingdom of Bahrain and its four governorates,1,regional_units,keyword
"L-Town network with flow, pressure, tank level and consumption sensors",1,asset,keyword
LSOA and Data Zone,1,local_units,keyword
"La Salle River near Elie, Manitoba; gauge 05OG008",1,asset,keyword
"La Salle River near Elie, Manitoba; station 05OG008",1,asset,keyword
"La Salle River watershed near Elie, Manitoba; station 05OG008",1,asset,keyword
Labels for 31-cm native and 15.5-cm HD image chips,1,other,fallback_other
Landfill site,1,asset,keyword
Large hydropower systems above 3 MW in the northern Italian Alpine Region,1,regional_units,keyword
LiDAR-derived DEM and DSM (typically 1 m),1,under_10m,number
Livelihood zone,1,local_units,keyword
LoD 2.2 building models,1,asset,keyword
"LoD 2.2 buildings (LoD 1.3 where no AHN height data); scale 1:500 to 1:10,000",1,under_10m,map_scale
"LoD1 building models, files per state and county FIPS",1,asset,keyword
Local administrative unit,1,asset,keyword
"Local authority, parliamentary constituency, postcode district and postcode sector",1,local_units,keyword
Local planning authority and England,1,local_units,keyword
Logistics site (address),1,asset,keyword
London,1,other,fallback_other
"London, United Kingdom; 500 m processing grid",1,100m_to_1km,number
METU campus building surfaces; 227 by 227 pixel crops from 4032 by 3024 originals.,1,asset,keyword
"Mainland China, 1 km grid",1,1km_to_10km,number
Major exporting and importing countries and regions; ten-year projection vintages,1,regional_units,keyword
Major exporting and importing countries and world totals,1,national,keyword
Major freight railway operators across countries; no rail-line geometry.,1,asset,keyword
Malaysia and Indonesia; repository describes 100-unit resolution without specifying the unit,1,asset,keyword
Mapped vector features; source accuracy varies,1,varies,keyword
"Marin County, California, United States; March 2013 to September 2019",1,local_units,keyword
Market (Poland) and borders,1,national,keyword
"Market (about 3,000 markets with coordinates)",1,asset,keyword
Market (for example 28 markets in The Gambia),1,national,keyword
Market (georeferenced),1,national,keyword
Market (town) and county,1,local_units,keyword
Market and province,1,regional_units,keyword
Market yard (APMC),1,national,keyword
Markets and regions of Serbia,1,regional_units,keyword
"Maryland, United States; statewide daily totals",1,regional_units,keyword
"Maryland, United States; status refreshed every 60 seconds",1,regional_units,keyword
Material classes rather than a geographic sample.,1,other,fallback_other
"Mesh Block (2021) with SA2, postal area and state summaries",1,local_units,keyword
"Meter, building and community datasets from multiple locations.",1,asset,keyword
Metropolitan area and local jurisdiction,1,local_units,keyword
Metropolitan area of each cloud region,1,local_units,keyword
"Metropolitan regions, rural regions, statewide; helicopter bases",1,local_units,keyword
Mexico Basin; map scale not stated in inspected metadata,1,not_stated,not_stated
Microwave equipment; sampled network geography not stated.,1,not_stated,not_stated
"Mixed grids; many crop fields use 5 arcminutes, with other layers and basin subsets",1,1km_to_10km,number
Mohafazah (governorate) and qada (district),1,local_units,keyword
Monitoring locations and catchment polygons in Indian Bend Wash and Salt River subcatchments.,1,asset,keyword
Monitoring point,1,asset,keyword
Monitoring post (point),1,asset,keyword
"Montgomery County, Maryland, United States; daily incident records",1,asset,keyword
More than 80000 global stations; several spatially filtered products,1,asset,keyword
"Multiple countries and markets, especially developing countries",1,national,keyword
"Multiple countries, with strongest coverage of the United States and China",1,regional_units,keyword
Multiple source datasets; approximate coordinates and geohashes per location; country list not established.,1,not_stated,not_stated
Municipal and national vector layers,1,asset,keyword
Municipal limits intersected with cellular coverage,1,local_units,keyword
Municipalities,1,local_units,keyword
Municipalities (comuni) and hospitals,1,asset,keyword
"Municipality (1,104)",1,local_units,keyword
"Municipality (5,512 distinct ISTAT codes; 20 regions)",1,local_units,keyword
Municipality (PSGC p-codes),1,local_units,keyword
Municipality (comune),1,local_units,keyword
"Municipality (town, city, village, reservation)",1,local_units,keyword
Municipality and collection area,1,local_units,keyword
Municipality and distribution operator; cantonal and national medians.,1,local_units,keyword
Municipality and facility,1,asset,keyword
Municipality and fire station,1,asset,keyword
Municipality and wellbeing services county,1,local_units,keyword
Municipality or waste union,1,local_units,keyword
"Municipality, county, health trust and hospital",1,asset,keyword
NHS organisations and sites,1,asset,keyword
NHS provider trusts,1,other,fallback_other
NUTS 2 regions,1,regional_units,keyword
NUTS-3 regions and E-road network edges,1,asset,keyword
"NUTS-3 regions, 25 km charging areas and individual stop points",1,over_10km,number
NUTS0 (country),1,national,keyword
NUTS0 and NUTS3,1,local_units,keyword
NUTS0/NUTS2; Austrian NUTS3; offshore EEZ,1,local_units,keyword
NUTS3,1,local_units,keyword
NWS forecast zones and counties (polygons for some warnings),1,asset,keyword
Nation and state by level of government; individual units in unit files,1,asset,keyword
Nation and state totals by level of government; individual government units in the unit files,1,asset,keyword
"Nation down to block group or block, varying by dataset",1,varies,keyword
"Nation to census block group (5-year); areas of 65,000+ people (1-year)",1,local_units,keyword
"Nation, region and other geography types",1,regional_units,keyword
"Nation, state, metropolitan area, county, place (varies by sector)",1,varies,keyword
National (186 countries) and global,1,national,keyword
National (Republic of Mauritius),1,national,keyword
National (UK),1,national,keyword
"National (alerts name businesses and products, not locations)",1,asset,keyword
National (by product),1,national,keyword
National (county detail varies),1,varies,keyword
National (operator and establishment address),1,asset,keyword
National (presumed),1,national,keyword
National (retailer named),1,national,keyword
National (some breakdowns by incident type),1,asset,keyword
National (some tables by region),1,regional_units,keyword
National (ten countries),1,national,keyword
National (ten electric power companies),1,asset,keyword
National Sweden; sector and commodity breakdowns.,1,national,keyword
National and NUTS2,1,regional_units,keyword
National and PADD,1,national,keyword
National and aimag,1,national,keyword
National and district (raion),1,local_units,keyword
National and dzongkhag (district),1,local_units,keyword
National and four census regions,1,regional_units,keyword
National and marz (region),1,regional_units,keyword
National and oblast,1,regional_units,keyword
National and operator,1,national,keyword
National and operator totals,1,national,keyword
National and provincial,1,regional_units,keyword
National and region,1,regional_units,keyword
National and region (kraj),1,regional_units,keyword
"National and regional (Peninsular, Sabah, Sarawak)",1,regional_units,keyword
National and state (jurisdiction),1,regional_units,keyword
"National and state, with metro and non-metro splits for some groups",1,regional_units,keyword
National averages for 33 European countries,1,national,keyword
National grid; resolution depends on file,1,varies,keyword
National sample,1,national,keyword
National stock summaries and individual case study buildings,1,asset,keyword
"National totals, hospital groups and named hospitals or specialties where available; small cells are aggregated.",1,asset,keyword
National with district and community detail inside reports,1,local_units,keyword
"National, by industry",1,national,keyword
"National, by region and community size",1,regional_units,keyword
"National, by water service provider",1,national,keyword
"National, provinces, wind farms and specified flow points.",1,asset,keyword
"National, river segments and port regions",1,asset,keyword
"National, some tables by facility or governorate",1,asset,keyword
"National, with regional breakdowns in some tables",1,regional_units,keyword
"National, with station or zone detail in reports",1,asset,keyword
National; individual market for Budapest Wholesale Market,1,asset,keyword
National; per DisCo,1,national,keyword
National; region and province for consumption,1,regional_units,keyword
National; states and large metropolitan areas in cross-sectional waves,1,local_units,keyword
National; wholesale market,1,national,keyword
Neighbourhood building stock,1,asset,keyword
Netherlands; a primary sample of 20 municipalities,1,local_units,keyword
Nevada counties and facilities.,1,asset,keyword
"New York State, United States; nursing-home submissions",1,regional_units,keyword
"Nigeria, Kenya and South Africa",1,other,fallback_other
North Macedonia; national preparedness planning,1,national,keyword
North Macedonia; national reporting with incomplete municipal submissions,1,local_units,keyword
North Macedonia; national system audit published in 2026,1,national,keyword
"North-west European countries, Great Britain subregions and surrounding seas",1,regional_units,keyword
Northeast China black-soil area by county,1,local_units,keyword
"Northern Europe, 49–75°N and 0–50°E",1,over_10km,number
Northern Ireland (utility level),1,national,keyword
"Northern and central Ethiopia; 8,281 assemblages, approximately 40 percent relocated",1,other,fallback_other
"Northern half of Taihang Mountains, China; 8,349 mapped relics; internal coordinate system not inspected",1,not_stated,not_stated
Norwegian wind parks and individual turbines.,1,asset,keyword
Not spatial,1,non_spatial,keyword
Not spatial (guidance and case accounts),1,non_spatial,keyword
Not spatial (guidance),1,non_spatial,keyword
Not spatial (model inventory),1,non_spatial,keyword
Not spatial (policy report),1,non_spatial,keyword
Not stated (CGLS grid),1,not_stated,not_stated
Not stated (state or local government area),1,not_stated,not_stated
Notifier and destination country,1,national,keyword
Notifier and installation town,1,local_units,keyword
"Nova Scotia, Canada; hospitals in Nova Scotia Health and IWK",1,asset,keyword
OSM features,1,asset,keyword
Object-level segmentation in photographed scenes,1,asset,keyword
One 45 m bridge with 12 structural sensors,1,10m_to_100m,number
One Belgian low-energy house and nearby airport weather station.,1,asset,keyword
One KNXnet/IP test infrastructure,1,asset,keyword
"One building with indoor, outdoor and rooftop sensors",1,asset,keyword
One city,1,local_units,keyword
One common corner-point grid and four subsurface property models at multiple resolutions,1,varies,keyword
"One demonstration residence in Davis, California.",1,other,fallback_other
"One emulated 5G core topology with named network functions, gNB and UE; no real geographic site.",1,asset,keyword
One façade module in an outdoor test cell,1,other,fallback_other
"One four-storey building, central heating and five apartments",1,asset,keyword
One full-scale three-storey building,1,asset,keyword
One half-scale building specimen,1,asset,keyword
One hospital,1,asset,keyword
One hospital community,1,asset,keyword
One hospital emergency department,1,asset,keyword
One hospital pharmacy,1,asset,keyword
"One house, room level for three rooms",1,asset,keyword
One industrial-scale experimental multiphase-flow facility.,1,asset,keyword
One land grid cell nearest Odesa; source grid 0.11 degrees,1,over_10km,number
One logistics enterprise in Vietnam,1,other,fallback_other
One office building: aggregated 3-phase circuits and 53 individual appliances,1,asset,keyword
One plant control network,1,asset,keyword
One point per listed building,1,asset,keyword
One row per matched US NTD agency; agency and state fields.,1,asset,keyword
One set of building metadata and time series per school building,1,asset,keyword
One simulated radiology department,1,regional_units,keyword
One tunnel case with a numerical grid,1,local_units,keyword
One university-building study; exact location not stated,1,not_stated,not_stated
One urban corridor in the Eixample district,1,local_units,keyword
One waste-collection benchmark instance; location not stated,1,not_stated,not_stated
One waste-routing test network; location not stated,1,not_stated,not_stated
"One water-pressure control testbed, location unstated.",1,asset,keyword
One wholesale market; origin district for arrivals,1,local_units,keyword
OpenStreetMap link and path,1,asset,keyword
OpenStreetMap road segment,1,asset,keyword
Operating rooms of one hospital,1,asset,keyword
"Organisation and site (address, UPRN)",1,asset,keyword
Original railway sections of 200 m; version 2 uses smaller segments.,1,100m_to_1km,number
Output Areas and Small Areas,1,local_units,keyword
"Over 103 NYC Mesh wireless links, New York City",1,asset,keyword
Overture Maps building footprints flagged within a Sentinel-1 damage proxy,1,asset,keyword
Overture Maps building footprints with a confidence tier; second-level administrative shares,1,asset,keyword
PV08 0.8 m; PV03 0.3 m; PV01 0.1 m imagery,1,under_10m,number
"Palestine, by type of locality (urban, rural, camps); the West Bank data exclude the part of Jerusalem annexed in 1967",1,asset,keyword
Panama; 2023 monthly reporting,1,other,fallback_other
Panama; national facility-statistics series,1,asset,keyword
Panama; the published national emergency-assessment service,1,national,keyword
"Paraguay, Asunción and the districts of 17 departments",1,local_units,keyword
Paraguay; georeferenced facility locations,1,asset,keyword
Paraguay; plans registered from 2023,1,other,fallback_other
"Parcel (property) level, aggregated to ZIP code, county and congressional district",1,asset,keyword
Parcels and designated areas,1,asset,keyword
"Parcels, block groups, census places, municipalities and commission districts",1,asset,keyword
"Parcels, streets and buildings of one neighbourhood",1,asset,keyword
Participating countries and emergency settings; health-facility observations,1,asset,keyword
Participating countries; nationally representative facility surveys,1,asset,keyword
Participating emergency departments (locations listed); series aggregated nationally by ED type and age group,1,asset,keyword
Participating world regions and subregions; current-year and ten-year projections,1,regional_units,keyword
Patient and hospital,1,asset,keyword
"Pennsylvania, United States; county and date aggregates",1,local_units,keyword
Per LoD2 building surface,1,asset,keyword
Per building,1,asset,keyword
"Per device and room, with floor",1,other,fallback_other
Per image,1,other,fallback_other
Per-vehicle position and serving-cell identity,1,asset,keyword
Permitted site,1,asset,keyword
Permitted site (grid reference),1,asset,keyword
Peru; national administrative records for 2019 to 2024,1,national,keyword
"Pixel rasters for all lands (resolution given in the methods papers); community, county and state summaries",1,local_units,keyword
Place or object point,1,asset,keyword
Plant and furnace,1,asset,keyword
Plant and incinerator; county and city summaries,1,asset,keyword
Plant locations across China; positional accuracy not checked,1,asset,keyword
Point (address),1,asset,keyword
Point along drive path,1,asset,keyword
Point and line features,1,asset,keyword
"Point locations, road links and zones",1,asset,keyword
Point per event location (street or square),1,asset,keyword
Point per hospital,1,asset,keyword
Point per listed building,1,asset,keyword
Point per logical cell; estimated position with an estimated range in metres,1,asset,keyword
Point per site (town),1,asset,keyword
Point per structure,1,asset,keyword
"Point velocity and turbulence measurements around scale models, including pedestrian height",1,asset,keyword
"Point, census tract and county",1,asset,keyword
"Poland, urban and rural areas, and 16 voivodships",1,other,fallback_other
Poland; national healthcare-provider register,1,national,keyword
Polygon (5 ft DEM basis),1,asset,keyword
Polygons of green-roof area derived from aerial imagery,1,asset,keyword
Port Said Governorate routes and stops,1,asset,keyword
"Port of Los Angeles, United States; station locations",1,asset,keyword
Portugal; a survey and official-source review covering 308 municipalities,1,local_units,keyword
"Power plants, combustion units and generators",1,asset,keyword
Presumed district-heating area polygons and census-cell membership; numerical grid resolution not stated in the inspected README.,1,not_stated,not_stated
Probe locations (approximate coordinates),1,asset,keyword
Project level,1,asset,keyword
"Property, building and land parcel",1,asset,keyword
"Property-level estimates (restricted); 50 m, 250 m and 500 m grids (public)",1,10m_to_100m,number
Provider site (georeferenced),1,asset,keyword
Province,1,regional_units,keyword
"Province, health region and facility",1,asset,keyword
Provincial command,1,regional_units,keyword
"Public Use Microdata Area (PUMA), about 100,000 people",1,other,fallback_other
Public space design patterns,1,other,fallback_other
Published palaeoflood sites in Spain,1,asset,keyword
Pyrenees; grid spacing not stated in inspected repository metadata,1,not_stated,not_stated
Qinling Mountains; polygon boundaries,1,asset,keyword
RGB 4000 × 3000 pixels; thermal 640 × 512 pixels,1,local_units,keyword
Radar observations around the 213 m Cabauw meteorological tower,1,100m_to_1km,number
"Ramsey County, United States; communications-centre activity",1,local_units,keyword
Raster cells; visible trees counted within 200 m,1,100m_to_1km,number
"Reading, United States; service areas",1,regional_units,keyword
Recalling firm address; distribution pattern as text,1,asset,keyword
Recipient country,1,national,keyword
"Reclamation locations (reservoirs, dams, power plants, gauges, water quality sites) in the western United States",1,asset,keyword
Region and selected countries,1,regional_units,keyword
"Regional summaries by countries, administrative regions, biomes and other groupings",1,regional_units,keyword
"Representative buildings of 53 residential cohorts, by building, level, part and subpart",1,asset,keyword
"Residential and economic-activity buildings in Marche, Italy",1,asset,keyword
Respondent level,1,other,fallback_other
Respondents (national ministries),1,national,keyword
Rhine gauges,1,asset,keyword
"Road intersections in Dongguan, China; exact coordinates and network extent were not checked in the archive.",1,asset,keyword
Road segments in 50 African countries or regions,1,asset,keyword
Road vectors and 0.05 by 0.1 degree grids,1,over_10km,number
Roadside junction and parking scenes; exact site coverage not established.,1,not_stated,not_stated
"Romanian public hospitals, including military hospitals.",1,asset,keyword
Room,1,other,fallback_other
"Room and element level for 3,093 buildings",1,asset,keyword
Rooms in one hospital building,1,asset,keyword
"Route, stop and stop-to-stop segment",1,asset,keyword
Router level with inferred geolocation,1,asset,keyword
"Routes, stops and aggregated stops in Bengaluru.",1,asset,keyword
S-HYPE subcatchments covering Sweden,1,local_units,keyword
SAR office (regional),1,regional_units,keyword
"SCADA points of the C-Town benchmark network (tanks, pumps, valves, junction pressures)",1,asset,keyword
"Saint Lucia, districts, enumeration districts and building blocks",1,asset,keyword
Sales area and distributor,1,other,fallback_other
Sampled grids from Telecom Italia urban data; precise retained subset not stated.,1,not_stated,not_stated
Sampling sites in Québec City; full program spans other municipalities but this release is Part 1.,1,asset,keyword
"Santander, Colombia; public hospitals",1,asset,keyword
Satellite tracks around Australasia and Pacific islands,1,other,fallback_other
Saudi Arabia; national 2024 accounts,1,national,keyword
Saudi Arabia; national statistical products,1,national,keyword
Scenario ground motion fields around each site,1,asset,keyword
Scene-specific; not a single resolution stated in the dataset card,1,other,fallback_other
Schematic cable routes; landing points by city,1,asset,keyword
Scheme (point coordinates),1,asset,keyword
School Food Authority,1,asset,keyword
School points,1,asset,keyword
"Seattle, United States; dispatch records refreshed every five minutes",1,regional_units,keyword
Selected neighbourhoods,1,local_units,keyword
Selected weather stations in four countries,1,asset,keyword
Sensor position,1,asset,keyword
Sentinel-1 derived alerts,1,other,fallback_other
Sentinel-2 (10 m),1,10m_to_100m,number
"Sentinel-2 (10 m), 2048 by 2048 pixel tiles",1,10m_to_100m,number
Sentinel-2 image patches and parcel masks,1,asset,keyword
Sentinel-2 pixel (exact resolution not stated on the page read),1,not_stated,not_stated
"Sentinel-2 pixels (10 m bands, inferred from the sensor)",1,10m_to_100m,number
Service location,1,asset,keyword
Service location (point or city/town),1,asset,keyword
"Seven offshore wells near Pesaro and Fano, Adriatic Sea, Italy",1,asset,keyword
ShakeMap grids for each scenario,1,other,fallback_other
Shelter building,1,asset,keyword
Shelter building by community,1,asset,keyword
Shop in sampled villages,1,local_units,keyword
Shop location,1,asset,keyword
"Shore observations around bridges and riverside sites in Wuhan, Yangtze River.",1,asset,keyword
"Single building, element level",1,asset,keyword
Single inspection frame,1,other,fallback_other
Single laboratory feeder; location not established.,1,not_stated,not_stated
Single study area; precise site extent not established.,1,not_stated,not_stated
Single weather station location per city,1,asset,keyword
Single-GPU cooling cases; experiment location not stated.,1,not_stated,not_stated
Site level,1,asset,keyword
Site point,1,asset,keyword
"Site polygon digitised at 1:10,000",1,under_10m,map_scale
"Six offshore basins: Gulf of Mexico, Persian Gulf, North Sea, Caspian Sea, Gulf of Guinea and Gulf of Thailand",1,local_units,keyword
"Slovenia, statistical regions, 212 municipalities; heating also by settlement (about 6,000 settlements)",1,local_units,keyword
Smart containers and collection trucks in pilot cities,1,local_units,keyword
"Snow-free global land, 0.25-degree grid; soil layers 0–5, 5–15, 15–45, 45–105 and 105–195 cm",1,under_10m,number
South Korea; national emergency medical institutions,1,national,keyword
Southern Alps and much of South Island; distributed D2 grid 2 km,1,1km_to_10km,number
"Southern China coast; provider coverage includes Hong Kong, Macau and Taiwan",1,other,fallback_other
Sparsholt receiving station,1,asset,keyword
"Spatial estimates (grid or area, not stated)",1,not_stated,not_stated
Speedtest tile (about 600 m2),1,other,fallback_other
"Stanley, East Falkland camp, West Falkland camp, surrounding islands (and MPC for population tables)",1,other,fallback_other
State Highway link,1,asset,keyword
State and airport,1,asset,keyword
State and territory,1,regional_units,keyword
State or city,1,local_units,keyword
"State, county, census tract (dashboard and covered populations); county (LEIA)",1,local_units,keyword
"State, county, census tract (varies by indicator)",1,varies,keyword
"State, region and jurisdiction estimates",1,regional_units,keyword
"State, territory and national",1,regional_units,keyword
"States, counties and provinces",1,local_units,keyword
Station,1,asset,keyword
Station (point coordinates),1,asset,keyword
Station and 32 km grid,1,over_10km,number
Station and incident locations,1,asset,keyword
Station area and district,1,asset,keyword
Station or facility (point),1,asset,keyword
Station point,1,asset,keyword
Station points,1,asset,keyword
"Station points, incident records, isochrone polygons",1,asset,keyword
Stationary and bus/car/subway scenarios; locations not stated.,1,not_stated,not_stated
Store and agency (anonymised),1,other,fallback_other
Store point,1,asset,keyword
Street and station area,1,asset,keyword
"Street segments (about 70,000)",1,asset,keyword
Streets in ten cities,1,asset,keyword
Structural element level for each building,1,asset,keyword
Study buildings and adjacent context; exact building coordinates were not checked.,1,asset,keyword
Study uses 2-metre AccRo/RIM2D grids; individual archive layers not inspected,1,not_stated,not_stated
Study-specific food-industry respondents; geographic coverage is not stated,1,not_stated,not_stated
Study-specific process and uncertainty scenarios,1,other,fallback_other
Study-specific waste-collection instances; location not stated,1,not_stated,not_stated
Sub-metre satellite imagery; building footprints,1,asset,keyword
Sub-national area,1,local_units,keyword
Substation and interconnection coordinates,1,asset,keyword
Surveyed community,1,other,fallback_other
Swiss distribution operators and comparison categories; incomplete reliability coverage.,1,national,keyword
Sydney and surrounds; selected routes and transit modes,1,asset,keyword
Synthetic EPANET Net3 network with selected customer tanks.,1,asset,keyword
Synthetic EPANET Net3 topology.,1,other,fallback_other
Synthetic EPANET Net3 with customer-tank demand patterns.,1,asset,keyword
Synthetic or modified instances for a Master's thesis,1,other,fallback_other
Synthetic two-echelon supply-chain scenarios,1,other,fallback_other
Synthetic waste-collection routing instances,1,other,fallback_other
"São Sebastião municipality, São Paulo state, Brazil; EPSG:32723",1,local_units,keyword
TICON-3: 3471 gauges; original: 1145 gauges; TICON-td: 134 gauges,1,asset,keyword
"Taiwan total, regions and 22 counties and cities",1,local_units,keyword
Taiwan; the study's administrative reporting series,1,other,fallback_other
"Tanjombato, Antananarivo, Madagascar; February to April 2026",1,other,fallback_other
"Taranto Valley and eastern Taranto Gulf, Ionian Sea, southern Italy",1,other,fallback_other
Technology level (national),1,national,keyword
Technology-level compilation; geographic breakdown not stated.,1,not_stated,not_stated
"Temporary 6N network, Ancona; reference station CMA15",1,asset,keyword
Territory,1,regional_units,keyword
Territory and archipelago,1,regional_units,keyword
The study's centre-meal network; geographic location is not stated,1,not_stated,not_stated
Thermal zone and building,1,asset,keyword
Three building models,1,asset,keyword
Three distribution zones in Tetouan; exact zone boundaries unstated.,1,asset,keyword
Three emergency departments within one U.S. health system.,1,regional_units,keyword
"Three intersections in Ingolstadt, Germany.",1,other,fallback_other
Three micro-environmental zones,1,local_units,keyword
Three structural designs of one building scenario,1,asset,keyword
Top floor of one building,1,asset,keyword
Traffic analysis zones and network links,1,asset,keyword
Travel-time maps; parcel-level tables by land use and flow depth,1,asset,keyword
"Travis County, Texas, United States; monthly contacts",1,local_units,keyword
"Turbine model, not geographic assets",1,non_spatial,keyword
Tweets geolocated within Colombia,1,other,fallback_other
Two Santander harbour locations; three historical instruments,1,asset,keyword
Two anemometers on one building,1,asset,keyword
Two anonymised Z-city water-network sensor systems in northern China plus two simulated networks.,1,asset,keyword
"Two identical full-size buildings, room level",1,asset,keyword
Two industrial testbeds; local positions rather than global asset coordinates.,1,asset,keyword
Two supply chains (university hospital and regional hospital),1,asset,keyword
U.S. and model regions; workbook detail not checked,1,regional_units,keyword
UAE and emirates,1,regional_units,keyword
UAV air-to-ground links; exact study geography not stated.,1,not_stated,not_stated
UK and nations,1,national,keyword
UK and regions,1,regional_units,keyword
UK building typologies and building elements,1,asset,keyword
UK regions and surveyed digital research facilities.,1,asset,keyword
"UK, nations, regions, local authorities and designated areas",1,local_units,keyword
"US counties, with Puerto Rico, Guam and other territories",1,local_units,keyword
"US facility points, including territories.",1,asset,keyword
"US states and District of Columbia, within 32 world regions",1,local_units,keyword
"Union, states and regions, each split into urban and rural",1,regional_units,keyword
United States and states,1,regional_units,keyword
United States and trading partners; monthly and annual trade summaries,1,regional_units,keyword
"United States and world, major countries and regions",1,regional_units,keyword
United States with selected global comparisons; monthly and annual tables,1,regional_units,keyword
"United States, with relevant international comparisons; monthly, quarterly and annual series",1,regional_units,keyword
United States; 90 food categories across 15 geographic areas,1,regional_units,keyword
United States; annual projection vintages,1,regional_units,keyword
United States; county-level indicators,1,local_units,keyword
United States; hospital-level weekly reports through May 2024,1,asset,keyword
United States; jurisdiction-level weekly reports beginning August 2020,1,regional_units,keyword
United States; long-term national expenditure series,1,regional_units,keyword
United States; national food-spending accounts,1,regional_units,keyword
United States; national per-capita series,1,regional_units,keyword
United States; national survey-derived population groups,1,regional_units,keyword
"United States; nationally representative survey of 4,826 households",1,asset,keyword
United States; state-level statistical estimates,1,regional_units,keyword
United States; state-level time series through May 2024,1,regional_units,keyword
United States; weekly county aggregates through May 2024,1,local_units,keyword
United States; weekly observations beginning October 2019,1,regional_units,keyword
University of Wisconsin-Madison laboratory; one Panasonic 18650PF cell.,1,asset,keyword
Unknown from landing-page metadata,1,not_stated,not_stated
"Unnamed medium-sized Chinese city; relative, transformed base-station coordinates.",1,asset,keyword
"Upper Adige catchment, South Tyrol; 25 m grid",1,10m_to_100m,number
Upper Raba catchment and Dobczyce reservoir,1,asset,keyword
Upper-tier municipality and dispatch centre,1,local_units,keyword
"Urban area (3,170 zones)",1,local_units,keyword
"Urban flooding test facility, Wangen an der Aare, Switzerland",1,asset,keyword
Urban settlements,1,other,fallback_other
"Urban-agglomeration areas for 433 Chinese cities with population over 300,000",1,local_units,keyword
Varies by district model; asset geometry and network nodes; common numeric resolution not established,1,not_stated,not_stated
Varies by record,1,varies,keyword
Varies by view (territorial area of the pharmacy for reimbursement statistics),1,varies,keyword
"Vector edges and faces, county-based files",1,asset,keyword
"Vector points and polygons, state files (military national)",1,asset,keyword
"Vector, county-based files; positional accuracy varies by source",1,varies,keyword
Vessel position reports at eleven ports,1,asset,keyword
Vietnam; 2017 national report,1,national,keyword
Vietnam; national monitoring interface,1,national,keyword
Village development committee (VDC),1,local_units,keyword
Village or town points,1,asset,keyword
Voxels over a case study site,1,asset,keyword
Ward,1,local_units,keyword
"Warehouse (city and district, no coordinates)",1,asset,keyword
Warning area (municipality or district),1,local_units,keyword
Waste class,1,other,fallback_other
Water network components and 10 candidate shelter sites,1,asset,keyword
"Well points, survey lines and contract polygons",1,asset,keyword
"Wells and seismic attributes in the Taranaki Basin, New Zealand",1,asset,keyword
"Wells, flare stacks and facility plumes across an 86,000 square mile basin",1,asset,keyword
Whole test systems,1,national,keyword
Whole-building electricity meters,1,asset,keyword
Wholesale market (two markets),1,national,keyword
Wholesale market and state of origin,1,regional_units,keyword
Wind monitoring sites at Northern Mediterranean ports,1,asset,keyword
"Winnipeg, Canada; calls from 2015 onward",1,other,fallback_other
Wireless-network configurations; no verified geographic extent.,1,national,keyword
"World, region, country; urban and rural",1,regional_units,keyword
Worldwide tide-gauge stations,1,asset,keyword
"ZIP Code, county, state or territory",1,local_units,keyword
ZIP code,1,local_units,keyword
Zip code,1,local_units,keyword
"Zip code, dispatch area, precinct and district (no exact location)",1,asset,keyword
Zone polygons,1,asset,keyword
"Zoom-16 tiles, about 610.8 m at the equator",1,100m_to_1km,number
about 1.1 to 1.2 m,1,under_10m,number
about 10 km grid (5 arc-minutes),1,over_10km,number
about 13 cm ground sampling distance,1,under_10m,number
about 20 m points,1,10m_to_100m,number
about 231 m,1,100m_to_1km,number
about 25 km2 grid cells,1,local_units,keyword
about 30 m (1 arc-second),1,10m_to_100m,number
about 5 m,1,under_10m,number
about 5 m (PlanetScope),1,under_10m,number
about 8 km for fire danger; burnt areas from satellite imagery,1,1km_to_10km,number
"abstraction points, searchable by commune, département and region",1,asset,keyword
"access point, cell or device",1,asset,keyword
address (over 22 million addresses from the official house coordinates),1,asset,keyword
address and building,1,asset,keyword
address points and census sections; municipal indicators,1,asset,keyword
"address, municipality and region",1,asset,keyword
administrative levels 0 to 2 (FAO GAUL),1,other,fallback_other
administrative unit,1,asset,keyword
aerodrome and route link,1,asset,keyword
aerodromes and airports,1,asset,keyword
"aerodromes, navaids and airways",1,other,fallback_other
affected area; imagery at sensor resolution,1,asset,keyword
"agglomerations (urban, semi-rural and rural) and communes, with wilaya",1,local_units,keyword
agricultural field,1,asset,keyword
agricultural field polygon,1,asset,keyword
aircraft position,1,other,fallback_other
"airline, region and route area",1,asset,keyword
airport and airline,1,asset,keyword
"airport pair (flight stage and origin-destination), by airline",1,asset,keyword
airport pair and airline,1,asset,keyword
"airport pair, by aircraft type",1,asset,keyword
airport reference point,1,asset,keyword
"airport, with destination analyses",1,asset,keyword
"airport, with origin and destination by world region",1,asset,keyword
airports,1,asset,keyword
"airports, airport pairs and routes",1,asset,keyword
"airspace volumes, routes and aerodromes",1,asset,keyword
alarm tag,1,other,fallback_other
"all Brazilian municipalities, weighted from census tracts",1,local_units,keyword
all active and inactive hydrometric stations,1,asset,keyword
"anonymised sampling sites (wastewater treatment plants and upstream sites), county-level geography",1,asset,keyword
antenna points,1,asset,keyword
antenna position coordinates,1,asset,keyword
approximate test locations,1,asset,keyword
areas of England,1,other,fallback_other
asset and line section,1,asset,keyword
asset and road link,1,asset,keyword
asset by airport,1,asset,keyword
asset level,1,asset,keyword
"assets, ports and road links",1,asset,keyword
atoll and island,1,other,fallback_other
atoll for drinking water (with Male' and administrative islands); island for living quarters and rooms; island charts in atoll profiles,1,other,fallback_other
auction market,1,national,keyword
automatic surface water and groundwater stations,1,asset,keyword
autonomous system; country,1,national,keyword
backbone link,1,asset,keyword
backbone nodes with coordinates and links,1,asset,keyword
balancing authority (54),1,other,fallback_other
bank (highest level of consolidation) and country,1,asset,keyword
bank and country,1,asset,keyword
bank level (63 banks in the 2027 sample),1,asset,keyword
barrier points and reservoir polygons co-registered to the HydroSHEDS 15 arc-second drainage network,1,100m_to_1km,number
base station and cell,1,asset,keyword
base station; eligible and ineligible areas,1,asset,keyword
basic settlement unit (ZSJ) and region,1,asset,keyword
"benchmark networks (C-Town, Anytown)",1,local_units,keyword
benchmark water distribution system with water utilities and their static properties,1,national,keyword
"bike stations, taxi zones and a 90 by 60 grid",1,asset,keyword
binned location,1,asset,keyword
border crossing,1,national,keyword
breach notification (organisation and state),1,regional_units,keyword
building address and network node,1,asset,keyword
building points and enumeration area polygons for 774 Local Government Areas of the 36 States and the FCT,1,asset,keyword
"bus GPS positions, stops and routes; city-level socio-demographic indicators",1,asset,keyword
bus positions by neighbourhood and rainfall region,1,asset,keyword
bus stops and inter-stop segments in sampled LAUs,1,asset,keyword
bus stops and routes,1,asset,keyword
"by source country, address and port",1,asset,keyword
cable line within protection zones,1,asset,keyword
cable routes,1,asset,keyword
cable routes (vector lines),1,asset,keyword
"canal line features; effective precision 5 to 30 m, mean positional offset about 98 m",1,10m_to_100m,number
carrier,1,other,fallback_other
carrier and non-stop airport pair by aircraft type,1,asset,keyword
carrier and study area,1,other,fallback_other
carrier study area; state,1,regional_units,keyword
case (asset) level,1,asset,keyword
case (industrial park or city),1,local_units,keyword
catchment (52 catchments),1,local_units,keyword
"catchment of each of more than 5,700 dams",1,asset,keyword
census block,1,local_units,keyword
"census block (manzana) and sector, within zone, parish, canton and province identifiers",1,local_units,keyword
"census divisions in the 2023 report; census divisions, enumeration districts, buildings and dwellings in the 2012 database",1,asset,keyword
"census output areas (jipgyegu), administrative districts to eup-myeon-dong, and statistical grid cells",1,local_units,keyword
"census section (sección censal) for the indicator file; municipality, province and region for detailed tables",1,local_units,keyword
"census sections (sezioni di censimento), also census areas, sub-municipal areas and localities",1,local_units,keyword
"census tract (counts of street faces, households and persons), also neighbourhood, district and municipality",1,asset,keyword
"census tract (setor censitário), also neighbourhood, district, subdistrict and municipality aggregates",1,local_units,keyword
census tract and ZCTA,1,local_units,keyword
"census tract, aggregated to state and county",1,local_units,keyword
census-tract connections and CBSA road segments across the United States,1,asset,keyword
"central counterparty (CCP), asset class, product and currency",1,asset,keyword
charger and vehicle (anonymised),1,asset,keyword
charging stations and 275 traffic zones,1,asset,keyword
chart features along 20 river systems (river-mile ranges),1,asset,keyword
city (337 cities),1,local_units,keyword
city and region (enterprise product),1,local_units,keyword
city and road,1,asset,keyword
city and state,1,local_units,keyword
"city block, district and municipality",1,local_units,keyword
city grid cells,1,local_units,keyword
city nodes with coordinates,1,asset,keyword
city or metropolitan area,1,local_units,keyword
"city, functional urban area and degree of urbanisation classes",1,local_units,keyword
climate zone,1,local_units,keyword
cluster (cell) and machine,1,asset,keyword
coal mine (coordinates),1,asset,keyword
coarse-grained stops and stations,1,asset,keyword
collision point coordinates,1,asset,keyword
commodity,1,other,fallback_other
commune (admin level 2),1,local_units,keyword
commune and province; district (quartier) and commune for Greater Nouméa,1,local_units,keyword
commune or department,1,local_units,keyword
"commune, technical zone and address",1,asset,keyword
"commune, with wilaya and national rows; urban and rural sheets",1,local_units,keyword
company and ownership link level,1,asset,keyword
company site,1,asset,keyword
"company, with country and sector aggregates",1,asset,keyword
complaint,1,other,fallback_other
component and asset classes (not site-specific),1,asset,keyword
component or test article,1,other,fallback_other
"corridor, port and railroad",1,asset,keyword
count locations and road segments,1,asset,keyword
count locations on state highways; ramps by district,1,asset,keyword
count points and major road links,1,asset,keyword
count sites,1,asset,keyword
count sites on state highways,1,asset,keyword
counting station and lane,1,asset,keyword
counting station road section,1,asset,keyword
"countries (EU, EFTA and candidate countries)",1,national,keyword
countries and level-2 subnational units,1,asset,keyword
"countries; NUTS 2 and 3 regions for some series; airports, ports and routes",1,asset,keyword
country (190),1,national,keyword
country (192 countries),1,national,keyword
country (214 economies),1,national,keyword
country (27 CPMI jurisdictions),1,national,keyword
country (43 plus rest of world),1,national,keyword
country (Chinese provinces for clinker),1,regional_units,keyword
country (EU27),1,national,keyword
country (over 150 countries),1,national,keyword
country (some regional codes),1,regional_units,keyword
"country and 12 governorates, split urban and rural in most tables",1,regional_units,keyword
country and 24 jurisdictions in the tables; census fraction and radius in the REDATAM database,1,national,keyword
country and bilateral partner level,1,national,keyword
country and city level,1,local_units,keyword
country and city-to-city route,1,asset,keyword
country and crop,1,national,keyword
country and deployment,1,national,keyword
"country and first sub-national level (states, provinces, islands or island groups) for household counts; country, urban and rural for energy access",1,asset,keyword
country and locust outbreak areas,1,national,keyword
country and product,1,national,keyword
country and project,1,national,keyword
country and provider,1,national,keyword
country and region (bilateral country pairs for the trade matrix),1,regional_units,keyword
country and region (bilateral flows),1,regional_units,keyword
country and region aggregates,1,regional_units,keyword
country and region by market,1,regional_units,keyword
country and rest-of-world regions,1,regional_units,keyword
country and sub-national distribution records,1,local_units,keyword
country and sub-national region (China-Japan-Korea table),1,local_units,keyword
country and world region,1,regional_units,keyword
country level,1,national,keyword
country level and 5 arc-minute grids,1,1km_to_10km,number
country of target,1,national,keyword
country or region per dataset,1,regional_units,keyword
country pair,1,national,keyword
country total and each county and Budapest (one sheet each),1,local_units,keyword
country zone and server,1,local_units,keyword
"country, 16 regions, provinces and 346 comunas",1,regional_units,keyword
"country, 25 districts and Divisional Secretary's Divisions; occupied housing units for 14,008 Grama Niladhari Divisions with province, district, DS and GN codes",1,asset,keyword
"country, 8 regions, 70 municipalities (value lists include a total), 44 statistical output areas and 207 minor statistical output areas (value lists include a total)",1,local_units,keyword
"country, Tbilisi, Adjara and 9 regions, each for total, urban and rural settlements",1,regional_units,keyword
"country, U.S. state and California city",1,local_units,keyword
"country, aggregated",1,national,keyword
"country, cantons and communes (115 geography codes in table B1707)",1,local_units,keyword
"country, counties and each town and municipality (local self-government unit)",1,asset,keyword
"country, counties and municipalities (312 regions); DeSO and RegSO small areas (9,523 regions in the 2025 table)",1,local_units,keyword
"country, euro area, EU",1,national,keyword
"country, geographic areas, decentralised administrations, regions, regional units, municipalities, municipal units, communities and settlements (about 21,200 rows)",1,asset,keyword
"country, municipalities, communities and enumeration districts; buildings and dwellings are entities",1,asset,keyword
"country, parishes, enumeration districts and blocks (block is an entity in the database)",1,local_units,keyword
"country, provinces, districts and tehsils; tables 32 to 35 for each rural mauza or deh (by hadbast number) and each urban locality",1,local_units,keyword
"country, region and world",1,regional_units,keyword
"country, regions, aimags and the capital, soums and districts (367 area values in the electricity and water tables)",1,local_units,keyword
"country, regions, provinces and highly urbanized cities (135 geographic values)",1,local_units,keyword
"country, rural and urban, 47 counties and their sub-counties",1,local_units,keyword
"country, settlement regions, counties, municipalities and cities (245 location codes)",1,asset,keyword
"country, statistical regions, districts (oblasti) and municipalities (obshtini), towns and villages",1,local_units,keyword
"country, urban and rural, development regions, districts and municipalities, towns and villages or communes (about 940 CUATM codes)",1,local_units,keyword
"country, urban and rural; one table of households by premises type for 17 regions and 3 cities of republican significance",1,asset,keyword
"country, with rural and urban split",1,national,keyword
"country, with subnational administrative units where geocoded",1,asset,keyword
country; NUTS-2 loading and unloading regions for the Netherlands,1,regional_units,keyword
country; subnational in INFORM Subnational models,1,local_units,keyword
"county (15), urban or rural, national; boundary layers to district and clan in the same API",1,local_units,keyword
county (FIPS),1,local_units,keyword
county and HUC12 watershed,1,local_units,keyword
county and plant,1,asset,keyword
county level; country not established,1,not_stated,not_stated
county pair,1,local_units,keyword
county to county (and other geographies by product),1,local_units,keyword
"county, by energy source and water source",1,local_units,keyword
county; inside and outside built-up areas,1,local_units,keyword
coverage polygons and measurement points,1,asset,keyword
coverage polygons by technology; connections by area,1,asset,keyword
coverage polygons or image overlays,1,asset,keyword
coverage polygons; grid cells; 1 km squares,1,1km_to_10km,number
dam,1,asset,keyword
dam points in the Mekong basin,1,asset,keyword
dam points with catchment polygons,1,asset,keyword
data centre archetype,1,other,fallback_other
"department and municipality, split into municipal seat, populated centre and dispersed rural area; microdata at dwelling, household and person level",1,asset,keyword
department of French Guiana and each of its communes (dossier per commune; database for all French communes),1,local_units,keyword
"department, province and district, urban and rural",1,local_units,keyword
"department, province, district and populated centre",1,local_units,keyword
"departments, municipalities and about 20,000 populated places with centroid longitude and latitude",1,asset,keyword
"departments, municipalities, comarcas and neighbourhoods or communities (barrios y comunidades), with an urban and rural zone variable",1,varies,keyword
deposit or occurrence point,1,asset,keyword
deposit point and area,1,asset,keyword
deposit points,1,asset,keyword
detector,1,other,fallback_other
detector sections,1,other,fallback_other
"detector stations, corridors and transit routes",1,asset,keyword
device,1,other,fallback_other
"dike trajectories and dike sections (dijkvakken), plus point structures (kunstwerken)",1,asset,keyword
discharge points,1,asset,keyword
district (1971 boundaries) and country,1,local_units,keyword
"district (MODA); county, test site or route (NCC)",1,asset,keyword
district (dashboard); insurance units vary by state,1,varies,keyword
district and locality,1,local_units,keyword
"district, corregimiento, lugar poblado (populated place), barriada or barrio, and census segment",1,asset,keyword
"district, municipal ward and village council area, urban and rural, and Rodrigues local regions",1,local_units,keyword
"district, settlement type (urban, peri-urban, rural) and ecological zone in the report; village and census enumeration area (11-digit code) in the village list",1,local_units,keyword
drillhole collar points,1,asset,keyword
drillhole collars,1,other,fallback_other
"drive routes, hotspots, service areas",1,asset,keyword
drive routes; fixed sites,1,asset,keyword
drone survey (centimetre to decimetre scale),1,other,fallback_other
"drought category polygons, summarised by county and state",1,asset,keyword
earth station site,1,asset,keyword
economic regions and administrative-territorial units (districts and cities),1,asset,keyword
economy by sector (inter-country input-output flows),1,national,keyword
emirate and licensed company,1,asset,keyword
establishment level (named operators),1,asset,keyword
"establishment locations (map scale 1:750,000)",1,100m_to_1km,map_scale
eup/myeon/dong (neighbourhood) for the detailed results,1,local_units,keyword
event (location),1,asset,keyword
event (site) level,1,asset,keyword
event footprint,1,asset,keyword
event level,1,asset,keyword
event level (victim country and industry),1,asset,keyword
event location as named in official documents (province and below),1,asset,keyword
event points,1,asset,keyword
every NHDPlus version 2 flowline,1,other,fallback_other
every Swedish subcatchment,1,local_units,keyword
"every village, town and ward of each district",1,local_units,keyword
exchange and country,1,national,keyword
exchange location,1,asset,keyword
exchange region,1,regional_units,keyword
exchange site,1,asset,keyword
"exchange, switch and member port",1,asset,keyword
expressway sections,1,other,fallback_other
facility (WGS84 coordinates); state for food,1,asset,keyword
facility (address),1,asset,keyword
facility (address; coordinates for about a third),1,asset,keyword
facility (coordinates with accuracy flag),1,asset,keyword
facility (latitude and longitude where available),1,asset,keyword
facility (latitude and longitude),1,asset,keyword
facility (point sources) and county or tribal totals,1,asset,keyword
facility (where published) and aggregated regions,1,asset,keyword
"facility address and coordinates, city for exchanges",1,asset,keyword
facility and locality,1,asset,keyword
"facility and project level, aggregated by state",1,asset,keyword
facility and unit,1,asset,keyword
facility and watershed,1,asset,keyword
"facility assessments (anonymised), by state and industry",1,asset,keyword
facility footprint,1,asset,keyword
facility level; US by state and congressional district,1,asset,keyword
facility locations and polygons,1,asset,keyword
facility point and land parcel,1,asset,keyword
facility point locations,1,asset,keyword
facility points,1,asset,keyword
"facility, port and dealer nodes",1,asset,keyword
factory modules and sensors,1,asset,keyword
fairway sections and nodes,1,asset,keyword
farm,1,other,fallback_other
farm (locations withheld),1,asset,keyword
farm and device,1,other,fallback_other
farm and field,1,asset,keyword
farm holding,1,other,fallback_other
"farm holding (explotación) and parcel records with department, municipality and comarca codes",1,asset,keyword
feature,1,asset,keyword
feature level (0.2 to 1.5 m accuracy),1,under_10m,number
fibre route and node,1,asset,keyword
field (digitised on 20 m imagery),1,10m_to_100m,number
field (from 1.5 m imagery),1,under_10m,number
field (from 10 m imagery),1,10m_to_100m,number
field (from 3 m imagery),1,under_10m,number
field parcel,1,asset,keyword
field plot and farm,1,asset,keyword
field polygon,1,asset,keyword
"field polygons (Sentinel-2, 10 m)",1,10m_to_100m,number
firm and country,1,asset,keyword
first-level administrative units (from a 4 km grid),1,1km_to_10km,number
five arc-minutes (about 10 km),1,over_10km,number
"five districts (Lefkosia, Ammochostos, Larnaka, Lemesos, Pafos), urban and rural",1,local_units,keyword
"five regional sectors (north-west, east, south, central, north)",1,regional_units,keyword
"flights, routes and airports",1,asset,keyword
flood outlines for each large raised reservoir in England,1,asset,keyword
flood zone polygons for England,1,asset,keyword
flood zones along the rivers of the Basque Country,1,local_units,keyword
floodplain polygons with water depth; national heavy rainfall simulation,1,asset,keyword
footprint polygons,1,asset,keyword
four stations,1,asset,keyword
"four towns, four villages and 16 parishes",1,local_units,keyword
freeway mileposts by direction,1,other,fallback_other
gauging station; 841 hydrographic subregions for selection,1,asset,keyword
"gauging stations (station ids such as 6.10.0), searchable by county and municipality",1,asset,keyword
"gauging stations, springs and wells",1,asset,keyword
geocoded PoPs and digitised link routes,1,asset,keyword
geographic unit as reported,1,asset,keyword
georeferenced points along drive routes,1,asset,keyword
global (breakdown not stated on the page read),1,not_stated,not_stated
global aggregate,1,national,keyword
global and country,1,national,keyword
global and regional indices,1,regional_units,keyword
global and ten regions,1,regional_units,keyword
global benchmark prices,1,national,keyword
global grid (resolution per ISIMIP protocol),1,local_units,keyword
global grid (see EWDS documentation; about 0.05 degree in version 4),1,1km_to_10km,number
global grid (see technical note),1,local_units,keyword
global grid; resolution given per layer in the ISO 19115 metadata (not stated on the FAQ),1,not_stated,not_stated
global maps (units are set out in the technical note),1,asset,keyword
global regions,1,regional_units,keyword
global service,1,national,keyword
global totals,1,national,keyword
global with three regional contributions,1,regional_units,keyword
"global, by scenario and decade",1,national,keyword
"global, with Europe compared to the rest of the world",1,national,keyword
"gmina (municipality, split into urban and rural parts of urban-rural gminas), by seven-digit territorial code",1,local_units,keyword
governorate (eight plus national total); caza for dwelling type (table HH1),1,regional_units,keyword
grid (cell size stated in the readme),1,local_units,keyword
grid (size not stated on the page read),1,not_stated,not_stated
grid (spacing given in the associated article),1,local_units,keyword
grid cells within each urban area,1,local_units,keyword
grid squares (about 235 m in Milan),1,100m_to_1km,number
gridded (resolution not stated on the page read),1,not_stated,not_stated
"gridded flood depth and scenario maps; evacuation and dry-floor layers per area, building and neighbourhood",1,asset,keyword
gridded flood depth; exposure summarised by district and state,1,local_units,keyword
"health zone, commune or admin 3 and 4",1,local_units,keyword
hexagonal cells (about 32 million for England),1,other,fallback_other
"high-resolution RGB, 750 by 750 pixel patches",1,local_units,keyword
"highway and rail segments, bridges, port and airport parcels",1,asset,keyword
"highway kilometre, toll plaza and railway line",1,asset,keyword
highway mileposts; island DEMs,1,other,fallback_other
highway section and asset,1,asset,keyword
host,1,asset,keyword
household meter,1,asset,keyword
"household records coded by region, constituency and urban or rural area",1,asset,keyword
"household records coded by region, department, sub-prefecture, canton and enumeration zone",1,asset,keyword
"household records coded to 12 regions, provinces and prefectures, and urban or rural area",1,asset,keyword
"households and trips, released at national, census division and state levels",1,asset,keyword
hydrological and meteorological stations (station list CSV and station maps),1,asset,keyword
implementing jurisdiction and affected trading partners,1,other,fallback_other
incident,1,asset,keyword
incident level,1,asset,keyword
individual AIS position reports,1,asset,keyword
individual BMP study sites,1,asset,keyword
individual First Nations and municipal drinking water systems in Ontario,1,asset,keyword
individual access points,1,asset,keyword
individual accidents,1,asset,keyword
individual accidents and investigations,1,asset,keyword
individual agents and activity locations (DeSO zones); road links with slope,1,asset,keyword
individual agricultural parcels (polygons),1,asset,keyword
individual aircraft,1,asset,keyword
individual aircraft and vehicle positions within 3D geofences of 42 airports,1,asset,keyword
individual aircraft positions every 1 to 60 seconds,1,asset,keyword
individual airports and airport-to-airport routes,1,asset,keyword
"individual airports, runway ends and navaids (point coordinates)",1,asset,keyword
"individual airports, runways, navaids, fixes, route segments and airspace polygons",1,asset,keyword
individual antenna sites,1,asset,keyword
individual asset (lines and points),1,asset,keyword
"individual asset where available, otherwise administrative area",1,asset,keyword
individual borehole points,1,asset,keyword
individual bridges,1,asset,keyword
individual buildings (points),1,asset,keyword
individual buildings and business estates,1,asset,keyword
"individual canals, laterals and diversions",1,asset,keyword
individual collisions,1,asset,keyword
"individual crop pixels, labelled with county yields",1,asset,keyword
individual crossings and incidents,1,asset,keyword
individual cyclists on a circular test track (Cartesian coordinates),1,asset,keyword
individual dam,1,asset,keyword
individual dam (country; no coordinates stated on the page),1,asset,keyword
individual dam and reservoir,1,asset,keyword
individual dam failure events,1,asset,keyword
individual dam removal projects linked to NHDPlus V2.1,1,asset,keyword
"individual dam, by region",1,asset,keyword
"individual dam, located by province and region (no coordinates)",1,asset,keyword
individual dams (point features),1,asset,keyword
individual dams and basins,1,asset,keyword
individual dams with coordinates,1,asset,keyword
"individual dams with district, municipality, locality and map location",1,asset,keyword
"individual dams, all owners",1,asset,keyword
individual defence assets as vector features,1,asset,keyword
individual detectors,1,asset,keyword
individual detectors on freeways,1,asset,keyword
individual drillhole locations,1,asset,keyword
individual drive,1,asset,keyword
individual events located by place and country,1,asset,keyword
"individual events, aircraft and airports",1,asset,keyword
"individual failure sites in the water systems of Kahramanmaraş, Adıyaman, Gaziantep and Hatay",1,asset,keyword
individual flights and trajectories,1,asset,keyword
individual flights between airport pairs,1,asset,keyword
individual freeway sensors,1,asset,keyword
individual gauging and observation stations,1,asset,keyword
individual grain bins (latitude and longitude),1,asset,keyword
"individual hydropower projects, with zone (dam, powerhouse, bypass reach)",1,asset,keyword
"individual lakes, reservoirs, river reaches and wetlands (29,359 targets worldwide per the page)",1,asset,keyword
individual lock chambers,1,asset,keyword
individual manholes and pipes; 1.72 km2 contributing area,1,asset,keyword
"individual monitoring locations (streams, lakes, wells) with state, county, coordinates and hydrologic unit code",1,asset,keyword
individual monitoring stations and flood warning areas across England,1,asset,keyword
"individual network components of an artificial coastal community of about 1,065 square miles",1,asset,keyword
individual parking sites,1,asset,keyword
individual participants,1,asset,keyword
individual permits and concessions,1,asset,keyword
individual ports (point locations),1,asset,keyword
individual ports and chokepoints,1,asset,keyword
individual public water systems,1,asset,keyword
individual public water systems (city or county served),1,asset,keyword
individual reservoir; individual water level station,1,asset,keyword
individual reservoirs; national inventory of 743 dams,1,asset,keyword
individual respondents,1,asset,keyword
individual road segments and buildings,1,asset,keyword
individual road users at a motorway section and an intersection,1,asset,keyword
"individual road, path and track centre lines",1,asset,keyword
individual sampling points on water bodies,1,asset,keyword
individual seaports,1,asset,keyword
individual site (coordinates),1,asset,keyword
"individual site (coordinates, ANFR station id)",1,asset,keyword
individual sites,1,asset,keyword
individual sites; coverage map resolution not stated,1,not_stated,not_stated
individual small reservoirs and dams,1,asset,keyword
individual station,1,asset,keyword
individual station coordinates,1,asset,keyword
"individual stations (about 4,700 points monitored by ANA, over 1,900 on rivers)",1,asset,keyword
"individual stations (river gauges, conduits, reservoirs, evaporation stations)",1,asset,keyword
individual stops and journeys,1,asset,keyword
individual stops and route geometries,1,asset,keyword
individual stops and stations,1,asset,keyword
individual stops and vehicles,1,asset,keyword
individual storm overflow,1,asset,keyword
individual stream gauging stations,1,asset,keyword
individual strike events by airport,1,asset,keyword
individual structures,1,asset,keyword
"individual supplies and networks, by region, territorial authority and public health unit",1,asset,keyword
individual supply points,1,asset,keyword
individual tank; imagery at 60 cm or finer,1,under_10m,number
"individual tracks, switches and level crossings; kilometre points about every 100 m",1,100m_to_1km,number
individual transactions between accounts,1,asset,keyword
individual transmitter sites,1,asset,keyword
individual treatment plants,1,asset,keyword
individual treatment plants (point coordinates),1,asset,keyword
individual treatment plants and sanitation agglomerations,1,asset,keyword
individual treatment plants; groundwater depth surface for the San Francisco Bay Area,1,asset,keyword
individual tunnels,1,asset,keyword
individual utilities (EPS),1,asset,keyword
individual vehicle,1,asset,keyword
individual vehicle on road segment,1,asset,keyword
individual vehicle positions,1,asset,keyword
individual vehicles at 0.1 s,1,asset,keyword
individual vehicles on short road sections,1,asset,keyword
individual vessel positions,1,asset,keyword
individual vessel transits,1,asset,keyword
individual volunteer observer stations,1,asset,keyword
"individual wastewater treatment plants (named site and federal state), plus a national aggregate",1,asset,keyword
individual wastewater treatment plants (sewersheds) across Sweden,1,asset,keyword
individual water points (latitude and longitude),1,asset,keyword
individual water points; woreda totals for Tigray,1,asset,keyword
individual water structure,1,asset,keyword
individual water supply and sewerage operators,1,asset,keyword
"indoor corridors, rooms and facilities",1,asset,keyword
industrial estate (plan area),1,other,fallback_other
industrial site,1,asset,keyword
industrial unit (coordinates),1,asset,keyword
inland and coastal gauges on the federal waterways,1,asset,keyword
installation (no coordinates),1,asset,keyword
installation and NUTS-2,1,other,fallback_other
installation and operator account,1,national,keyword
"installation, coordinates coarsened to 100 m",1,100m_to_1km,number
institution,1,other,fallback_other
institution and branch,1,other,fallback_other
institution points; settlements (Chernivtsi),1,asset,keyword
intersections and lanes,1,asset,keyword
intersections and stations,1,asset,keyword
irrigation bodies and schemes,1,other,fallback_other
irrigation district (11 districts after the 2022 and 2023 amalgamations) and province,1,local_units,keyword
irrigation project (248 projects in five developing regions),1,regional_units,keyword
"island (Mwali, Ndzuwani, Ngazidja) and urban or rural area in the report; enumeration area is the lowest level in the microdata",1,other,fallback_other
"island total and eight districts (Jamestown, Half Tree Hollow, St Pauls, Blue Hill, Sandy Bay, Levelwood, Longwood, Alarm Forest)",1,local_units,keyword
"island, regions, villages and enumeration areas; buildings and dwellings are entities in the database",1,asset,keyword
"island; village for Abaiang, North and South Tarawa, Kiritimati and others; enumeration area for Betio",1,local_units,keyword
job and node; modelled facility,1,asset,keyword
jurisdiction; deposit (screening-grade coordinates),1,asset,keyword
laboratory,1,asset,keyword
laboratory model scale,1,asset,keyword
laboratory-scale testbeds,1,asset,keyword
land port of entry,1,asset,keyword
legal entity,1,other,fallback_other
levee lines and leveed-area polygons within delta polygons,1,asset,keyword
levee system and segment alignments,1,asset,keyword
licence polygon,1,asset,keyword
licence polygons,1,asset,keyword
"licence, site and complex polygons",1,asset,keyword
"licensed service area (telecom circle), provider",1,other,fallback_other
line and cross-section,1,asset,keyword
"line and station or stop, with district",1,asset,keyword
line and transfer station,1,asset,keyword
"line, with province and municipality",1,asset,keyword
link line (about 30 m site accuracy); commune,1,10m_to_100m,number
link paths of 0.1 to 15 km; radar grid,1,over_10km,number
"local authority district, region, rural and urban",1,local_units,keyword
local government (municipality),1,local_units,keyword
"local government areas (LGA), urban and rural",1,local_units,keyword
"locality (names, no coordinates)",1,asset,keyword
locality or district (inferred); station points,1,asset,keyword
"location, settlement, municipality",1,asset,keyword
machine and container,1,asset,keyword
machine and distribution asset,1,asset,keyword
machine and distribution board,1,asset,keyword
machine or component,1,asset,keyword
machine or node,1,asset,keyword
machine tool,1,asset,keyword
major residential area and census enumeration area,1,other,fallback_other
major river basin,1,local_units,keyword
map grid or point (mobile); commune (fixed),1,asset,keyword
mast points; zone polygons,1,asset,keyword
measure and risk factor,1,other,fallback_other
measurement link or site,1,asset,keyword
measurement locations on the national waters,1,asset,keyword
measurement point,1,asset,keyword
measurement point along routes,1,asset,keyword
measurement points along routes and at sites,1,asset,keyword
measurement points or segments,1,asset,keyword
measurement sites and road segments,1,asset,keyword
member state (aggregated),1,regional_units,keyword
"meter (CRAC, rack, UPS, network room)",1,asset,keyword
"microdata geocoded to department, census section, census segment, locality, Montevideo barrio and CCZ, and municipality (MUNICIPIO_136); tables for the country, Montevideo and the interior by urban and rural area",1,asset,keyword
mine (site level),1,asset,keyword
mine and lease tract,1,asset,keyword
mine feature polygon,1,asset,keyword
mine feature polygon from 10 m imagery,1,10m_to_100m,number
mine footprint polygon (Landsat and Sentinel-2 based),1,asset,keyword
mine or deposit point and district polygon,1,asset,keyword
mine process station,1,asset,keyword
mine site points,1,asset,keyword
mine waste feature,1,asset,keyword
"mine, city and state",1,asset,keyword
"mine, deposit and mineral region",1,asset,keyword
mineral particle,1,other,fallback_other
minimum mapping unit 0.25 to 1 ha; street trees from 500 m2,1,asset,keyword
mining polygon,1,asset,keyword
mining right polygon,1,asset,keyword
mining title polygon,1,asset,keyword
monitoring site,1,asset,keyword
mostly 0.5 degree global grid,1,over_10km,number
multiple flow and pressure sensing points in one district network,1,asset,keyword
multiple scales (maps and graphs),1,other,fallback_other
municipalities and 10 km grid cells,1,over_10km,number
municipality (11 Gemeinden) and national total,1,local_units,keyword
"municipality (Gemeinde, about 2,100 units)",1,asset,keyword
municipality (NIS code) by operator; rail network,1,asset,keyword
municipality (local self-government unit) and national total,1,asset,keyword
municipality (tariffs); national summaries with participating municipalities and treatment plants,1,asset,keyword
municipality and national,1,local_units,keyword
municipality and service provider,1,local_units,keyword
municipality for many series,1,local_units,keyword
municipality of residence (115 codes) by area of workplace (116 codes),1,local_units,keyword
municipality to municipality flows; commuter counts by municipality and higher units,1,asset,keyword
"municipality, administrative post and suco for population and households; housing tables by municipality and urban or rural area",1,asset,keyword
"municipality, province, autonomous community",1,local_units,keyword
"municipality, split into urban and rural areas",1,local_units,keyword
"municipality, with City of Skopje and national totals, and urban or rural; population, households and dwellings also by settlement (table T1501P21)",1,asset,keyword
named site,1,asset,keyword
national (EU27 Member States),1,regional_units,keyword
national (by operator),1,national,keyword
national (by sector),1,national,keyword
national (island) for tables LA2 to LA19; geozone for LA20,1,local_units,keyword
national (overseas départements for some series),1,national,keyword
national (respondent level),1,national,keyword
national (territories only in the full register),1,regional_units,keyword
national aggregate by cause and year,1,national,keyword
national aggregate by user cluster,1,national,keyword
national aggregates and participating utilities,1,national,keyword
national and 14 districts plus the Location settlement,1,asset,keyword
"national and 14 regions, each split into urban and rural (national chapter); separate report per region",1,regional_units,keyword
national and PADD regions,1,regional_units,keyword
national and State,1,regional_units,keyword
national and airport,1,asset,keyword
"national and by island (Anegada, Cooper Island, Great Camanoe, Jost Van Dyke, Tortola, Virgin Gorda, yachts)",1,national,keyword
"national and census districts, with urban and rural splits in some tables",1,local_units,keyword
"national and census region, by industry (NAICS)",1,regional_units,keyword
national and international macroeconomic variables; bank-level results,1,asset,keyword
"national and nine islands (Nanumea, Nanumaga, Niutao, Nui, Vaitupu, Nukufetau, Funafuti, Nukulaelae, Niulakita); 2022 report by island or major region",1,regional_units,keyword
"national and nine parishes (St. George's, Hamilton, Smith's, Devonshire, Pembroke, Paget, Warwick, Southampton, Sandys), with census district maps",1,local_units,keyword
national and parishes,1,local_units,keyword
national and provincial,1,regional_units,keyword
national and state (maps),1,regional_units,keyword
national and sub-national,1,local_units,keyword
national and urban or rural; population by province and department,1,regional_units,keyword
national and voivodeship,1,national,keyword
national by category,1,national,keyword
national by mode,1,national,keyword
"national by operator; outdoor, tunnel and in-building categories",1,asset,keyword
national by partner country,1,national,keyword
national by urban or rural area and province; separate workbooks for each of the 11 provinces,1,regional_units,keyword
"national by urban or rural area; selected tables and graphs by region (Agadez, Diffa, Dosso, Maradi, Tahoua, Tillabéri, Zinder, Niamey)",1,regional_units,keyword
national for housing tables; population also by region and zone and by 29 enumeration districts in 2011,1,local_units,keyword
national for most 2023 housing tables (population also by municipality); 2011 tables by urban and rural area and by prefecture,1,local_units,keyword
national grid references of stations,1,asset,keyword
national guidance,1,national,keyword
national load; four network sectors for covariates,1,national,keyword
national model grid (resolution stated in the product description),1,local_units,keyword
national raster grid of modelled noise levels,1,local_units,keyword
national split into municipal and non-municipal areas; clean drinking water share by region and 77 provinces,1,local_units,keyword
national tables in volume 3; district results in separate volumes; the REDATAM sample tabulates by the 10 districts,1,local_units,keyword
national to local government area and statistical area level 2,1,local_units,keyword
national totals,1,national,keyword
national totals and federal road sections,1,asset,keyword
national totals and per operator (47 major regional and large municipal operators in the annexes),1,local_units,keyword
national with regional breakdown,1,regional_units,keyword
"national, 10 provinces and rural or urban areas for housing tables; population and households by district and ward in a separate file",1,asset,keyword
"national, 10 provinces including Honiara, urban and rural",1,regional_units,keyword
"national, 10 provinces, districts and constituencies, each also split rural and urban",1,local_units,keyword
"national, 14 departments, municipalities and districts (codes id_depto, id_mun, id_distrito)",1,local_units,keyword
"national, 18 departments, urban and rural area; municipal volumes for 298 municipalities",1,local_units,keyword
"national, 24 governorates, 279 delegations and 2,082 sectors (imadas), each split into urban and rural",1,regional_units,keyword
"national, 7 provinces, 77 districts and 753 local levels (rural and urban municipalities)",1,local_units,keyword
"national, 9 provinces and districts answered by query; municipality and main place levels (about 14,000 main places) offered in the platform",1,local_units,keyword
"national, Ashgabat, five velayats, and cities and etraps (districts) within each velayat for building tables; urban and rural",1,asset,keyword
"national, by 6-digit NAICS or 4-digit SIC industry",1,national,keyword
"national, by NAICS industry",1,national,keyword
"national, by company group",1,asset,keyword
"national, by industrial branch and measure",1,national,keyword
"national, by industrial sector",1,national,keyword
"national, by industrial source category",1,national,keyword
"national, by manufacturing sector",1,national,keyword
"national, by process",1,national,keyword
"national, by provider",1,national,keyword
"national, by provider and package",1,national,keyword
"national, by region, port and waterway",1,asset,keyword
"national, by service and cause",1,national,keyword
"national, by source country and AS",1,asset,keyword
"national, by technology and provider",1,national,keyword
"national, cross-tabulated by type of dwelling; population tables by parish",1,local_units,keyword
"national, districts, and kampung (villages) for housing unit counts",1,asset,keyword
"national, divisions, districts and villages",1,local_units,keyword
"national, federal entities, municipalities and about 1,128 parishes (UBIGEO codes)",1,local_units,keyword
"national, macroregions, development regions, counties, urban and rural; table 7.12 to each municipality, town and commune",1,local_units,keyword
"national, operator and network",1,national,keyword
"national, port and railroad",1,asset,keyword
"national, province and district, often split urban and rural; population also by sector",1,local_units,keyword
"national, province and road section",1,asset,keyword
"national, provinces, urban and rural",1,regional_units,keyword
"national, region and district",1,local_units,keyword
"national, region and sub-region in volume 1; county, subcounty and parish in each sub-region profile",1,local_units,keyword
"national, region and urban or rural; household distribution also by prefecture, sub-prefecture and arrondissement",1,asset,keyword
"national, regional and train run",1,regional_units,keyword
"national, regional, plant scale and process",1,asset,keyword
"national, regional, settlement unit and station",1,asset,keyword
"national, regional, urban and rural",1,regional_units,keyword
"national, regions and states",1,regional_units,keyword
"national, regions, councils and wards (annex tables in each regional report)",1,local_units,keyword
"national, six districts of São Tomé (Água Grande, Cantagalo, Caué, Lembá, Lobata, Mé-Zóchi) and the Autonomous Region of Príncipe",1,local_units,keyword
"national, some provincial breakdowns",1,regional_units,keyword
"national, some state breakdowns",1,regional_units,keyword
"national, state and county",1,local_units,keyword
"national, state and industry (NAICS) level",1,regional_units,keyword
"national, state, county",1,local_units,keyword
"national, state, county and congressional district",1,local_units,keyword
"national, state, county and metropolitan series; international series",1,local_units,keyword
"national, urban and rural, 6 socio-economic regions and each province or city",1,local_units,keyword
"national, urban and rural, Port Vila and Luganville, six provinces and area councils",1,asset,keyword
"national, urban and rural, and nine regions including the Autonomous Sector of Bissau",1,regional_units,keyword
"national, urban and rural, and provinces (province tables PT 01 to PT 23)",1,regional_units,keyword
"national, urban and rural; results text also by department",1,regional_units,keyword
"national, with company and mine (faena) detail for some tables",1,asset,keyword
"national, with some global studies",1,national,keyword
"national, with state-level structures",1,regional_units,keyword
"national, with urban and rural and some subnational and wealth breakdowns; regional and global aggregates",1,local_units,keyword
national; access type,1,national,keyword
national; by operator,1,national,keyword
national; department,1,regional_units,keyword
national; department (fibre),1,regional_units,keyword
national; governorate (broadband),1,regional_units,keyword
national; hotspot points,1,asset,keyword
national; island,1,national,keyword
national; operator; region (QoS),1,regional_units,keyword
national; provider,1,national,keyword
national; region and community type,1,regional_units,keyword
national; regional (inferred),1,regional_units,keyword
national; selected tables by the 14 villages,1,local_units,keyword
national; service,1,national,keyword
national; some cities,1,local_units,keyword
national; some prefecture or regional tables,1,regional_units,keyword
"nationwide, localities and statistical areas (about 3,380 rows)",1,local_units,keyword
native GCM grids (typically about 100 to 250 km),1,over_10km,number
neighbourhood (address search) and facility,1,asset,keyword
"neighbourhood (buurt) polygons, with geozone codes",1,asset,keyword
network and département,1,national,keyword
"network components (pipes, nodes, pumps, tanks)",1,asset,keyword
network connection,1,national,keyword
network flow,1,national,keyword
network flow and packet,1,national,keyword
network link and asset,1,asset,keyword
network link and zone,1,asset,keyword
network links and zones,1,asset,keyword
network location,1,asset,keyword
network nodes and pipes of benchmark networks,1,asset,keyword
network nodes and pipes of three benchmark systems,1,asset,keyword
network sections,1,national,keyword
"network sections and point nodes (ports, airports, terminals, urban nodes)",1,asset,keyword
"network segments and point facilities, typically 1:24,000 to 1:100,000",1,10m_to_100m,map_scale
network segments in 75 municipalities (cycling),1,asset,keyword
nine major dams; 18 major river basins,1,asset,keyword
node,1,asset,keyword
node and job,1,asset,keyword
node and link level of 36 benchmark networks,1,asset,keyword
"node, rack and facility plant",1,asset,keyword
"nodes, links, lanes and movements (any network)",1,asset,keyword
none (guidance),1,other,fallback_other
none (international standard),1,national,keyword
none (national),1,national,keyword
none (no locations),1,non_spatial,keyword
none (synthetic population),1,other,fallback_other
none published (location removed),1,asset,keyword
not applicable (advisory level),1,not_stated,not_stated
not applicable (catalogue),1,not_stated,not_stated
not applicable (catalogue); records each dataset's resolution,1,not_stated,not_stated
not applicable (component curves),1,not_stated,not_stated
"not applicable (data model); sampling sites, sewersheds and treatment plants are entities in it",1,not_stated,not_stated
not applicable (data standard),1,not_stated,not_stated
not applicable (internet addresses),1,not_stated,not_stated
not applicable (intervention list),1,not_stated,not_stated
not applicable (laboratory testbed),1,not_stated,not_stated
not applicable (synthetic messages),1,not_stated,not_stated
not applicable (vocabulary),1,not_stated,not_stated
not spatial (catalogue entries with spatial extent),1,non_spatial,keyword
not spatial (catalogue),1,non_spatial,keyword
not spatial (models of many places),1,non_spatial,keyword
not spatial (per unit process),1,non_spatial,keyword
not spatial (standard),1,non_spatial,keyword
not specified in the metadata read,1,not_stated,not_stated
not stated,1,not_stated,not_stated
not stated in the Zenodo record,1,not_stated,not_stated
not stated in the metadata,1,not_stated,not_stated
not stated in the metadata read,1,not_stated,not_stated
not stated in the record,1,not_stated,not_stated
not stated on the page read (Landsat based),1,not_stated,not_stated
not stated on the page read (Sentinel-2 and Landsat composites),1,not_stated,not_stated
not stated on the page read (administrative areas),1,not_stated,not_stated
not stated on the page read (high resolution),1,not_stated,not_stated
not stated on the page read (high-resolution imagery),1,not_stated,not_stated
"oblast and the cities of Bishkek and Osh, urban and rural; census books by district and settlement",1,local_units,keyword
observation site and sensor depth,1,asset,keyword
occurrence or deposit,1,asset,keyword
one laboratory testbed,1,asset,keyword
one link,1,asset,keyword
one monitoring site,1,asset,keyword
"one point per reservoir (major outflow), for models with cells of hundreds of metres to hundreds of kilometres",1,asset,keyword
one row per dam and its reservoir catchment,1,asset,keyword
one simulated fermenter,1,other,fallback_other
"operating points, line sections and individual structures",1,asset,keyword
operational points and sections of line,1,asset,keyword
operator and municipality,1,local_units,keyword
"operator, vessel, terminal and segment",1,asset,keyword
operator; district or route,1,asset,keyword
"operators, regions and stations",1,asset,keyword
orbital shell,1,asset,keyword
outbreak location,1,asset,keyword
"over 1,500 gauging stations and their catchments",1,asset,keyword
"over 2,500 HUC8 watersheds and counties",1,local_units,keyword
over twenty river and lake basins,1,local_units,keyword
"owner and operator, municipality, cadastral area and region",1,local_units,keyword
packet and device,1,other,fallback_other
"pan-European (1:1,000,000) to national scales, varies by layer",1,100m_to_1km,map_scale
parcel,1,asset,keyword
parcel (from meter-level imagery),1,asset,keyword
parcel (predio) level in surveyed municipalities,1,asset,keyword
"parish (nine on St Kitts, five on Nevis), with island and federation totals",1,local_units,keyword
"parish (six parishes, with the Town of St. George shown separately, and Carriacou and Petite Martinique)",1,local_units,keyword
parish for the property stock; postcode unit for the electronic census spreadsheet,1,asset,keyword
parish; population also by vingtaine and electoral district,1,local_units,keyword
park,1,other,fallback_other
park and host country,1,asset,keyword
participating service providers,1,other,fallback_other
participating sewage treatment plants (nearly 150 locations in 40 states),1,asset,keyword
participating water and sanitation providers,1,other,fallback_other
participating water utilities and national totals,1,national,keyword
path level,1,other,fallback_other
"per Whitebox, de-identified",1,other,fallback_other
per failure event,1,asset,keyword
per investigation (incident sites in the US),1,asset,keyword
per mine (with location fields),1,asset,keyword
per observatory,1,other,fallback_other
per satellite,1,other,fallback_other
permission polygons (historic maps 1:25 000),1,10m_to_100m,map_scale
permit area polygon,1,asset,keyword
permit location,1,asset,keyword
permitted facility and event,1,asset,keyword
permitted site,1,asset,keyword
petrochemical sites,1,asset,keyword
pipe inspection video,1,asset,keyword
plan scale varies,1,varies,keyword
planetary index,1,other,fallback_other
plant (address),1,asset,keyword
plant (exact or approximate location),1,asset,keyword
plant (latitude and longitude),1,asset,keyword
plant and production unit,1,asset,keyword
plant points with estimated outfall locations on the HydroRIVERS network,1,asset,keyword
"plant, county, city and province",1,asset,keyword
plantation polygons from 30 m Landsat and finer imagery,1,10m_to_100m,number
plot to region,1,asset,keyword
pod and node,1,asset,keyword
"point and line features, national layers (Sri Lanka at 1:250,000)",1,100m_to_1km,map_scale
point and parcel,1,asset,keyword
point and polygon,1,asset,keyword
"point and polygon features digitised from 1:24,000 and other historical topographic maps",1,10m_to_100m,map_scale
point clouds along a highway segment,1,asset,keyword
point location per facility,1,asset,keyword
point location per mine,1,asset,keyword
point location per mine or complex,1,asset,keyword
point locations,1,asset,keyword
point locations of deposits and mines,1,asset,keyword
point locations of drain and canal water level sensors,1,asset,keyword
point locations of reports,1,asset,keyword
point of presence (city) nodes,1,asset,keyword
"point pedon locations (over 65,000 US sites and about 2,100 international)",1,asset,keyword
point per deposit and mine,1,asset,keyword
point per facility and installation,1,asset,keyword
point per mine and tailings facility,1,asset,keyword
point per mine or facility,1,asset,keyword
"point per mine where known, otherwise administrative unit",1,asset,keyword
point per plant or facility,1,asset,keyword
point per project or mine,1,asset,keyword
point per site,1,asset,keyword
point reports on a map; monthly counts by governorate,1,asset,keyword
point samples,1,asset,keyword
point soil profiles and samples,1,asset,keyword
point track positions (typically 3-hourly),1,asset,keyword
"point, building and campus footprints",1,asset,keyword
policy,1,other,fallback_other
"political district (Bezirk, 117 units) and Austria total",1,asset,keyword
polygon,1,asset,keyword
polygons by flood depth rank; positional accuracy stated as 25 m,1,10m_to_100m,number
"polygons digitised from 10 m Sentinel-2; grids at 30 arc-seconds, 5 and 30 arc-minutes",1,10m_to_100m,number
polygons digitised on high-resolution basemap imagery,1,asset,keyword
polygons; points (user measurements); county and municipality,1,asset,keyword
port and airport point,1,asset,keyword
port and port asset,1,asset,keyword
port facilities,1,asset,keyword
port point,1,asset,keyword
port points and port area lines,1,asset,keyword
ports and port statistical areas,1,asset,keyword
ports and routes,1,asset,keyword
"postal code area (3,018 areas in 2026) with polygon boundaries",1,asset,keyword
"postcode (North America), airport stations (Europe, Japan)",1,asset,keyword
"postcode, output area, local authority, nation",1,local_units,keyword
prefix and AS,1,asset,keyword
premises,1,asset,keyword
process type,1,other,fallback_other
production jobs,1,other,fallback_other
production line stations,1,asset,keyword
project,1,other,fallback_other
project (country),1,national,keyword
"project address, geocoded points",1,asset,keyword
project and corridor,1,other,fallback_other
project and state,1,regional_units,keyword
project sites,1,asset,keyword
property,1,other,fallback_other
provider and affected area,1,other,fallback_other
provider and service,1,other,fallback_other
"province (31 provincial units) with city, town and rural splits; some tables national only",1,asset,keyword
province (31 regions) by 39 industrial sectors,1,regional_units,keyword
province (81),1,regional_units,keyword
province and autonomous community,1,regional_units,keyword
province and below (not stated on the page read),1,not_stated,not_stated
province and metro (QoS); national,1,regional_units,keyword
province and mine,1,asset,keyword
province and river basin,1,local_units,keyword
province or department,1,regional_units,keyword
"province, canton and district identifiers",1,local_units,keyword
province; locality (fixed internet),1,local_units,keyword
province; urban and rural; census metropolitan area in some cycles,1,local_units,keyword
rack rear sensor positions; CFD mesh,1,asset,keyword
rail line segment and station point,1,asset,keyword
"rail network sections, stations, level crossings and tunnels",1,asset,keyword
railroad and major terminal,1,asset,keyword
railroad segments,1,asset,keyword
railway company,1,asset,keyword
railway lines,1,asset,keyword
"railway sections and stations (national, base map scale 1:25,000)",1,10m_to_100m,map_scale
raster grid; building address; 1 km cells,1,1km_to_10km,number
"raster, not stated",1,not_stated,not_stated
receiver site,1,asset,keyword
receiver stations,1,asset,keyword
"reference points, links and counting stations",1,asset,keyword
reference stations and service area grid,1,asset,keyword
refinery and process unit,1,asset,keyword
refinery fenceline monitor,1,other,fallback_other
refinery point; 15 world regions for trade,1,asset,keyword
region,1,regional_units,keyword
region and district; separate district reports,1,local_units,keyword
"region and urban or rural area in the housing report; commune and locality (village, fraction, quarter) for population in the directory",1,local_units,keyword
region and urban or rural area in the report; household records in the 10 percent sample,1,asset,keyword
"region, local authority and constituency",1,local_units,keyword
"region, municipality or municipal district, section, and barrio or paraje",1,local_units,keyword
"region, process, technology and plant scale",1,asset,keyword
"region, stop and route",1,asset,keyword
region; operator and offer,1,regional_units,keyword
regional and country groups,1,regional_units,keyword
regional and facility,1,asset,keyword
regional map scale,1,regional_units,keyword
regional maps,1,regional_units,keyword
"regions, departments and ports",1,asset,keyword
reporting country by counterparty country,1,national,keyword
"republic and its regions (Dushanbe, Sughd, Khatlon and Badakhshan appear in Table 5), urban and rural",1,regional_units,keyword
"republic, regions, areas and cities or municipalities, each split into urban and other settlements; housing unit counts by settlement in table T1",1,asset,keyword
reservoirs and demand nodes of the Upper Krishna River Basin model,1,asset,keyword
"residence country, NUTS 2, NUTS 3 and municipality (LAU)",1,local_units,keyword
restriction zone,1,local_units,keyword
river kilometre,1,other,fallback_other
river reach and basin,1,local_units,keyword
river reaches and coastal areas designated in the preliminary flood risk assessment; map sheets,1,other,fallback_other
road and rail centrelines,1,asset,keyword
road arcs and junction arcs of the ANAS network,1,asset,keyword
road centre lines,1,asset,keyword
road edges; 30 m elevation; flood hazard polygons,1,10m_to_100m,number
"road element, station and route",1,asset,keyword
road event,1,asset,keyword
"road lines digitised at 1:25,000",1,10m_to_100m,map_scale
road link,1,asset,keyword
"road links at 1:1,250 to 1:10,000",1,under_10m,map_scale
"road links, public transport lines and traffic zones of the Istanbul model",1,asset,keyword
"road links; 4,620 municipality associations",1,asset,keyword
"road section, station and train",1,asset,keyword
"road section, station, airport and port",1,asset,keyword
road sections (wegvakken) and hectometre points,1,asset,keyword
road sections between reference posts,1,asset,keyword
road sections by commissioning phase,1,asset,keyword
road segment and country,1,asset,keyword
road segment and zone,1,asset,keyword
road segments,1,asset,keyword
road segments and junctions,1,asset,keyword
road segments from 10 m imagery,1,10m_to_100m,number
road segments; density rasters at 5 arcminutes,1,1km_to_10km,number
"roads, detectors and trips",1,asset,keyword
route and stop,1,asset,keyword
route collector,1,asset,keyword
route lines,1,asset,keyword
route section and facility,1,asset,keyword
route sections,1,asset,keyword
route segment,1,asset,keyword
route segment and asset,1,asset,keyword
"route, building and station",1,asset,keyword
"routes, stops and inter-station segments in 351 cities",1,asset,keyword
"routes, stops and road categories",1,asset,keyword
"routes, stops and terminals",1,asset,keyword
"runout regions, depth and arrival-time points",1,asset,keyword
"rural community, water system and service provider",1,national,keyword
rural roads by district,1,asset,keyword
sample,1,other,fallback_other
sample location,1,asset,keyword
sample locations,1,asset,keyword
satellite,1,other,fallback_other
satellite and orbit,1,asset,keyword
satellite and station,1,asset,keyword
satellite network and orbital position,1,asset,keyword
scheme polygons and monitoring points,1,asset,keyword
seamarks and ports,1,asset,keyword
second or third administrative level (municipality or district),1,local_units,keyword
sector (4-digit ISIC),1,other,fallback_other
sector (pseudonymised),1,other,fallback_other
segmentation of imagery under 5 m,1,under_10m,number
segments and connectors,1,asset,keyword
sensor site,1,asset,keyword
"sensors, stations, trains and vessels",1,asset,keyword
server site,1,asset,keyword
service,1,other,fallback_other
service and country,1,national,keyword
service area,1,other,fallback_other
service area polygons; non-community systems mapped at parcel level,1,asset,keyword
service provider and reporting region,1,regional_units,keyword
"seven regions (Norðoyar, Eysturoy, North and South Streymoy, Vágar, Sandoy, Suðuroy); post districts for commuting",1,local_units,keyword
several geographic summary levels (not listed on the page read),1,other,fallback_other
ship track positions,1,other,fallback_other
shipment and bill of lading level,1,other,fallback_other
shipment and company level,1,asset,keyword
shipment records,1,other,fallback_other
sidewalk and crossing edges,1,other,fallback_other
sidewalk nodes and links,1,asset,keyword
silo,1,other,fallback_other
single cable system,1,national,keyword
single conveyor,1,other,fallback_other
single production line,1,asset,keyword
single receiver sites,1,asset,keyword
single simulated plant,1,asset,keyword
site (Italy); industrial class and municipality (South Tyrol),1,asset,keyword
site (point),1,asset,keyword
site (problem area),1,asset,keyword
site coordinates,1,asset,keyword
site coordinates; district and village,1,asset,keyword
"site locations (mines, concentrators, refineries, smelters, manufacturers, market hubs)",1,asset,keyword
site point,1,asset,keyword
site points (ITM),1,asset,keyword
site points (postcode),1,asset,keyword
site points and licence polygons,1,asset,keyword
site polygons,1,asset,keyword
"site, with up to 80 m uncertainty",1,10m_to_100m,number
"six districts (Corozal, Orange Walk, Belize, Cayo, Stann Creek, Toledo), each split into urban and rural",1,local_units,keyword
"six districts (George Town, West Bay, Bodden Town, North Side, East End, Sister Islands)",1,local_units,keyword
"soil survey map units (typically 1:12,000 to 1:24,000)",1,under_10m,map_scale
space object,1,asset,keyword
spacecraft,1,asset,keyword
spatially explicit (unit not stated on the page read),1,not_stated,not_stated
state (16 states and Malaysia),1,regional_units,keyword
state and operator,1,regional_units,keyword
state and province,1,regional_units,keyword
"state, areas, regions, districts and 2,927 municipalities or urban parts in the CSV files; 49,969 inhabited 1 km grid cells in the feature service",1,1km_to_10km,number
"state, by manufacturing subsector",1,regional_units,keyword
"state, cohesion region, region, district, administrative district of municipality with extended powers, municipality, city district; population and occupied dwellings also for basic settlement units (ZSJ)",1,asset,keyword
"state, with the San Joaquin Valley separately",1,regional_units,keyword
"state-reported units (points of diversion, sites, service areas)",1,asset,keyword
state; person and household microdata,1,asset,keyword
states and CFS areas; origin and destination of sampled shipments,1,regional_units,keyword
"states, air navigation service providers, airports and airspace entities",1,asset,keyword
station (over 215 active stations),1,asset,keyword
station (precision not checked),1,asset,keyword
station and dam points; aquifers; municipalities,1,asset,keyword
station and site coordinates,1,asset,keyword
station coordinates and areas,1,asset,keyword
station points,1,asset,keyword
station service area (TSA),1,asset,keyword
station variables,1,asset,keyword
"station, line and route",1,asset,keyword
"station, municipality and operator",1,asset,keyword
"station, reservoir and flood mark points; basins",1,asset,keyword
"station, sampling point, commune or service",1,asset,keyword
stations and individual vehicles,1,asset,keyword
stations and infrastructure objects,1,asset,keyword
stations and train runs,1,asset,keyword
stations and train services,1,asset,keyword
stations and trip start and end points,1,asset,keyword
stations of the national hydrological network,1,asset,keyword
"stations, facilities and network lines",1,asset,keyword
"stations, platforms, stops and itineraries; transport zones down to 1,259 zones",1,asset,keyword
"stations, track segments and train runs",1,asset,keyword
"statistical subsections (quarteirões in urban areas, places or parts of places in rural areas), sections, parishes, places and 1 km grid",1,1km_to_10km,number
stop and route,1,asset,keyword
stop and vehicle,1,asset,keyword
"stop, line and road corridor",1,asset,keyword
"stop, route edge and neighbourhood",1,asset,keyword
stops and routes of each operator,1,asset,keyword
stops and stop-to-stop connections within city bounds,1,asset,keyword
stops and vehicle positions,1,asset,keyword
"stops, car parks, count sites and network links",1,asset,keyword
"stops, lines and routes",1,asset,keyword
"stops, lines and stations",1,asset,keyword
"stops, lines and vehicle positions",1,asset,keyword
"stops, road segments, car parks and charging points",1,asset,keyword
"stops, stations, routes and vehicle positions",1,asset,keyword
"storages, river gauges, bores and catchments of the Basin",1,asset,keyword
street,1,asset,keyword
street and trail segment,1,asset,keyword
street arcs with address ranges,1,asset,keyword
"street blocks, intersections, sidewalks and curbs",1,asset,keyword
street segment and point,1,asset,keyword
street segments and 29 regions,1,asset,keyword
structure (coordinates),1,asset,keyword
structure location,1,asset,keyword
structure locations,1,asset,keyword
study site or country,1,asset,keyword
sub-national administrative unit,1,asset,keyword
subdistrict and district,1,local_units,keyword
subnational administrative unit,1,asset,keyword
"supply zone (zona de abastecimiento), not larger than a province",1,local_units,keyword
survey points,1,asset,keyword
"surveyed river and estuary cross-sections; lidar and aerial imagery of communities, rivers and estuaries",1,local_units,keyword
synthetic Net3 pipe network,1,asset,keyword
synthetic persons and homes; depot locations,1,asset,keyword
taxi zones (pick-up and drop-off),1,local_units,keyword
taxiway network,1,national,keyword
"terminal, sub-district, district and province",1,asset,keyword
"territory and five subdivisions (Îles du Vent, Îles Sous-le-Vent, Marquises, Australes, Tuamotu-Gambier); commune and island sheets are listed but their file links returned 404 from the cloud",1,asset,keyword
"territory, Wallis and Futuna islands, the districts of Hahake, Hihifo and Mua and the circonscriptions of Alo and Sigave",1,local_units,keyword
"territory, treaty and language polygons",1,asset,keyword
territory-wide,1,regional_units,keyword
territory-wide totals; individual impounding reservoirs; 18 districts for water quality monitoring,1,asset,keyword
territory-wide; external capacity by destination,1,regional_units,keyword
test location (where supplied),1,asset,keyword
test locations where shared,1,asset,keyword
test locations where shared (not checked),1,asset,keyword
test sites and receiver positions,1,asset,keyword
test specimen,1,other,fallback_other
testbed,1,asset,keyword
testbed network,1,asset,keyword
testbed network and devices,1,asset,keyword
testbed with two base stations,1,asset,keyword
three sensor nodes on three production farms,1,asset,keyword
three-mile fenceline zones around facilities,1,asset,keyword
"tikina (86 polygons with ADM3 codes), with urban and rural splits",1,asset,keyword
title and area polygons,1,asset,keyword
title polygon,1,asset,keyword
"topographic maps 1:25,000 to 1:250,000; city plans 1:5,000 to 1:10,000",1,10m_to_100m,map_scale
tower (point),1,asset,keyword
tower design (not site-specific),1,asset,keyword
tower location,1,asset,keyword
towns and settlement groups by municipality (utility sales); districts and town or village (dwellings),1,local_units,keyword
township and district; county by operator,1,local_units,keyword
track links and point assets on the national reference network,1,asset,keyword
track positions; base station points,1,asset,keyword
"track segments at 1:24,000 or better in the United States",1,10m_to_100m,map_scale
"track segments, crossings and stations",1,asset,keyword
"track segments, operational points and stations",1,asset,keyword
"tracks, stations and signals",1,asset,keyword
train stations,1,asset,keyword
transaction,1,other,fallback_other
"transit agency, mode and urbanised area",1,other,fallback_other
"transmitter coordinates (FM, AM); township (TV)",1,asset,keyword
transmitter location or market area,1,asset,keyword
transmitter locations,1,asset,keyword
transmitter points with azimuth,1,asset,keyword
transmitter site (point) and coverage polygons,1,asset,keyword
trip and vehicle,1,asset,keyword
urban AGEB (basic geostatistical area) and urban block (manzana); localities in ITER,1,local_units,keyword
urban areas,1,local_units,keyword
urban centres,1,other,fallback_other
urban local body (city),1,local_units,keyword
utility (tariffs); country (survey),1,national,keyword
"utility networks, service areas and provider locations",1,asset,keyword
"varies by census; online databases usually tabulate to municipalities, parishes, districts or enumeration areas; microdata carry the national geographic codes",1,varies,keyword
vector layers per dam,1,asset,keyword
"vehicle trajectories and survey measurements along 1,796 km of roads",1,1km_to_10km,number
vehicles and trips,1,asset,keyword
"ventilation shaft, gob well and mine",1,asset,keyword
vessel positions and port calls,1,asset,keyword
"vessel positions, events and gridded activity",1,asset,keyword
"vessel, terminal and shipment",1,asset,keyword
video frames from 66 scenes,1,other,fallback_other
"village (8,499 rows in 146 districts and 18 provinces)",1,local_units,keyword
village (from a 5 km grid),1,1km_to_10km,number
village or neighbourhood within each administrative region; region in the compendium,1,local_units,keyword
virtual machine and function,1,asset,keyword
virtual testbed,1,asset,keyword
wastewater system collection area,1,national,keyword
wastewater treatment facility,1,asset,keyword
"water and sanitation operator (OOAPAS), mostly municipal",1,local_units,keyword
water and sewerage administration of each metropolitan municipality,1,local_units,keyword
"water bodies within operational catchments, management catchments and 10 river basin districts",1,local_units,keyword
water company (England and Wales),1,asset,keyword
"water level stations, listed by state",1,asset,keyword
water service provider (utility),1,national,keyword
"water service, treatment works and commune (service composition by commune)",1,asset,keyword
"water supply service area polygons and treatment plant points, by prefecture",1,asset,keyword
"waterway links and nodes (ports, confluences, terminals)",1,asset,keyword
"waterway objects (locks, berths, bridges, fairways)",1,asset,keyword
waterway objects and sections,1,asset,keyword
weather station,1,asset,keyword
world regions,1,regional_units,keyword
"zone and hospital, as named in the published fields",1,asset,keyword
"Águeda River near the city, Portugal; repository geographic bounding box",1,local_units,keyword
Åland and its municipalities (17 values in the dwelling tables); Åland totals for the buildings heat source table,1,asset,keyword
